"video_id","title","description","tags","published_at","channel_title","channel_id","category_id","duration","view_count","like_count","comment_count","language"
"wNV3BbQ7LU4","Femminicidio Martina Carbonaro, uccisa dall'ex a 14 anni: ""Era mia nipote, non si può morire così""","È stato rinvenuto il corpo senza vita di Martina Carbonaro, la 14enne scomparsa lunedì ad Afragola (Napoli). Era nella ex casa del custode del campo Moccia. Sul luogo del ritrovamento alcuni residenti sono andati a portare un fiore per la giovane ragazza uccisa. ""Nessuno si aspettava una cosa del genere - racconta lo zio di Martina in lacrime - quando è scomparsa ci siamo messi tutti a cercarla e poi la sera abbiamo ricevuto questa orribile notizia"".

https://www.fanpage.it/napoli/martina-carbonaro-colpita-con-una-pietra-in-testa-dallex-fidanzato-che-poi-ha-nascosto-il-cadavere/",NA,"2025-05-28T11:06:59Z","Fanpage.it","UCWJhBqnyVdHAuxexgjghNFw","25","PT2M25S","57258","729","608",NA
"8Ee__WzDHj4","In esclusiva al Tg1 le ultime immagini di Martina Carbonaro e Alessio Tucci prima del femminicidio","Le immagini mandate in onda in esclusiva dal Tg1 raccontano i minuti prima del femminicidio di Martina Carbonaro. La ragazza di 14 anni passeggia ad Afragola insieme con un'amica, poi arriva Alessio Tucci, l'ex fidanzato reo confesso del femminicidio.
 
#MartinaCarbonaro #AlessioTucci #femminicidio",NA,"2025-05-29T10:01:19Z","La Repubblica","UC9ePmjVRHLL8x8vq5fOKflg","1","PT34S","355219","1992","194","it"
"sUKj19zdSNA","Femminicidio di Martina, l'intervista ai genitori - Porta a Porta 29/05/2025","Scopri gli ultimi video in evidenza di Playlist24 su www.raiplay.it - ""Mai nessun sospetto, era innamoratissima di lui, che era molto geloso, ma lo voleva lasciare. Solo una volta Martina ci ha detto di aver ricevuto uno schiaffo da Alessio. L'abbiamo tenuto in casa con noi come un figlio"". Parlano i genitori di Martina Carbonaro, la 14enne uccisa da Alessio Tucci, di 17 anni, ad Afragola. Ma di fronte a questo delitto ci si interroga anche sull'età della vittima, che a 12 anni aveva già una storia d'amore importante con quello che poi diventerà il suo carnefice, considerato ""come un figlio"" dai suoi genitori.","Martina Carbonaro;Alessio Tucci;femminicidio;omicidio;fidanzato;genitori;intervista;vittima;carnefice;Porta a Porta;Rai1;RaiPlay","2025-05-30T10:22:46Z","Rai","UCKUzdt2sELyxd6mz-bAx3bA","25","PT3M24S","62484","344","364","it"
"jr6x5TKed6I","Femminicidio Martina Carbonaro, il fidanzato confessa: ""L'ho uccisa perché mi aveva lasciato""","Martina Carbonaro sarebbe stata uccisa dall'ex fidanzato, di poco più grande di lei. Il ragazzo si chiama Alessio Tucci ed ha 19 anni è del luogo e farebbe il muratore. 
La 14enne di Afragola (Napoli) era scomparsa dal tardo pomeriggio di lunedi 26 maggio. Il giorno della sua scomparsa aveva detto alla madre che sarebbe uscita con un’amica a mangiare uno yogurt. Poi avrebbe incontrato l’ex fidanzato. Poco dopo, il silenzio. Nessuna risposta al telefono, nessun ritorno a casa.

La notizia nell'edizione del Tg La7 delle 20:00 di mercoledì 28 maggio 2025 👉 https://tg.la7.it/cronaca/martina-carbonaro-afragola-fidanzato-28-05-2025-238280

#tgla7",NA,"2025-05-28T18:32:15Z","TG La7","UCYj2t05uU65UrlI1f0OGhlg","24","PT2M29S","11888","98","168","it"
"dClGViKSdh0","Femminicidio Martina Carbonaro, cosa ha fatto Alessio Tucci dopo averla uccisa [LA RICOSTRUZIONE]","Nel provvedimento di fermo per il 19enne Alessio Tucci, reo confesso dell’omicidio della 14enne Martina Carbonaro ad Afragola (Napoli), viene ricostruito il comportamento del ragazzo nelle fasi immediatamente successive. 

00:00 - 00:44 - Introduzione
00:44 - Le chat cancellate sul telefono di Martina Carbonaro
01:24 - L'omicidio nel casolare del campo Moccia
02:15 - Tucci incastrato dalle telecamere



https://youmedia.fanpage.it/video/aa/aDhxZeSw48ToQxcR",NA,"2025-05-29T15:11:43Z","Fanpage.it","UCWJhBqnyVdHAuxexgjghNFw","25","PT3M16S","31574","324","211",NA
"AlWh27t9D6g","Femminicidi, Meloni: ""La storia di Martina mi ha lasciato senza fiato""","La premier da Astana: ""Le leggi ci sono, gli strumenti ci sono, il tema è più ampio e forse non lo stiamo capendo veramente"".

Iscriviti al canale: https://www.youtube.com/tgcom24

Tutte le news su: https://www.tgcom24.mediaset.it/","news;notizia;notizie;tgcom;tgcom24;mediaset;mediasettgcom;mediasettgcom24","2025-05-30T15:59:27Z","Tgcom24","UCmoMxFxfjHJIicCv1eV_tSA","25","PT2M54S","7098","161",NA,NA
"IN2c0mHh8GA","Il femminicidio di Martina Carbonaro, uccisa dall'ex a 14 anni - Nel Caso Te Lo Fossi Perso EP53","Nel caso te lo fossi perso, 28 maggio: Martina Carbonaro aveva appena 14 anni: è stata uccisa ad Afragola dall’ex fidanzato, appena 19enne, che non accettava la fine della relazione e l’autodeterminazione di lei. Quello di Martina Carbonaro è l’ennesimo femminicidio in Italia, in cui la vittima è giovanissima: non è più accettabile, ora serve fare educazione sessuale ed affettiva nelle scuole.

⭐️ Questo contenuto è esclusivo per gli abbonati a Fanpage.it, ma solo per i primi mesi puoi ascoltarlo gratis.

🔗 Abbonati ora: clicca qui https://fanpa.ge/pndmP per sostenere il nostro lavoro ed accedere a tutti i contenuti esclusivi.","fanpagemedia;fanpage.it;youmedia;fanpage","2025-05-28T16:00:36Z","Fanpage.it","UCWJhBqnyVdHAuxexgjghNFw","25","PT5M23S","9153","296","152","it"
"_N9dRt-VPz4","Il padre dell'assassino di Martina Carbonaro: “Chiedo perdono per mio figlio ma non lo abbandono”","Parla Domenico Tucci, il padre di Alessio, il 19enne fermato dai carabinieri per il femminicidio di Martina Carbonaro: “Mio figlio deve pagare, ma non lo abbandonerò”. L'uomo, che vive anche lui ad Afragola, era con la famiglia di Martina durante le ricerche, ignaro, racconta, di quanto stesse accadendo.

https://www.fanpage.it/napoli/martina-carbonari-il-papa-di-alessio-tucci-capisco-che-la-famiglia-non-vuole-le-scuse-non-abbandono-mio-figlio/",NA,"2025-05-29T17:01:00Z","Fanpage.it","UCWJhBqnyVdHAuxexgjghNFw","25","PT3M46S","99975","785","832",NA
"ko0ZPrlQ4c8","Femminicidio di Afragola, parla il padre dell'assassino - La vita in diretta 29/05/2025","Scopri gli ultimi video in evidenza di Playlist24 su www.raiplay.it  - ""Siamo distrutti, non riusciamo a farcene una ragione. Alessio non era violento, era un bravo ragazzo, ha perso la testa, ora pagherà per quello che ha fatto"". Parla Domenico Tucci, il padre del killer di Martina Carbonaro, che ricorda anche la notte tra il 26 e il 27 maggio in cui partecipò col figlio alle ricerche della ragazza scomparsa, e si rivolge alla fine ai genitori di Martina: ""Noi stiamo provando un dolore diverso dal loro, ma lo stesso stiamo soffrendo e soffriremo sempre"".","La vita in diretta;Martina Carbonaro;omicidio;femminicidio;Alessio;attualità;cronaca","2025-05-29T17:14:19Z","Rai","UCKUzdt2sELyxd6mz-bAx3bA","25","PT2M15S","67566","230","348","it"
"9Aj6FYUg968","FEMMINICIDIO: Uccisa a 14 anni | Dott. Valerio Rosso | LIVE 146","🔴 Alessio Tucci (19 anni) ha ucciso Martina Carbonaro (14 anni). Un fatto di cronaca nera che ci colpisce, ci destabilizza, ci lascia con mille domande. Ma in questo video non voglio cadere nella trappola dell’indignazione sterile o del moralismo da social. Ergastolo si i orgastolo no?…. Voglio provare a guardare sotto la superficie.

I dati ci dicono che, nel complesso, gli omicidi sono in calo da decenni. Eppure, quando il gesto arriva da un ragazzo giovane, istruito, apparentemente “normale”, qualcosa ci obbliga a chiederci cosa non stiamo vedendo.

⭐️ Parleremo di come sempre più spesso siano i giovani a essere coinvolti in relazioni estreme, segnate da dipendenza, idealizzazione e incapacità di affrontare il rifiuto. Proveremo a capire come i social media stiano plasmando l’alfabeto emotivo e relazionale delle nuove generazioni. E metteremo in discussione alcuni modelli culturali obsoleti: come il matrimonio o la convivenza pensati ancora come destino, possesso o prigione.

Infine, forse la riflessione più urgente: non ci servono solo “adulti responsabili”, ci servono coppie genitoriali significative, modelli affettivi che insegnino con l’esempio cosa significa amare senza possedere, lasciare andare senza distruggere.

Questo video non è una sentenza, ma un invito a pensare.
A guardare più in profondità.
Perché comprendere, oggi, è già un atto rivoluzionario.

⭐️ LIFESTYLE MEDICINE, entra nel nuovo progetto: @LifestyleMedicineOfficial ⭐️

⭐️ ""ADHD Consapevole"", psicoeducazione, Lifestyle Medicine e Mindfulness per persone ADHD: https://lifeology.it/adhd-consapevole/?utm_source=yt_organico&utm_medium=go&utm_campaign=sp ⭐️

⭐️ TRAPPOLE MENTALI, Test Gratuito: https://lifeology.typeform.com/test-trappole/?utm_source=yt_organico&utm_medium=go&utm_campaign=testtrappole ⭐️

⭐️ CHANGE - Scienza e Arte del CAMBIAMENTO: https://lifeology.it/change/?utm_source=yt_organico&utm_medium=go&utm_campaign=sp ⭐️

⭐️ ""La Scienza degli Integratori"", scopri qui: https://lifeology.it/la-scienza-degli-integratori/ ⭐️

⭐️ VIDEO LEZIONE GRATIS ""Perché le diete non funzionano: la verità su fame nervosa e perdita peso"", ACCEDI QUI: https://lifeology.it/nutrizionalmente-sq-main/?utm_source=yt_organico&utm_medium=go&utm_campaign=sq_videolezione ⭐️

⭐️ SCOPRI il NUOVO Coaching di Gruppo ""NutrizionalMente"" per cambiare il tuo rapporto con il cibo per sempre. Candidati tramite un colloquio qui: https://lifeology.it/nutrizionalmente/?utm_source=yt_organico&utm_medium=go&utm_campaign=sq_videolezione ⭐️

⭐️ Scopri il VideoCorso ""PREVENZIONE PRATICA"": https://lifeology.it/prevenzione-pratica/ ⭐️

⭐️ Vai alla VideoLezione Gratutia ""PREVENZIONE EFFICACE"": https://lifeology.it/prevenzione-sq/ ⭐️

⭐️ Scopri “BODY BRAIN ROUTINE”, il nuovo libro di Valerio Rosso, Gennaro Romagnoli e Marco Zamboni: https://lifeology.it/bodybrain-routine/ ⭐️

⭐️ Scopri MoveMotivation, un'esperienza trasformativa per far emergere e consolidare la motivazione all'attività fisica: https://lifeology.it/move-motivation/?utm_source=yt_ads_ret&utm_medium=mm_vale_1⭐️

⭐️ Scarica GRATIS la tua copia di “psiq: Lifestyle Principles” ⭐️ È un eBook che ti permetterà di scoprire i principi della Lifestyle Medicine e migliorare drasticamente la tua vita: https://psiq.it/lifestyle-principles/ ⭐️

⭐️Iscriviti subito a MINDFITNESS, un mini corso GRATUITO in cui imparerai delle strategie pratiche per ottimizzare il tuo cervello: https://psinel.com/br-iscrizione-mini-corso-mindfitness/ ⭐️

⭐️ Scopri “psiq: Salute Mentale: Istruzioni per l’uso”, il nuovo libro del Dr. Valerio Rosso: https://bit.ly/psiqVR oppure anche https://www.psiq.it ⭐️

⭐️ Accedi adesso GRATUITAMENTE alla VideoLezione ""La Verità Scientifica sugli Integratori"": https://lifeology.it/integratori-sq/  ⭐️ 

Il Dott. Valerio Rosso è un medico specialista in neuroscienze e un pioniere italiano nella divulgazione della medicina dello stile di vita, riconosciuto per il suo impegno nella diffusione on line di informazioni basate su evidenze scientifiche. 

Il Dott. Rosso è autore di numerosi articoli scientifici e divulgativi, e partecipa regolarmente a conferenze e meeting come relatore, condividendo le sue conoscenze sui benefici di una vita sana e attiva. 

La sua dedizione alla medicina preventiva e al miglioramento delle performance cognitive e fisiche lo ha reso un punto di riferimento nel campo. Con una visione olistica della salute, il Dott. Rosso promuove un approccio che combina dieta, esercizio fisico, gestione dello stress, relazioni, controllo dell'ambiente e lotta alle DIPENDENZE per ottimizzare la qualità della vita delle persone che lo seguono sul suo ecosistema digitale.","valerio rosso;psichiatria;neuroscienze;lifestyle medicine;psiq;lifeology;medico;medicina;medicina preventiva;vivere meglio;benessere biopsicosociale;salute;benessere;salute psicofisica;longevità;prevenzione;alimentazione;nutrizione;gestione dello stress;attività fisica;motivazione;valerio rosso medico;dipendenze;superare le dipendenze;stress nascosto;stress;martina carbonaro;alessio tucci;afragola;femminicidio","2025-05-30T07:54:15Z","Dott. Valerio Rosso","UCVyGg6yFJJAPVS9NT-vVPKQ","27","PT41M","25681","1363","231","it"
"O0bXEEapI1A","28 donne uccise in meno di 5 mesi nel 2025. #femminicidio #violenzasulledonne  #youtubeshorts","Ad oggi, l’Osservatorio ha registrato 28 femminicidi, 3 suicidi di donne, 1 suicidio di un ragazzo trans, 1 suicidio di una persona non binaria, 5 casi in fase di accertamento.  Si tratta di morti indotte da violenza di genere e eterocispatriarcale.

Inoltre, ci sono almeno altri 21 tentati femminicidi riportati nelle cronache online di media nazionali e locali e almeno un figlicidio, di un ragazzo ucciso dal padre in opposizione alla madre.

Fonte: Non Una di Meno

Ritengo inutile introdurre nuove leggi, dal momento che sarebbe sufficiente applicare quelle già esistenti. 

È il messaggio da dare ai nostri figli che va cambiato o potenziato.

A cominciare dall'evidenziare comportamenti che possono sembrare ""normali e accettati"", che in realtà rivelano fin da subito un potenziale epilogo tragico.

#donne #donna #educazone #famiglia #scuola #giuliacecchettin #martinacarbonaro","Violenza sulle donne;Violenza di genere;Femminicidio;Martina Carbonaro;Giulia Cecchettin","2025-05-31T09:01:04Z","Max Lavana - Hit Songs Covers & Co.","UC0F42QO4SBVvbxybcruPucQ","10","PT32S","1479","5","0",NA
"RpJopuOIsfE","Martina Carbonaro, Schlein a Meloni: Facciamo una legge insieme sul femminicidio","(Agenzia Vista) Roma, 29 maggio 2025 ""Martina Carbonaro aveva 14 anni, è stata ammazzata a sassate dal suo ex che poi l'ha nascosta in un armadio ad Afragola. Non possiamo continuare ad assistere a questa mattanza quotidiana di donne e di ragazze. La violenza di genere va fermata. Il problema culturale di questo Paese è che il patriarcato pervade la nostra società ed ha attecchito anche tra i più giovani. Per questo bisogna fare una grande battaglia culturale, educativa, che parta dalle scuole, altrimenti arriveremo sempre troppo tardi"". Così la segretaria del Pd, Elly Schlein, in un video pubblicato su Instragram. ""Mi rivolgo una volta ancora alla presidente del Consiglio Giorgia Meloni: almeno su questo, almeno per il contrasto alla violenza di genere, mettiamo da parte lo scontro politico e proviamo a far fare un passo avanti al Paese"", aggiunge. Ig Schlein Fonte: Agenzia Vista / Alexander Jakhnagiev",NA,"2025-05-30T07:31:47Z","Il Mattino","UCJw0V_0dwVahzRa-F6lOqew","25","PT1M10S","874","7","15",NA
"O9j0cJAePfE","Morire a 14 anni per femminicidio","Il programma di approfondimento quotidiano condotto da Lilli Gruber, con ospiti in studio e il punto di Paolo Pagliaro. 24a Edizione


 


Learn more about your ad choices. Visit megaphone.fm/adchoices (https://megaphone.fm/adchoices)",NA,"2025-05-28T20:10:52Z","La7 Attualità","UC2_ZJDH5PXEoJJz9zAvBuiA","24","PT32M58S","11193","163","36","it"
"FJCFJWcJ3-c","Femminicidio Martina Carbonaro, l'avvocato di Alessio Tucci: «L'ha colpita mentre era di spalle»","Femminicidio Martina Carbonaro, l'avvocato di Alessio Tucci: «L'ha colpita mentre era di spalle» 

  Il legale Mario Mangazzo racconta la dinamica dell'omicidio  (Corriere Tv).  Guarda il video su Corriere: https://video.corriere.it/femminicidio-martina-carbonaro-l-avvocato-di-alessio-tucci-l-ha-colpita-mentre-era-di-spalle-/bef671bd-3291-420d-a7c9-1d242660dxlk","Afragola;Alessio Tucci;Interni;Martina Carbonaro;corriere;corriere della sera;corriere della sera notizie;corriere della sera oggi;corriere della sera ultime notizie;corriere tv;femminicidio;news corriere","2025-05-30T14:08:27Z","Corriere della Sera","UC2lCxEqj8bfRfYbK1FNNNkQ","25","PT59S","6312","14","25",NA
"884zhwuoC5s","La madre di Martina Carbonaro: ""Ho rivisto mia figlia dentro un sacco della spazzatura""","La madre di Martina Carbone la 14enne uccisa ad Afragola dall'ex fidanzato 18enne Alessio Tucci, reo confesso: ""L’amore può finire, ma si può morire così?""

https://www.fanpage.it/napoli/femminicidio-martina-carbonaro-la-madre-lui-le-diede-uno-schiaffo-io-le-dissi-lascialo/","afragola;martina carbone","2025-05-28T14:07:17Z","Fanpage.it","UCWJhBqnyVdHAuxexgjghNFw","25","PT2M13S","66127","460","426",NA
"oRUVw_3mBSg","Femminicidio ad Afragola, la confessione dell'ex - La Vita in Diretta 28/05/2025","Scopri gli ultimi video in evidenza di Playlist24 su www.raiplay.it - Si chiamava Martina Carbonaro la quattordicenne uccisa con un masso dal diciottenne, suo ex fidanzato, Alessio Tucci che ha confessato il femminicidio. La ragazza era scomparsa ad Afragola, in provincia di Napoli. Il suo corpo era nascosto in un armadio coperto di detriti in un alloggio abbandonato del campo sportivo del centro campano e il suo ex aveva anche partecipato alle ricerche, collaborando con le forze di polizia, prima della sua confessione.","femminicidio;violenza contro le donne;minorenne uccisa;ragazza scomparsa;provincia di napoli;delitto;cronaca;omicidio ad afragola","2025-05-28T17:17:17Z","Rai","UCKUzdt2sELyxd6mz-bAx3bA","25","PT5M43S","56828","545","321","it"
"1Ultq7OBIBw","Femminicidio Martina Carbonaro, le lacrime dello zio: ""Non si può morire così a 14 anni""","",NA,"2025-05-29T12:20:10Z","Fanpage.it","UCWJhBqnyVdHAuxexgjghNFw","25","PT1M50S","52798","912","133",NA
"a1d7ct7Gkqk","Femminicidio 14enne, i genitori: «Tucci deve pagare. Martina bella come il sole»","«Deve pagare per quello che ha fatto, solo questo. La legge». Il padre di Martina Carbonaro, la 14enne di Afragola scomparsa e poi trovata morta in un edificio abbandonato, esce dalla stazione dei carabinieri accompagnato dalla madre della ragazza: «Martina era bella come il sole», dice. I genitori affermano di conoscere Alessio Tucci, il 19enne reo confesso del femminicidio, ma non si aspettavano questo epilogo. Entrambi saranno alla fiaccolata organizzata per questa sera dal comune di Afragola.


COPYRIGHT AGTW SRL ©
Per qualsiasi utilizzo in qualunque piattaforma (a titolo esemplificativo: televisione, web, evento ecc.) di questo video contattarci alla mail: redazione@agtw.it 

Tutti i nostri servizi: http://www.agtw.it

Entra nella nostra Community: https://www.youtube.com/c/AGTW_it/community

AGTW è un'agenzia specializzata nelle dirette video dei principali fatti di cronaca. Tra i nostri clienti: Corriere della Sera, Sky, La7, Mediaset.

Rimani connesso con AGTW:
👍 Facebook: https://www.facebook.com/AgenziaAgtw
📸 Instagram: https://www.instagram.com/agtw.it
🐦 Twitter: https://twitter.com/AGTW_it
❤️ Twitch: https://www.twitch.tv/agtw_it
📱 TikTok: https://www.tiktok.com/@agtw.it","notizie;notizie cronaca ultima ora;notizie dallitalia;notizie del giorno;notizie del giorno italia;notizie dellultima ora;notizie di oggi;notizie italia;notizie italiane;notizie italiane oggi;notizie oggi","2025-05-28T10:38:45Z","AGTW","UCW8yV-b66_gjJ9rTkt1rjcA","24","PT1M12S","19060","93","113",NA
"PjOQbUxrpLg","Femminicidio Martina Carbonaro, in 2mila alla fiaccolata - La vita in diretta 29/05/2025","Scopri gli ultimi video in evidenza di Playlist24 su www.raiplay.it - C'era uno striscione, davanti al corteo di duemila persone, perlopiù composto da giovanissimi di tutte l'età, ad Afragola, che è diventato anche uno slogan: ""L'amore non uccide"". In prima fila il sindaco della cittadina campana e i genitori di Martina Carbonaro, la 14enne uccisa barbaramente dall'ex fidanzato. Il padre della ragazza: ""Nessuno ci restituirà più Martina che era la nostra vita, solo chi ha perso una figlia allo stesso modo può capire il nostro dolore"".","La vita in diretta;Martina Carbonaro;Femminicidio;news;attualità;cronaca","2025-05-29T17:13:09Z","Rai","UCKUzdt2sELyxd6mz-bAx3bA","25","PT1M20S","1833","19","5","it"
"CCpTjV8agFA","Femminicidio Martina Carbonaro, l’avvocato di Tucci: «Ha pianto quando ha confessato»","«Durante l’interrogatorio di stanotte, dopo circa un’ora ha ammesso gli addebiti nel momento in cui gli è stato mostrato il video in cui entra nella casa diroccata con Martina. In quel momento, visibilmente commosso ha pianto.» lo racconta il legale di Alessio Tucci, il diciannovenne accusato di aver ucciso con una grossa pietra la sua ex-fidanzata Martina Carbonaro, di soli quattordici anni. 


COPYRIGHT AGTW SRL ©
Per qualsiasi utilizzo in qualunque piattaforma (a titolo esemplificativo: televisione, web, evento ecc.) di questo video contattarci alla mail: redazione@agtw.it 

Tutti i nostri servizi: http://www.agtw.it

Entra nella nostra Community: https://www.youtube.com/c/AGTW_it/community

AGTW è un'agenzia specializzata nelle dirette video dei principali fatti di cronaca. Tra i nostri clienti: Corriere della Sera, Sky, La7, Mediaset.

Rimani connesso con AGTW:
👍 Facebook: https://www.facebook.com/AgenziaAgtw
📸 Instagram: https://www.instagram.com/agtw.it
🐦 Twitter: https://twitter.com/AGTW_it
❤️ Twitch: https://www.twitch.tv/agtw_it
📱 TikTok: https://www.tiktok.com/@agtw.it","notizie;notizie cronaca ultima ora;notizie dallitalia;notizie del giorno;notizie del giorno italia;notizie dellultima ora;notizie di oggi;notizie italia;notizie italiane;notizie italiane oggi;notizie oggi","2025-05-28T14:38:31Z","AGTW","UCW8yV-b66_gjJ9rTkt1rjcA","24","PT3M59S","7847","76","130",NA
"ubCQsP_LYQU","Chi è Alessio Tucci, l'assassino di Martina Carbonaro - La vita in diretta 28/05/2025","Scopri gli ultimi video in evidenza di Playlist24 su www.raiplay.it - Alessio Tucci, 19enne, ha confessato di avere ucciso la sua ex fidanzata Martina Carbonaro che era scomparsa da Afragola il 26 maggio colpendola più volte con una pietra. Non sopportava la rottura del fidanzamento che lei gli ha comunicato nel loro ultimo appuntamento, in un casolare abbandonato, dove è avvenuto l’omicidio. Dopo la vittoria dello scudetto del Napoli aveva postato un messaggio: “Ma quanto sarebbe stato bello festeggiarlo con la persona che ti manca attualmente”","martina carbonar;tucci;femminicidio;afragola;napoli","2025-05-29T08:48:02Z","Rai","UCKUzdt2sELyxd6mz-bAx3bA","25","PT1M21S","75695","387","446","it"
"QcT4Tmg11Rs","FEMMINICIDIO AFRAGOLA, legale Tucci: ""Ha confessato dopo un'ora, quando gli hanno mostrato i video""","""Durante l'interrogatorio di stanotte, dopo circa un'ora ha ammesso gli addebiti nel momento in cui gli è stato mostrato il video in cui entra nella casa diroccata con Martina"" lo racconta il legale di Alessio Tucci, il diciannovenne accusato di aver ucciso con una grossa pietra la sua ex-fidanzata Martina Carbonaro, di soli quattordici anni.",NA,"2025-05-28T20:18:03Z","La Repubblica","UC9ePmjVRHLL8x8vq5fOKflg","25","PT3M54S","9639","55","111","it"
"R3pMfqS2Gbw","FEMMINICIDIO Martina Carbonaro, una testimone: ""Ex fidanzato ha partecipato a ricerche, era normale""","Stando al racconto di una testimone, l'ex fidanzato di Martina Carbonaro dopo aver ucciso la ragazza avrebbe partecipato alle ricerche, prima di essere sospettato e fermato dai carabinieri: ""Era normale, normalissimo    racconta la donna    era dietro con la mamma della ragazzina, hanno cercato tutti insieme Martina. C'era anche suo padre"". 

Dal nostro inviato Dario Del Porto",NA,"2025-05-28T20:17:58Z","La Repubblica","UC9ePmjVRHLL8x8vq5fOKflg","25","PT1M36S","8272","39","33","it"
"-mGWSIhu5FQ","Martina Carbonaro, confessa l'ex: ""L'ho uccisa perché mi aveva lasciato"" - Storie Italiane 28/05/202","https://www.raiplay.it/programmi/storieitaliane - L'ex fidanzato di Martina Carbonaro, 14enne di Afragola scomparsa il 26 maggio e trovata morta in un edificio abbandonato, è stato fermato per omicidio volontario. Avrebbe confessato, raccontando di averla uccisa e nascosta in un armadio.","Alessio Tucci;Martina Carbonaro;Afragola;femminicidio;omicidio;ex fidanzata;muratore;14enne;cronaca;Storie Italiane;Rai1;RaiPlay","2025-05-28T14:45:24Z","Rai","UCKUzdt2sELyxd6mz-bAx3bA","25","PT6M56S","45570","380","311","it"
"sYlwYBjTSg8","Femminicidio Carbonaro, Tucci confessa: “Colpita con una pietra dopo il rifiuto di un abbraccio”","Le dichiarazioni di Mario Mangazzo, legale di Alessio Tucci, al termine dell'interrogatorio di Tucci davanti al Gip. 

Inoltre l’avvocato ha dichiarato al termine dell'udienza ""Non c'è stato accanimento. Ci sono stati questi tre colpi e la ragazza poi ha perso i sensi quasi subito. Accanimento non c'è stato per il numero dei colpi inferti"". Tucci ha riferito all'avvocato che ""non riusciva a dormire, ha preso delle gocce. Comprensibilmente per lui non sono giorni facili, naturalmente, per questa cosa grave che ha commesso"".

👉 https://tg.la7.it/cronaca/martina-carbonaro-colpita-testa-pietra-30-05-2025-238436",NA,"2025-05-30T11:42:20Z","TG La7","UCYj2t05uU65UrlI1f0OGhlg","24","PT1M55S","8709","44","49","it"
"-jWmGqkmRyI","Femminicidio Martina Carbonaro, il fidanzato confessa: ""L'ho uccisa perché mi aveva lasciato""","Martina Carbonaro sarebbe stata uccisa dall'ex fidanzato, di poco più grande di lei. Il ragazzo si chiama Alessio Tucci ed ha 19 anni è del luogo e farebbe il muratore

Tucci ha confessato nell'interrogatorio a tarda notte: ""L'ho uccisa- avrebbe detto- perchè mi aveva lasciato"". Il ragazzo, secondo quanto si è appreso, era titubante in un primo momento, poi è crollato sotto la pressione delle domande degli inquirenti. Determinanti sono state le impronte trovate sull'armadio all'interno del quale è stato trovato il corpo di Martina.  La ragazza, secondo quanto ricostruito finora, non voleva riallacciare i rapporti con l'ex, ma aceca deciso di incontrarlo nello stesso luogo dove si vedevano quando stavano insieme. 

La 14enne di Afragola (Napoli) era scomparsa dal tardo pomeriggio di lunedi 26 maggio. Il giorno della sua scomparsa aveva detto alla madre che sarebbe uscita con un’amica a mangiare uno yogurt. Poi avrebbe incontrato l’ex fidanzato. Poco dopo, il silenzio. Nessuna risposta al telefono, nessun ritorno a casa.

Il suo corpo è stato ritrovato stanotte, in un armadio di un vecchio edificio diroccato vicino allo stadio Moccia della stessa città napoletana. Quando erano circolate le prime voci delle ispezioni nel casale e del possibile ritrovamento del corpo, la mamma aveva urlato più volte parole disperate:  ""Voglio giustizia"". E Poi: ""Lei era bella come il sole"". ""La devo sotterrare a 14 anni?"" aveva detto invece il padre. 

#tgla7",NA,"2025-05-28T12:30:17Z","TG La7","UCYj2t05uU65UrlI1f0OGhlg","24","PT2M8S","27021","310","116","it"
"InqLGAuIWFk","Napoli - FEMMINICIDIO. DE LUCA: PER ME È PROBLEMA CHE RAGAZZA SI FIDANZI A 12 ANNI (29.05.25)","https://www.pupia.tv - Napoli - FEMMINICIDIO. DE LUCA: PER ME È PROBLEMA CHE RAGAZZA SI FIDANZI A 12 ANNI 
Napoli, 29 mag. - ""Io ho letto sui giornali la vicenda della ragazzina uccisa ad Afragola a 14 anni, ho letto che era fidanzata da due anni con un ragazzo, cioè da quando aveva 12 anni. Non so... È difficile"". Il commento sul femminicidio di Martina Carbonaro arriva dal presidente della Regione Campania Vincenzo De Luca che, nell'ambito del Green Med Expo & Symposium - Stati Generali sull'Ambiente 2025, presenta un concorso per content creator impegnati nella promozione della sostenibilità ambientale. Nella giuria anche l'influencer Viola Angione, che stoppa subito il governatore: ""Il problema non è l'età di lei, ma è chi l'ha ammazzata. Da influencer non mi sento di dare la colpa alla ragazza che si è fidanzata a 12 anni, mi fa male sentir dire queste cose. È il ragazzo che l'ha ammazzata, perché è maschio"". L'intervento di Angione viene seguito dagli applausi dei presenti alla Mostra d'Oltremare di Napoli. ""Io - la risposta di De Luca - dico altro: per te è normale che una ragazza di 12 anni, che è una bambina, si fidanzi senza che nessuno dica niente? Per me è un problema"". Il governatore insiste: ""In genere c'è un dibattito anche sul modo di presentarsi. Siamo libere, la donna deve presentarsi come vuole, mettersi mezza nuda... Nessuno deve dire nulla. Non c'è dubbio, io ho il diritto di fare quello che voglio. Ma, da padre, ti posso dire che forse, siccome abbiamo un mondo nel quale ci sono persone con un po' di disturbi, un po' di fragilità, è ragionevole avere un po' di prudenza? Non contesto il tuo diritto, ma dico cerchiamo di essere umani, di capire la realtà, altrimenti moriamo di ideologismi"".(29.05.25)","pupia;campania;napoli;caserta;avellino;benevento;salerno","2025-05-29T21:59:01Z","Pupia Campania","UCj21S-zObwO7s770K98uU_Q","25","PT2M42S","18162","420","363","it"
"bEEZUTY2ql8","Napoli - FEMMINICIDIO. MANFREDI: STRUMENTI LEGALITÀ NON BASTANO  (30.05.25)","https://www.pupia.tv - Napoli - FEMMINICIDIO. MANFREDI: STRUMENTI LEGALITÀ NON BASTANO 
Napoli, 30 mag. - ""Tutti questi casi hanno un po' lo stesso leit motiv, il non accettare il rifiuto e reagire violentemente. Quindi c'è un tema di educazione all'affettività. Dobbiamo anche educare i nostri figli, soprattutto i maschi, a rispettare maggiormente e dobbiamo lavorare su queste fragilità perché il ripetersi di questi episodi sempre più efferati ci fa capire che esiste veramente un disagio molto forte, che ovviamente va affrontato con gli strumenti della legalità, ma questi non bastano"". Così il sindaco di Napoli, Gaetano Manfredi, commentando il femminicidio di Afragola, a margine di un incontro alla settima municipalità. ""C'è una grande fragilità nei nostri ragazzi - evidenzia - e il ripetersi di questi eventi così drammatici significa che c'è una difficoltà ad accettare la sconfitta e il rifiuto"". Inoltre, ""c'è il grande tema dei social che secondo me noi dobbiamo affrontare: troppe sollecitazioni, troppe provocazioni, c'è qualcosa che non funziona. Questo non è solo un tema della politica, questo è un tema della società. Ci dobbiamo interrogare per capire cosa ognuno di noi può fare da cittadino e da persona per cercare di fronteggiare un'emergenza. Sono casi troppo drammatici e troppo frequenti per poter pensare che si possono risolvere così, c'è un problema grande e dobbiamo lavorarci tutti insieme"". (30.05.25)

La playlist di Gaetano Manfredi:   https://www.pupia.tv/playlist/Gaetano-Manfredi","pupia;campania;napoli;caserta;avellino;benevento;salerno","2025-05-31T09:50:37Z","Pupia Campania","UCj21S-zObwO7s770K98uU_Q","25","PT1M49S","309","10","9","it"
"23BPnJmU0Mw","Femminicidi, la protesta improvvisata a Roma: ecco le immagini del corteo","Femminicidi, la protesta improvvisata a Roma: ecco le immagini del corteo 

  Il corteo dopo il femminicidio di Afragola  (Corriere Tv).  Guarda il video su Corriere: https://video.corriere.it/femminicidi-la-protesta-improvvisata-a-roma/9d1b7c70-68b5-497b-89e7-0a24712ffxlk","Afragola;Cronaca;Roma;corriere;corriere della sera;corriere della sera notizie;corriere della sera oggi;corriere della sera ultime notizie;corriere tv;corteo;news corriere;roma","2025-05-30T18:05:00Z","Corriere della Sera","UC2lCxEqj8bfRfYbK1FNNNkQ","25","PT2M40S","2355","43","36",NA
"EnS_h0KsZF4","FEMMINICIDIO, Alessio Tucci: ""Martina ha rifiutato un abbraccio e l'ho colpita mentre era di spalle""","Si è conclusa l'udienza di convalida del fermo di Alessio Tucci, il 18enne di Afragola che ha ucciso l'ex fidanzata Martina Carbonaro, di 14 anni. La giudice Stefania Amodeo si è riservata la decisione: ""Ho tentato di abbracciarla, lei ha rifiutato. E l'ho colpita mentre era di spalle"", ha detto Tucci rispondendo alla domanda della giudice alla presenza del suo avvocato, Mario Mangazzo. Il legale chiede il trasferimento per evitare possibili ritorsioni da altri detenuti nel carcere di Poggioreale.

Video di Dario del Porto",NA,"2025-05-30T12:18:20Z","La Repubblica","UC9ePmjVRHLL8x8vq5fOKflg","25","PT4M42S","13994","43","71","it"
"0IVSxQGDtm8","Martina Carbonaro, i ragazzi di Afragola: «Il femminicidio è contro ogni forma di civiltà»","Il femminicidio di Martina Carbonaro, morta a soli 14 anni per mano del suo ex fidanzato, ha colpito profondamente la comunità di Afragola. Soprattutto i giovani, arrivati sul luogo del delitto per portare dei fiori: «Già ieri sera giravano delle voci. Io ho una sorella di 14 anni, non è normale sperare che tua sorella sia a casa a dormire», dice un ragazzo del posto. «Da uomo - continua - credere che una persona ti appartenga penso che sia semplicemente contro ogni forma di civiltà»


COPYRIGHT AGTW SRL ©
Per qualsiasi utilizzo in qualunque piattaforma (a titolo esemplificativo: televisione, web, evento ecc.) di questo video contattarci alla mail: redazione@agtw.it 

Tutti i nostri servizi: http://www.agtw.it

Entra nella nostra Community: https://www.youtube.com/c/AGTW_it/community

AGTW è un'agenzia specializzata nelle dirette video dei principali fatti di cronaca. Tra i nostri clienti: Corriere della Sera, Sky, La7, Mediaset.

Rimani connesso con AGTW:
👍 Facebook: https://www.facebook.com/AgenziaAgtw
📸 Instagram: https://www.instagram.com/agtw.it
🐦 Twitter: https://twitter.com/AGTW_it
❤️ Twitch: https://www.twitch.tv/agtw_it
📱 TikTok: https://www.tiktok.com/@agtw.it","notizie;notizie cronaca ultima ora;notizie dallitalia;notizie del giorno;notizie del giorno italia;notizie dellultima ora;notizie di oggi;notizie italia;notizie italiane;notizie italiane oggi;notizie oggi","2025-05-28T12:57:33Z","AGTW","UCW8yV-b66_gjJ9rTkt1rjcA","24","PT3M45S","26483","576","317",NA
"Ky4a6vtbzjw","Femminicidio Carbonaro, Tucci confessa: “Colpita con una pietra dopo il rifiuto di un abbraccio”","Martina Carbonaro, la 14enne uccisa ad Afragola, nel napoletano, la sera del 26 maggio, è stata colpita più volte alla testa con una pietra dal suo ex fidanzato, il 18enne Alessio Tucci, perché ha rifiutato un suo tentativo di darle un abbraccio. Lo ha detto il 18enne al gip durante l’udienza di convalida del fermo che si è tenuta questa mattina nel carcere di Poggioreale.

Il legale ha chiesto il trasferimento in un altro carcere per il pericolo di aggressioni da parte di altri detenuti a Poggioreale.

Tucci ha detto che lui e la ex sono entrati insieme in un casolare abbandonato che frequentavano spesso durante la relazione. Poi ha spiegato che ha cercato di abbracciarla, lei ha rifiutato quell’abbraccio e a seguito di questo comportamento, mentre era di spalle, l’ha colpita. Poi ha sferrato un altro paio di colpi sempre con la stessa pietra e quando si è reso conto che Martina non era più in vita ha girato il corpo e l’ha coperto con degli arredi che erano nella casa abbandonata”.

Il legale ha dichiarato al termine dell'udienza ""Non c'è stato accanimento. Ci sono stati questi tre colpi e la ragazza poi ha perso i sensi quasi subito. Accanimento non c'è stato per il numero dei colpi inferti"". Tucci ha riferito all'avvocato che ""non riusciva a dormire, ha preso delle gocce. Comprensibilmente per lui non sono giorni facili, naturalmente, per questa cosa grave che ha commesso"".

#tgla7 #shorts",NA,"2025-05-30T11:34:43Z","TG La7","UCYj2t05uU65UrlI1f0OGhlg","24","PT1M55S","7030","74","15","it"
"izdv5PoDl48","Meloni ""Femminicidio di Afragola mi ha lasciato senza fiato""","ASTANA (KAZAKISTAN) (ITALPRESS) - ""Il femminicidio di Afragola? Questa storia mi ha lasciata senza fiato, delle volte ti senti proprio disarmato, le leggi le abbiamo fatte, è uno dei pochi temi sui quali non abbiamo avuto divisioni politiche, gli strumenti ci sono, il tema è più ampio e forse non lo stiamo capendo"". Lo ha detto il presidente del Consiglio, Giorgia Meloni, in un punto stampa ad Astana. 

xc3/mca2/sat
Fonte video: Palazzo Chigi","Sole 24 Ore","2025-05-30T15:24:26Z","Il Sole 24 ORE","UCCuZicOOisRgknWUSQArudg","25","PT3M","706","26","13",NA
"laIetBJDufQ","Femminicidi, Umberto Galimberti: ""Il delitto è antropologico, l'emancipazione delle donne ...","Femminicidi, il filosofo Umberto Galimberti: ""I maschi crescono nelle case all'interno di un amore incondizionato, che è quello dei genitori nei confronti dei figli. Quando si innamorano, entrano in un amore condizionato dai reciproci vantaggi dei due innamorati. Qualche giovane non ce la fa a passare dall'amore incondizionato della mamma, che protegge comunque il figlio, all'amore condizionato della ragazza che vuole essere libera. Quanta colpa hanno le madri a non generare fino in fondo i loro figli?"".
 PER RIVEDERE TUTTI I VIDEO DEL PROGRAMMA VAI SU https://www.la7.it/laria-che-tira","5 stelle;abbandono;aborto;conte;crisi di governo;draghi;femminicidio;figlio;governo;governo tecnico;legislatura;m5s;movimento;umberto galimberti","2023-11-25T12:00:53Z","La7 Attualità","UC2_ZJDH5PXEoJJz9zAvBuiA","24","PT4M33S","72552","1172","358",NA
"udYJyOmEatM","Femminicidi, fiaccolata per Martina, mentre a Torino muore donna accoltellata dal marito","Non si arresta la lunga scia di femminicidi. Ad Afragola in migliaia partecipano alla fiaccolata per Martina, la 14enne uccisa dall’ex, mentre a Torino non ce l’ha fatta la donna di 61 anni accoltellata ieri dal marito. 
Tg2000 va in onda dal lunedì al sabato alle ore 8.30, 12, 14.55, 18.30 e 20.45 e la domenica alle ore 18.30 e 20.45 su Tv2000
📺 Canale 28 dtt 📡 157 Sky 💻 https://www.tv2000.it/live
📱 Guarda tutte le edizioni su Play2000 👉 https://www.play2000.it/detail/51
🔵 Scarica gratuitamente l'app 👉 https://www.play2000.it/thanks","tv2000;notizie;informazione;news;tg2000","2025-05-29T16:51:56Z","TG2000","UC_bFWlnnADxGUXA3igouBiw","25","PT3M3S","2432","27",NA,"it"
"hY296Vjk8AY","Femminicidio Afragola, Mantovano: ""Dolore del governo""","""Credo che debba confermare il dolore personale della presidente del Consiglio e di tutto il Governo per questa vicenda che è difficilmente catalogabile, nel senso di stabilire qual è il confine tra femminicidio, condizioni di degrado, follia"". Così il sottosegretario alla Presidenza del Consiglio, Alfredo Mantovano, ha risposto a una domanda sul femminicidio ad Afragola della giovane Martina Carbonaro. Il sottosegretario, a margine di un incontro a Secondigliano per affrontare il tema del recupero di alcune aree, ha riferito che con il prefetto, Michele di Bari, e con il commissario Fabio Ciciliano, si era precedentemente recato in visita dai genitori di Martina. ""Col prefetto e col commissario prima di venire qui siamo passati da casa di Martina per confermare questa vicinanza"". ""Come istituzioni - ha affermato - credo che siano stati fatti passi in avanti significativi sia sul piano normativo"". 

Per tutte le news visita il sito https://tg24.sky.it 

Segui Sky tg24 su:
 • Facebook: https://www.facebook.com/SkyTG24/
 • Instagram: https://www.instagram.com/skytg24/ 
 • Twitter: https://twitter.com/SkyTG24","30-05-2025;FLUID;afragola;cronaca;daily;dolore;femminicidio;governo;mantovano;news;notwitter;testacoda","2025-05-30T16:04:53Z","Sky tg24","UCz6E3lF72mb6uoJ-mOlNo2A","25","PT2M30S","340","5","1",NA
"DZQSjYsfa6w","FEMMINICIDIO MARTINA CARBONARO, AVVOCATO ALESSIO TUCCI: ""PENTITO, HA CHIESTO SCUSA: ECCO I FATTI""","Un abbraccio rifiutato: sarebbe stato questo l’episodio che avrebbe scatenato la rabbia omicida di Alessio Tucci, il giovane reo confesso del femminicidio dell’ex fidanzata appena 14enne Martina Carbonaro. A raccontarlo alla stampa è stato il legale di Tucci, Mario Mangazzo, dopo l’udienza di convalida del fermo del suo assistito, in carcere a Poggioreale.



SìComunicazione è un’agenzia leader nella produzione di notizie video e giornalistiche su Napoli e in tutta la Regione Campania.

Sito: https://www.sicomunicazione.it 
FB: https://www.facebook.com/sicomunicazione
Email: redazione@sicomunicazione.net

Registrazione al Tribunale di Napoli n. 005 del 4-2-2013","sicomunicazione;notizie napoli;news napoli;notizie di napoli;cronaca napoli;notizie campania;napoli news;ilmattino;il mattino napoli;napoli repubblica;corriere napoli;fanpage.it;fanpage napoli;cronache di napoli;in anteprima;tempo reale;realtime;live;notizie live;telegiornale napoli;telegiornale campania;canale 21;canale 9 napoli;canale 8 napoli;telecapri;tele capri;regione campania;campania;napoli;napoli città;napoli centro","2025-05-30T13:32:41Z","SiComunicazione","UC5oDlE5eL0tivb62HEYlurw","25","PT52S","2100","16","7","it"
"_tX9apXMfrE","Afragola, le voci e il dolore dopo il femminicidio di Martina Carbonaro","Dolore e commozione ad Afragola, dove migliaia di persone hanno sfilato silenziosamente in corteo per ricordare Martina Carbonaro, uccisa a quattordici anni dall’ex-fidanzato. In testa alla processione, la mamma e il sindaco. Al termine della marcia, davanti allo stadio Moccia dove la vita della giovane è stata spezzata a sassate, lo sfogo della madre: «Mia figlia è stata legata e seviziata, a chi l’ha uccisa auguro solo il peggio.» 

COPYRIGHT AGTW SRL ©
Per qualsiasi utilizzo in qualunque piattaforma (a titolo esemplificativo: televisione, web, evento ecc.) di questo video contattarci alla mail: redazione@agtw.it 

Tutti i nostri servizi: http://www.agtw.it

Entra nella nostra Community: https://www.youtube.com/c/AGTW_it/community

AGTW è un'agenzia specializzata nelle dirette video dei principali fatti di cronaca. Tra i nostri clienti: Corriere della Sera, Sky, La7, Mediaset.

Rimani connesso con AGTW:
👍 Facebook: https://www.facebook.com/AGTWagenzia
📸 Instagram: https://www.instagram.com/agtw.it
🐦 Twitter: https://twitter.com/AGTW_it
❤️ Twitch: https://www.twitch.tv/agtw_it
📲 TikTok: https://www.tiktok.com/@agtw.it
▶️ Telegram: https://t.me/agtw_it","news;notizie;notizie in tempo reale;tempo reale;real time;live;livestreaming;documentari;documentario;la repubblica;il corriere della sera;corriere tv;la7;tgla7;skytg24","2025-05-30T18:03:26Z","AGTW","UCW8yV-b66_gjJ9rTkt1rjcA","25","PT1M21S","2729","33","1","it"
"ZZ2wWPSvB8A","Fiorella Mannoia contro il ministro Nordio sui femminicidi","""Auguro al ministro Nordio che non gli succeda mai, nella sua famiglia, non si augura a nessuno. Penso che se capitasse un problema del genere alla sua famiglia o a qualcuno a cui vuole bene cambierebbe idea. La sicurezza gliela dobbiamo dare con gli esempi, l'educazione, con i braccialetti che funzionano, con i finanziamenti dei centri antiviolenza. Ci sono tanti modi per poter far sentire sicure le donne. Non dobbiamo entrare in chiesa o dentro le farmacie per sentirci sicure, per cortesia. Ormai siamo abituati che tutti aprono la bocca e dicono quello che vogliono"". Lo ha dichiarato Fiorella Mannoia, rispondendo alle domande dei giornalisti sulle recenti affermazioni del ministro Nordio sulle donne vittime di violenza, a margine della presentazione del video 'è come sembra', organizzata da Assococerti e dalla 'Fondazione Una Nessuna Centomila' nella Casa del Cinema di Roma.

#femminicidi #nordio #fiorellamannoia",NA,"2025-05-26T13:20:58Z","La Repubblica","UC9ePmjVRHLL8x8vq5fOKflg","1","PT54S","16118","310","18","it"
"bKC3f365d_k","Femminicidio di Sara Campanella, parla la madre dell'assassino - La Vita in Diretta 07/04/2025","https://www.raiplay.it/programmi/lavitaindiretta - ""Ho aiutato mio figlio perché si voleva uccidere"". Daniela Santoro, la madre di Stefano Argentino, ammette di essersi recata a Messina dal figlio, che però non le aveva confessato di aver ucciso Sara Campanella. E sul suo gesto: ""Non riesco a spiegarmelo, ma dopo quello che ha fatto non potrei mai proteggerlo"".","Sara Campanella;femminicidio;Stefano Argentino;Messina;Daniela Santoro;indagine;cronaca","2025-04-07T17:05:26Z","Rai","UCKUzdt2sELyxd6mz-bAx3bA","25","PT2M25S","64679","482","359","it"
"e5UPFThUPZI","De Luca sul femminicidio di Martina Carbonaro: ""Era fidanzata da quando aveva 12 anni""","""Ho letto sui giornali la vicenda della ragazzina uccisa ad Afragola a 14 anni, ho letto che era fidanzata da due anni con un ragazzo, cioè da quando aveva 12 anni"". Polemiche sulle parole di Vincenzo De Luca, il presidente della Regione Campania, che ha commentato il femminicidio di Martina Carbonaro, uccisa a 14 anni dall'ex fidanzato di 18 anni. A replicare l'influencer Valeria Angione: ""Non scarichiamo le colpe su di lei""

#femminicidio #deluca",NA,"2025-05-30T08:26:52Z","La Repubblica","UC9ePmjVRHLL8x8vq5fOKflg","1","PT1M32S","91939","855","356","it"
"CQFUhl7ezmk","Femminicidio Bologna: gelosia malata, le ossessioni dell'ex - Estate in diretta - 29/08/2022","https://www.raiplay.it/programmi/estateindiretta - Quel 23 agosto Alessandra avrebbe potuto morire qualche ora prima se l'ex compagno non avesse deciso di prendere un caffè.  È quello che emerge dalla convalida dell'arresto di Giovanni Padovani. Ripercorriamo le ore che hanno preceduto l'aggressione che è costata la vita ad Alessandra Matteuzzi.","Femminicidio Bologna;gelosia malata;le ossessioni dell'ex;Estate in diretta;Roberta Capua;Gianluca Semprini;cronaca;notizie;attualità;Rai1;RaiUno","2022-08-29T17:32:23Z","Rai","UCKUzdt2sELyxd6mz-bAx3bA","25","PT3M23S","33216","235","203","it"
"yIrEpLnAKmk","Femminicidio Afragola, Martina Carbonaro uccisa con una pietra dall'ex fidanzato","Shock ad Afragola, nel napoletano, dove è stata uccisa una quattordicenne. Sottoposto a fermo per omicidio volontario avrebbe confessato l’ex, anche lui giovanissimo, che l’avrebbe assassinata con una pietra. 

Tg2000 va in onda dal lunedì al sabato alle ore 8.30, 12, 14.55, 18.30 e 20.45 e la domenica alle ore 18.30 e 20.45 su Tv2000
📺 Canale 28 dtt 📡 157 Sky 💻 https://www.tv2000.it/live
📱 Guarda tutte le edizioni su Play2000 👉 https://www.play2000.it/detail/51
🔵 Scarica gratuitamente l'app 👉 https://www.play2000.it/thanks","tv2000;notizie;informazione;news;tg2000","2025-05-28T17:03:17Z","TG2000","UC_bFWlnnADxGUXA3igouBiw","25","PT3M7S","4489","67",NA,"it"
"OA3A18OutHI","Schlein a Meloni: «Facciamo una legge insieme sul femminicidio»","""Martina Carbonaro aveva 14 anni, è stata ammazzata a sassate dal suo ex che poi l'ha nascosta in un armadio ad Afragola. Non possiamo continuare ad assistere a questa mattanza quotidiana di donne e di ragazze. La violenza di genere va fermata. Il problema culturale di questo Paese è che il patriarcato pervade la nostra società ed ha attecchito anche tra i più giovani. Per questo bisogna fare una grande battaglia culturale, educativa, che parta dalle scuole, altrimenti arriveremo sempre troppo tardi"". Così la segretaria del Pd, Elly Schlein, in un video pubblicato su Instragram. ""Mi rivolgo una volta ancora alla presidente del Consiglio Giorgia Meloni: almeno su questo, almeno per il contrasto alla violenza di genere, mettiamo da parte lo scontro politico e proviamo a far fare un passo avanti al Paese"", aggiunge. Ig Schlein Fonte: Agenzia Vista / Alexander Jakhnagiev",NA,"2025-05-30T08:32:23Z","Il Messaggero","UC5nobuNdkQug35-TMVlgeSA","25","PT1M10S","159","2","18",NA
"9kMWdaQfuSU","Uccisa dal compagno mentre prepara il caffè - La Vita in diretta 10/02/2025","https://www.raiplay.it/programmi/lavitaindiretta - L'ennesimo episodio di violenza familiare produce un altro femminicidio con tentato suicidio, stavolta in provincia di Firenze. Una donna è stata trovata morta ieri nella sua casa di Rufina, uccisa secondo le prime ricostruzioni dal convivente a coltellate. L'uomo dopo l'aggressione si è lanciato da una finestra del secondo piano e ora si trova in codice rosso nell'ospedale fiorentino di Careggi, dove è stato trasportato con l'elisoccorso. Secondo quanto ricostruito, Lorenzo Innocenti, 37 anni, prima delle 7 di ieri avrebbe colpito con numerose coltellate Eleonora Guidi, 34, mentre la donna era in cucina a preparare il caffè. In casa, in un'altra stanza, anche il figlio, che è stato poi affidato a familiari.","Uccisa dal compagno mentre prepara il caffè;femminicidio;La vita in diretta;Alberto Matano;cronaca;notizie;spettacolo;Rai1;RaiUno","2025-02-10T20:54:16Z","Rai","UCKUzdt2sELyxd6mz-bAx3bA","25","PT4M32S","95677","916","593","it"
"_kq1ivIT5XA","Femminicidio","La parola femminicidio esiste nella lingua italiana solo a partire dal 2001.  Fino a quell'anno, l'unica parola esistente col significato di uccisione di una donna era uxoricidio.  Ma uxoricidio, composta con quella parola latina, uxor, quindi moglie, alludeva per l'appunto solo all'uccisione di una donna in quanto moglie e veniva estesa anche agli uomini, quindi al coniuge in generale.  Non avevamo una parola che alludesse all'uccisione della donna proprio in quanto donna. 
Nella lingua inglese invece, dal 1801 esisteva la parola femicide.  E a questa prima parola se ne accostò, a partire dal 1992, un'altra che è feminicide.  La parola fu coniata dalla criminologa Diana Russell, che la usò in un proprio saggio.  
Nell'anno successivo, il 1993, l'antropologa messicana Marcela Lagarde usò la parola femminicidio, per l'appunto, e la parola cominciò a diffondersi. L'antropologa aveva usato questa parola per studiare, per ricordare i numerosissimi omicidi di donne che erano stati compiuti ai confini tra il Messico e gli Stati Uniti.  E appunto, la parola femminicidio serviva proprio ad indicare questo tipo particolare di uccisione.  
La parola femminicidio si è diffusa nella lingua italiana a partire dal 2008.  In quell'anno è stato pubblicato da Barbara Spinelli un libro intitolato Femminicidio. Dalla denuncia sociale al riconoscimento giuridico internazionale.  E da quel momento in poi la parola ha cominciato a circolare, prima di tutto nella stampa, nei giornali e poi a entrare proprio nel circolo della nostra lingua. 
Contrariamente a quanto si sente ripetere spesso, femminicidio non è una brutta parola.  E' una parola formata del tutto regolarmente, unendo e componendo insieme la parola femmina, con quella parte finale -cidio, che ha il significato appunto di uccisione.  Uccisione di una donna.  Non è la parola ad essere brutta e spesso si ha paura delle parole non per il loro aspetto esterno, ma per il significato e per l'avvenimento che evocano.
L'immagine di copertina è tratta da www.tikotv.it","Femminicidio;violenza alle donne;stalking;Valeria Della Valle;Treccani;RAI","2013-07-24T08:36:40Z","TreccaniChannel","UCQOFBEYamc2DaxJsY_G4XTQ","27","PT4M53S","11388","91","29",NA
"j2Bryyc3MP4","Femminicidio Afragola, Crepet: ""c'è un problema"" #scuola #news #docenti #perte #studenti","Le notizie di oggi: 

- Femminicidio Afragola, Crepet: “Se un 11enne ha un profilo social c’è un problema. Basta fiaccolate”

- Dispersione scolastica, Ricci (Invalsi) annuncia: “Scesa dal 18 al 9,8% in quindici anni”",NA,"2025-05-29T13:42:37Z","Tecnica della Scuola - Notizie scuola","UCZJknZKwJsGnq3Ij7Xzha9g","27","PT1M3S","1679","13","1","it"
"_1fb0Ize3qA","Femminicidio: Condanniamo il Crimine Non Il Genere! #avvocatopenalista crimine #genere #condanna","",NA,"2025-05-31T13:19:09Z","Avvocato Penalista  | Avv. D'Andria Studio Legale","UC7OdmX4BO-OeLCnhqxdtbVA","22","PT1M24S","40","2","0","it"
"dI9CW0OtICI","Femminicidio, Travaglio: ""Hanno scarcerato uno perché era obeso e fumava troppo, ma fagli una ...","Femminicidio, Marco Travaglio: ""L'altro giorno hanno scarcercato uno che doveva fare 30 anni perché aveva assassinato la sua fidanzata, dopo 6 anni, perché era obeso e fumava troppo, ma fagli una dieta in cella...""
 PER RIVEDERE TUTTI I VIDEO DEL PROGRAMMA VAI SU https://www.la7.it/dimartedi",NA,"2023-12-01T23:53:18Z","La7 Attualità","UC2_ZJDH5PXEoJJz9zAvBuiA","24","PT2M20S","51486","587","161",NA
"aQFnEyMbyr4","Femminicidio Giulia Cecchettin, Travaglio: ""Non penso sia un delitto di Stato""","Marco Travaglio: ""Non credo che sia colpa del Governo se ci siano i femminicidi, non penso sia un delitto di Stato"".
 PER RIVEDERE TUTTI I VIDEO DEL PROGRAMMA VAI SU https://www.la7.it/otto-e-mezzo",NA,"2023-11-23T21:05:58Z","La7 Attualità","UC2_ZJDH5PXEoJJz9zAvBuiA","24","PT3M47S","36358","377","148",NA
"sc_XHnNvySk","Femminicidio Sara Campanella, il video del TG1 prima  dell'aggressione","Il video, esclusiva Rai del Tg1 e qui ripreso da ""La Stampa"", con gli ultimi minuti della studentessa. ripresa da una telecamera della videosorveglianza.","Centro Commerciale Tremestieri","2025-04-02T19:15:16Z","Tempostretto TV Messina","UCJIgQL7sFiX0uw2Lj3vammg","29","PT55S","156945","473","483","it"
"H2lQu2yA__4","Giulia Tramontano, vittima di femminicidio: la ricostruzione delle ultime ore prima dell'omicidio","""Non ti preoccupare madre ora vado a riposare"". Poi più nulla.
Dopo quattro giorni di ricerche, Alessandro Impagnatiello ha confessato. È stato lui a uccidere la sua fidanzata, Giulia Tramontano, incinta al settimo mese la sera di sabato 27 maggio con tre coltellate. La 29enne avrebbe scoperto che il suo fidanzato aveva una relazione con un'altra donna e che anche lei era rimasta incinta. Il barman 30enne avrebbe, quindi, deciso di ucciderla, di disfarsi del corpo e di inscenare una sua fuga da casa. Di fronte alle evidenze portate alla luce dalle indagini, Impagnatiello ieri sera, mercoledì 31 maggio, è crollato. Mentre il 30enne si trova a San Vittore, gli investigatori stanno tentando di ricostruire la cronologia di questi ultimi giorni, fatti di depistaggi e di appelli disperati. 
 

Giulia Tramontano, vittima di femminicidio: la ricostruzione delle ultime ore prima dell'omicidio: https://www.fanpage.it/milano/le-tappe-dellomicidio-di-giulia-tramontano-uccisa-dal-fidanzato-alessandro-impagnatiello/


 
00:00 - 00.48 - Introduzione
00:48 - Sabato 27 maggio, l'incontro con l'amante e l'omicidio 
02:09 - La notte tra sabato e domenica 28 maggio 
03:08 - La denuncia ai carabinieri 
03:52 - La famiglia di Giulia arriva a Senago 
05:02 - I carabinieri arrivano all'appartamento e Alessandro confessa 

https://youmedia.fanpage.it/video/aa/ZHjuHOSwvZVwr-nm","alessandro impagnatiello;fanpage;fanpage.it;giulia tramontano;giulia tramontano femminicidio;giulia tramontano omicidio;giulia tramontano ricostruzione;incinta uccisa fidanzato;videonews","2023-06-01T19:38:53Z","Fanpage.it","UCWJhBqnyVdHAuxexgjghNFw","25","PT6M37S","414128","3826","1099",NA
"9XllYOc1g8A","♠️ Femminicidio e Perizia Psichiatrica ♣️ #criminologia","In ambito psichiatrico forense e criminologico, è fondamentale basare le proprie affermazioni su fonti affidabili, atti ufficiali, informazioni verificate e, soprattutto, sulle persone coinvolte. 

Senza accesso a tali elementi, è estremamente rischioso e non scientifico fare affermazioni sul nulla o trarre conclusioni affrettate.

Nel contesto di un'indagine criminale o di una valutazione psichiatrica forense, il professionista deve seguire un rigoroso metodo scientifico che comprende la raccolta di dati, l'analisi delle prove, l'interazione con persone coinvolte e l'uso di strumenti validati. L'assenza di accesso a queste risorse rende impossibile condurre un'analisi accurata e affidabile.

Inoltre, è importante sottolineare che l'etica professionale richiede che gli esperti in questi campi evitino di fare affermazioni che potrebbero danneggiare la reputazione di individui o influenzare negativamente un processo giudiziario senza prove concrete.
#femminicidio #criminologia 

Abbonati a questo canale per accedere ai vantaggi:
https://www.youtube.com/channel/UCVyGg6yFJJAPVS9NT-vVPKQ/join","valerio rosso psichiatra;valerio rosso visita;valerio rosso dove riceve;giulia cecchettin;filippo turetta;femminicidio;crimonologia;criminologo;criminologa;psichiatra;psichiatri;psichiatria forense;perizia psichiatrica;dibattimento;giudice per le indagini preliminari;GIP;pubblico ministero;indagini;perito;società italiana di psichiatria forense;processo;vizio di mente;incapace di intendere e di volere;psichiatria;neuroscienze;scienza","2023-12-12T07:19:32Z","Dott. Valerio Rosso","UCVyGg6yFJJAPVS9NT-vVPKQ","27","PT59S","56494","3013","207","it"
"O5UmQEDoGMU","Barbara, salva per miracolo da un tentato femminicidio - Oggi è un altro giorno 09/06/2023","https://www.raiplay.it/programmi/oggieunaltrogiorno - Nello studio di Oggi è un altro giorno si parla di femminicidio con Barbara Bortolotti che vent'anni fa riuscì a salvarsi dal suo aggressore rimanendo ferita gravemente e perdendo il bambino che portava in grembo","Oggi è un altro giorno;Serena Bortone;Barbara Bortolotti;femminicidio;interviste;attualità;intrattenimento;Rai1;Rai","2023-06-09T19:26:34Z","Rai","UCKUzdt2sELyxd6mz-bAx3bA","24","PT12M24S","76732","698","247","it"
"PfTx2w9kGvw","Femminicidio Giulia Cecchettin, Paolo Crepet si commuove in diretta.","#femminicidio #donne #giuliacecchettin #shorts","crepet;tagadà;la7;femminicidio","2023-11-21T11:47:21Z","La7 Attualità","UC2_ZJDH5PXEoJJz9zAvBuiA","24","PT1M","155821","2747","150","it"
"2_AnHpZzlq0","Femminicidio di Afragola, il sindaco: «Giorno triste per la comunità». Questa sera la fiaccolata","Si terrà oggi pomeriggio alle 18 una fiaccolata per Martina Carbonaro, trovata morta nella tarda serata di martedì all'interno di un edificio abbandonato di Afragola, in provincia di Napoli. A dare la notizia il sindaco Antonio Pannone che ha parlato di «Giorno triste per la nostra comunità», sconvolta per il femminicidio di una ragazza di soli 14 anni. 


COPYRIGHT AGTW SRL ©
Per qualsiasi utilizzo in qualunque piattaforma (a titolo esemplificativo: televisione, web, evento ecc.) di questo video contattarci alla mail: redazione@agtw.it 

Tutti i nostri servizi: http://www.agtw.it

Entra nella nostra Community: https://www.youtube.com/c/AGTW_it/community

AGTW è un'agenzia specializzata nelle dirette video dei principali fatti di cronaca. Tra i nostri clienti: Corriere della Sera, Sky, La7, Mediaset.

Rimani connesso con AGTW:
👍 Facebook: https://www.facebook.com/AgenziaAgtw
📸 Instagram: https://www.instagram.com/agtw.it
🐦 Twitter: https://twitter.com/AGTW_it
❤️ Twitch: https://www.twitch.tv/agtw_it
📱 TikTok: https://www.tiktok.com/@agtw.it","notizie;notizie cronaca ultima ora;notizie dallitalia;notizie del giorno;notizie del giorno italia;notizie dellultima ora;notizie di oggi;notizie italia;notizie italiane;notizie italiane oggi;notizie oggi","2025-05-28T10:20:29Z","AGTW","UCW8yV-b66_gjJ9rTkt1rjcA","24","PT2M52S","669","9","5",NA
"b6F_Sf7CEbI","E se il reato di femminicidio fosse anticostituzionale?","Il femminicidio potrebbe diventare reato specifico. Basterà per fermare gli assassini delle donne? I Novax dei vaccini obbligatori: sempre più genitori rifiutano di sottoporre i figli alla copertura esavalente. Soprattutto al sud. In bici positivo all’alcoltest: maximulta e lavori utili.

See omnystudio.com/listener (https://omnystudio.com/listener)  for privacy information.",NA,"2025-03-10T23:34:08Z","OnePodcast","UCEM7YSCFzowOeAVkh2eLhIQ","1","PT9M53S","210","16",NA,"it"
"5GryfpQ0rFQ","Femminicidio Ilaria Sula, la madre di Samson torna in Questura: ""È sotto shock ma ha risposto al pm""","La madre di Mark Samson è stata ascoltata nuovamente in Questura per l'omicidio di Ilaria Sula. Lei è attualmente indagata per concorso in occultamento di cadavere e anche dopo questo colloquio la sua posizione sarebbe rimasta invariata.

https://www.fanpage.it/roma/femminicidio-ilaria-sula-lavvocato-della-madre-e-sotto-shock-ma-ha-chiarito-alcuni-aspetti/","femminicidio;ilaria sula;mark samson;roma","2025-04-29T13:09:57Z","Fanpage.it","UCWJhBqnyVdHAuxexgjghNFw","25","PT1M56S","5769","84","33",NA
"9qmYsSPVMOU","Florencia, orfana di femminicidio: ""Non ho più una casa"" - Oggi è un altro giorno 23/02/2022","https://www.raiplay.it/programmi/oggieunaltrogiorno - Florencia Belen Bianco ospite di Serena Bortone, ha perso la sua mamma Antonia Bianca, uccisa dall'ex fidanzato, quando aveva solo dodici anni. Florencia, ha aperto su Facebook una pagina (""Noi orfani speciali"") dedicata a tutti quei ragazzi che sono rimasti orfani a causa di femminicidio.","Oggi è un altro giorno;Serena Bortone;Florencia Belen Bianco;Rai1;Rai","2022-02-23T20:03:21Z","Rai","UCKUzdt2sELyxd6mz-bAx3bA","25","PT12M34S","11123","113","4","it"
"ct-F-byC6SE","Femminicidio, Meloni: ""Impegno che non posso non sentire come primo premier donna""","""Non posso non sentire come donna, come primo presidente del consiglio donna l'impegno contro i femminicidi"". Lo dice Giorgia Meloni, nel corso del suo intervento al convegno sui risultati della Commissione d'inchiesta della Commissione femminicidio, in corso a Palazzo Giustiniani.
Senato
Fonte: Agenzia Vista / Alexander Jakhnagiev","Sole 24 Ore","2022-11-24T18:08:17Z","Il Sole 24 ORE","UCCuZicOOisRgknWUSQArudg","25","PT2M11S","424","15","10","en-US"
"OkMUfXHK1u8","Femminicidio Sofia Castelli, la mamma: “Non le è stato permesso di vivere la sua vita”","Sofia Castelli è morta a 20 anni, uccisa dall'ex fidanzato Zakaria Atqaoui, che per il suo omicidio è stato condannato a 24 anni di reclusione. Daniela Zurria è la mamma di Sofia, rimasta sempre in silenzio dal giorno della scomparsa di sua figlia, il 29 luglio 2023: ""Non so cosa sarebbe diventata Sofia, ma so che avrebbe dato tanto - dice a Fanpage.it -. Vorrei sapere se è orgogliosa di me"".

https://www.fanpage.it/milano/la-mamma-di-sofia-castelli-uccisa-dallex-fidanzato-non-le-e-stato-permesso-di-vivere-la-sua-vita/","sofia castelli","2024-11-28T11:00:26Z","Fanpage.it","UCWJhBqnyVdHAuxexgjghNFw","25","PT5M23S","26489","618","86",NA
"gJ9g_yDH1EE","I giovani di Afragola sul luogo del femminicidio di Martina Carbonaro: ""E' straziante""","Il femminicidio di Martina Carbonaro, morta a soli 14 anni per mano del suo ex fidanzato Alessio Tucci, ha colpito profondamente la comunità di Afragola. Soprattutto i giovani, arrivati sul luogo del delitto per portare dei fiori: ""Ho una sorella di 14 anni, come posso stare tranquillo?"", dice un ragazzo del posto. “Da uomo - continua - credere che una persona ti appartenga penso che sia semplicemente contro ogni forma di civiltà. Impariamo ad accettare il rifiuto di una persona, impariamo ad accettare quando una persona ci dice basta"".

Video Agtw

#MartinaCarbonaro #femminicidio",NA,"2025-05-28T17:05:58Z","La Repubblica","UC9ePmjVRHLL8x8vq5fOKflg","25","PT1M43S","55934","1052","96","it"
"MQI_FjGcsMk","Femminicidi, Vannacci: “Altro che patriarcato, il problema è l’uomo debole”","A pochi giorni dall’omicidio di Giulia Cecchettin, il generale Roberto Vannacci ha commentato le polemiche sul patriarcato. ""Non riesco a capirle, perché il patriarcato fondamentalmente in Italia non esiste più. Dov'è il “padre padrone” in Italia?. È l’uomo debole – ha concluso Vannacci – quello che provoca il femminicidio”
 PER RIVEDERE TUTTI I VIDEO DEL PROGRAMMA VAI SU https://www.la7.it/tagada",NA,"2023-11-26T13:46:49Z","La7 Attualità","UC2_ZJDH5PXEoJJz9zAvBuiA","24","PT2M4S","28731","401","501",NA
"eKcH6ZjVeVs","Femminicidio Ilaria Sula, perché è indagata la madre del killer - La Vita in Diretta 07/04/2025","https://www.raiplay.it/programmi/lavitaindiretta - La madre di Mark Samson è indagata per concorso in occultamento di cadavere. Lo ha rivelato il legale del 23enne arrestato per l'omicidio di Ilaria Sula avvenuto a Roma, secondo gli inquirenti, proprio nell'appartamento in cui Mark viveva con i suoi genitori. Il padre del ragazzo non è invece indagato. Ilaria Sula risultava scomparsa dal 25 marzo scorso.","Ilaria Sula;femminicidio;Mark Samson;omicidio;cronaca;violenza di genere;violenza donne","2025-04-07T17:06:17Z","Rai","UCKUzdt2sELyxd6mz-bAx3bA","25","PT5M18S","54835","391","226","it"
"A61rKUaHCW0","Omicidio Primvalle, Crepet: ""Femminicidio non riguarda solo gli uomini""","Omicidio Primvalle, il commento dello psicologo Paolo Crepet: ""Femminicidio non riguarda solo gli uomini, i genitori sono responsabili. Non è il mondo maschile da una parte e il mondo femminile dall'altra, le cose sono molto più complicate"".
 PER RIVEDERE TUTTI I VIDEO DEL PROGRAMMA VAI SU https://www.la7.it/omnibus",NA,"2023-07-05T15:34:00Z","La7 Attualità","UC2_ZJDH5PXEoJJz9zAvBuiA","24","PT9M1S","9399","94","30",NA
"GmzblQkGa2Q","Femminicidio di Sara, lo zio: ""Lei lo respingeva, lui era ossessionato""","""Il dolore e la rabbia dei familiari della vittima: 'Sognava di fare le autopsie e ora la devono fare a lei'""

Iscriviti al canale: https://www.youtube.com/tgcom24

Tutte le news su: https://www.tgcom24.mediaset.it/","news;notizia;notizie;tgcom;tgcom24;mediaset;mediasettgcom;mediasettgcom24","2025-04-02T12:25:41Z","Tgcom24","UCmoMxFxfjHJIicCv1eV_tSA","25","PT1M34S","42603","308",NA,NA
"gjcky3p4x_g","Sara Campanella e Ilaria Sula: Storia e Analisi dei due Femminicidi | Notizie True Crime","In questo TG Crime andremo a ricostruire e approfondire in tutti i dettagli questi due ultimi femminicidi che hanno scosso l’opinione pubblica, in particolare per la giovane età dei protagonisti coinvolti.
Sara Campanella, studentessa di 22 anni, veniva uc*isa il 31 Marzo a Messina da un suo compagno di università ossessionato da lei e che, di fatto, era diventato il suo stalker, finendo per seguirla ovunque nell’obiettivo di convincerla ad uscire con lui.
Nemmeno 2 giorni dopo veniva ritrovato il corpo di un’altra studentessa della stessa età, Ilaria Sula, uc*isa a Roma dal suo ex fidanzato, accecato dalla gelosia di vederla scambiare messaggi con un nuovo ragazzo.

Se volete partecipare alle live e discutere dei casi insieme a me, vi aspetto su https://www.twitch.tv/bugalalla

Per info e collaborazioni: Press@twitch-crime.com

Abbonati a questo canale per accedere ai vantaggi:
https://www.youtube.com/channel/UCPc806nmf91jkptTvXFvpkg/join

Se non sai come funziona Twitch: http://bit.ly/AbbonarsiBuga

Per indagare sulla mia vita: https://www.instagram.com/bugalalla/

Per il gruppo Telegram: http://bit.ly/GruppoTelegramBuga

#cronaca #podcast #notizie","bugalalla;labuga;buga;bugalla;bugalalla crime;bugalalla true crime;true crime;crime;tg crime;cronaca italiana;notizie;chi l'ha visto;quarto grado;twitch crime;intervista;documentario;film;Francesca bugamelli;psicologia;twitch;sara;campanella;ilaria;sula;femminicidio;femmicidio;roma;messina;stalker;stefano;argentino;mark;samson;madre;mamma;confessione;condanna;carcere;anni;bruzzone;genitori;perchè;femministe;tweener;proteste;social;instagram;tiktok;matt;carus","2025-04-09T11:01:03Z","Bugalalla Crime","UCPc806nmf91jkptTvXFvpkg","25","PT1H57M19S","71682","2871","632","it"
"RQfN2yGfJLo","Femminicidio in via Gorizia, uccisa dal compagno a coltellate","Un caso di femminicidio si è consumato a Civitavecchia, in via Gorizia,7. Una donna bulgara è stata uccisa a coltellate dal compagno venezuelano che si è poi costituito.","trc;telecivitavecchia;civitavecchia;news;notizie","2025-05-15T17:33:46Z","Trc Giornale","UC0FMhTxNxC5McOmva7Hwipg","25","PT1M25S","6915","31","15","it"
"f0oTzSG6khw","""Sono un orfano di femminicidio"", la storia di Massimo Di Pietro - Il Cavallo e la Torre 25/11/2024","https://www.raiplay.it/programmi/playlist24 -Alessandra Maffezzoli aveva 46 anni e viveva a Pastrengo, in provincia di Verona, maestra elementare e mamma di due figli adolescenti, nati da una precedente relazione, quando è stata uccisa nel 2016 da Jean Luca Falchetto, barista di 53 anni, condannato all'ergastolo per il suo omicidio. Parla Massimo Di Pietro, uno dei due figli della donna: ""Io e mio fratello ci siamo sentiti abbandonati dopo la morte di nostra madre, è una mancanza che non potrà mai essere colmata.""","anna maffezzoli;massimo di pietro;femminicidio;testimonianza;il cavallo e la torre","2024-11-26T08:55:43Z","Rai","UCKUzdt2sELyxd6mz-bAx3bA","25","PT4M52S","784","13","1","it"
"7mhqUws0SjY","Il Femminicidio È Un Reato  Discriminatorio? #femminicidio #avvocatopenalista #discriminazione","",NA,"2025-03-08T15:11:40Z","Avvocato Penalista  | Avv. D'Andria Studio Legale","UC7OdmX4BO-OeLCnhqxdtbVA","22","PT1M27S","1494","95","0","it"
"3tXOXc2gvFQ","Femminicidio a Settala, il vicino di casa: «Lui beveva, tragedia che si poteva evitare»","Femminicidio a Settala, il vicino di casa: «Lui beveva, tragedia che si poteva evitare» 

  Le immagini del luogo della strage nel Milanese  (Corriere Tv).  Guarda il video su Corriere: https://video.corriere.it/cronaca/femminicidio-settala-il-vicino-di-casa-lui-beveva-tragedia-che-si-poteva-evitare-/8a6982f2-a402-4588-b5c8-d0a4e2edexlk","Interni;Milano;corriere;corriere della sera;corriere della sera notizie;corriere della sera oggi;corriere della sera ultime notizie;corriere tv;news corriere;settala","2025-05-04T12:38:33Z","Corriere della Sera","UC2lCxEqj8bfRfYbK1FNNNkQ","25","PT48S","43269","69","65",NA
"S-vXebQgTnQ","Femminicidio Matteuzzi, per Padovani ergastolo anche in appello - La Vita in diretta 11/11/2024","https://www.raiplay.it/programmi/lavitaindiretta - La Corte d'assise d'appello di Bologna ha confermato l'ergastolo per Giovanni Padovani, l'ex calciatore e modello 28enne a processo per l'omicidio dell'ex fidanzata 56enne Alessandra Matteuzzi, assassinata a pugni, calci, colpi di martello e panchina nell'agosto 2022 sotto casa, a Bologna. La sentenza è stata letta dal presidente della Corte, Domenico Stigliano. La Procura generale, con la sostituta pg Adele Starita e l'avvocato generale, Ciro Cascone, avevano chiesto la conferma della sentenza di primo grado. Padovani era presente in aula. Le motivazioni saranno depositate entro 90 giorni.","Femminicidio Matteuzzi;per Padovani ergastolo anche in appello;La vita in diretta;Alberto Matano;cronaca;notizie;spettacolo;Rai1;RaiUno","2024-11-11T20:37:43Z","Rai","UCKUzdt2sELyxd6mz-bAx3bA","25","PT2M3S","14438","81","34","it"
"EcZR_Q1h9ZE","Femminicidio Ilaria Sula, Valentina Pitzalis: ""Dopo Giulia Cecchettin accade di nuovo, sconvolgente""","Femminicidio Ilaria Sula, Valentina Pitzalis: ""Dopo Giulia Cecchettin accade di nuovo, sconvolgente""

""Occorre insegnare il rispetto nelle scuole, età media si sta abbassando""

Cronaca (Roma ). ""Sono molto ironica nonostante la tragedia, affrontare le cose con il sorriso dà una marcia, non so dove ho trovato la forza per trasformare odio e rancore in qualcosa di positivo. Importante denunciare, senza vergognarsi, la vergogna è di chi è violento, non di chi subisce violenza. Sconvolgente che dopo Giulia Cecchettin fosse arrivata la spinta per far sì che non succedesse più qualcosa del genere ma l'età media si sta abbassando, serve educazione al rispetto dell'essere umano nelle scuole, l'età è sempre più bassa, il carnefice deve capire che non vive in un videogioco e le sue azioni hanno conseguenze personali, nella società e nei suoi familiari. Noi però non ci arrendiamo"". Lo ha dichiarato Valentina Pitzalis, ai margini dell'evento ""Woman for Woman"" alla ""Nuvola"" a Roma.  (Pasquale Luigi Pellicone/alanews)



Trascrizione generata automaticamente

sono molto ironica nonostante la tragedia che che mi ha toccato e credo che affrontare le cose con un sorriso a zia una marcia in più una forza in più non so dove ho trovato la forza perché mi è arrivata da dentro però sono riuscita veramente a fare un switch e trasformare quella che era l'odio il rancore la differenziazione per quello che mi era stato fatto invece positivo collaboro con una ONLUS da tantissimi anni fare per bene Onlus a fianco a lei giro tutta l'Italia va nelle scuole per portare la mia testimonianza importante è veramente fare non vergognarsi mai non è che subisce violenza che si deve vergognare Ma chi l'acqua è unirci non siamo sole insieme veramente potremmo cambiare le cose però tutti insieme a Uomini e Donne Il problema non è solo nostro degli ultimi episodi più quelli che hanno fatto più rumore sui mi diciamo letame  veramente basta sono dei ragazzi ma perché sembrava veramente che ci fosse che sembrava ci fosse la giusta spinta dalla voglia di farti che questo non accadesse più per proprio scioccato La giovane età di Giulia Ma i fatti di cronaca come l'estate che continuano a confermare che l'età media si sta abbassando sempre di più per quello che noi continuiamo a insistere nelle scuole perché lì il primo posto dove fare educazione all'affettività cercare di fargli capire che il rispetto verso l'essere umano verso il prossimo un valore imprescindibile non si può far finta che di essere dentro un video gioco che le nostre azioni non abbiano conseguenza perché non è solo la vittima in realtà quella a subire ma anche per le famiglie  carnefice le famiglia delle vittime è tutta la società quindi è sconvolgente noi non ci arrendiamo però avanti tutta","Cronaca;acido;femminicidio;ilaria sula;valentina pitzalis","2025-04-02T18:10:52Z","alanews","UCA97hGD0SHQNIvXK8aEpxrw","25","PT2M9S","492","4","11",NA
"IQ7DJ3tAYX4","Ilaria Sula e Sara Campanella, i due femminicidi a confronto.Tutte le somiglianze","📌 Ilaria Sula e Sara Campanella. Due femminicidi a distanza di poco tempo; due omicidi che, in qualche modo, seguono lo stesso copione, tra somiglianze e punti in comune. A partire dall’età delle due ragazze: sia Ilaria che Sara avevano 22 anni. Loro, quindi, le donne più giovani uccise dall’inizio del 2025. In totale, sono 11. Come loro: Eliza Stefania Feru, Maria Porunbescu, Jhoanna Nataly Quintanilla Valle, Eleonora Guidi, Cinzia D’Aries, Tilde Buffoni, Sabrina Baldini Paleni, Ruslana Chornenka, Laura Papadia. Tutte ammazzate da mariti, fidanzati, compagni, ex.

L’analisi delle somiglianze con Vittorio Russo.

#tgla7",NA,"2025-04-04T15:07:23Z","TG La7","UCYj2t05uU65UrlI1f0OGhlg","24","PT1M48S","12443","210","23","it"
"vG_6ICxGe_k","L'ergastolo automatico per i femminicidi non è la soluzione","Ne abbiamo parlato su Breaking Italy, puntata intera sul nostro canale","breakingitaly;news;notizie;informazione;intrattenimento;infotainment;mondo","2025-05-30T11:01:42Z","Breaking Italy","UC4V3oCikXeSqYQr0hBMARwg","25","PT2M12S","5901","437","20","it"
"bqvnQiJWYcY","Un Altro Femminicidio… Di Chi è La Colpa?","Grazie Per Aver Guardato, Unisciti All'Esercito e Insieme Ci Prenderemo Tutto!

Abbonati Al Canale Per Dei Nuovissimi Contenuti Pazzi :)

Seguimi Su:
Instagram: @federicogaetanii
TikTok: @federicogaetanii
X: @FredGaetani
Snapchat: @fredgaetani

Siamo Un Esercito!

#shorts","Divertimento;Vlogs;Drama;Live Streaming","2025-04-07T17:27:24Z","Federico Gaetani","UC2bOr6HOm3hDuAS0ZMlhrtg","24","PT1M40S","143072","10133","200","it"
"5Mz0PAyPNqM","Il femminicidio di Noemi Durini - Generazione Z del 30/04/2024","https://www.raiplay.it/programmi/generazionez - La ricostruzione del femminicidio di Noemi Durini, la 16enne uccisa a pietrate a Specchia dall'ex fidanzato Lucio Marzo.","Generazione Z;Rai2;Monica Setta;giovani;femminicidio Noemi Durini;Noemi Durini","2024-05-02T09:27:27Z","Rai","UCKUzdt2sELyxd6mz-bAx3bA","25","PT1M51S","4739","24","18","it"
"ywjdBsbCjW8","Il femminicidio di Marisa Leo - Filorosso extra - 12/09/2023","https://www.raiplay.it/programmi/filorosso - A Marsala per raccontare l'ennesima storia di violenza e omicidio di una donna, una mamma, Marisa Leo","attualità;approfondimento;Filorosso;Rai 3;Manuela Moreno","2023-09-13T09:22:40Z","Rai","UCKUzdt2sELyxd6mz-bAx3bA","25","PT4M7S","13648","150","40","it"
"pubLCwezTZw","Femminicidio in strada a Roma, fisioterapista uccisa con un fucile dall'ex","Ancora cronaca con l'ennesimo caso di uccisione di una donna. Questa volta è successo a Roma, con la vittima uccisa a colpi d'arma da fuoco in strada
.
Tg2000 va in onda dal lunedì al sabato alle ore 8.30, 12, 14.55, 18.30 e 20.30 e la domenica alle ore 18.30 e 20.30 su Tv2000 | Canale 28 dtt – 157 Sky – https://www.tv2000.it/live
Per rivedere tutte le edizioni ▶ https://www.tv2000.it/tg2000
Rivedi tutti i programmi di TV2000 sulla nostra App Play2000: https://www.play2000.it/thanks","tv2000;notizie;informazione;news;tg2000","2024-07-04T17:23:41Z","TG2000","UC_bFWlnnADxGUXA3igouBiw","25","PT1M24S","1929","14",NA,"it"
"8O0RH8cNf4c","Gigliola Bono: ""Il FEMMINICIDIO di mia figlia""","Gigliola Bono è la mamma di Monia, uccisa dal suo ex fidanzato a 19 anni.
Questa è la sua storia ed è la storia di tante altre famiglie che, oltre al dolore più grande, devono subire anche un altro vergognoso oltraggio.

Quello che ci racconta Gigliola è anche la storia dopo un femminicidio. Quella che nessuno racconta mai.
Dopo il clamore e l’indignazione del momento. 
È la storia delle altre vittime di un femminicidio, madri e padri, figlie e figli, sorelle e fratelli della donna uccisa.

 #robadadonne #femminicidio #giornatainternazionaleperleliminazionedellaviolenzacontroledonne 
-------------------------------------------------------------------------------------------------------------

Per non perderti i nostri video iscriviti al nostro canale YouTube: https://www.youtube.com/channel/UCd5_RNvJvPT7KoOqDwCRlew?sub_confirmation=1 e vieni a trovarci sul sito https://www.robadadonne.it/

Unisciti alla nostra community Facebook https://www.facebook.com/robadadonne/
E diventa anche tu nostra follower su Instagram https://www.instagram.com/robadadonne/","robadadonne;25 novembre;violenza sulle donne;stop violenza sulle donne","2020-11-25T13:30:00Z","ROBA DA DONNE","UCd5_RNvJvPT7KoOqDwCRlew","22","PT7M2S","25016","1838","156","it"
"2xVn5VMm7lQ","Femminicidio Sara Di Pietrantonio, parla la madre: ""Dolore infinito""- Detectives 13/03/2025","Scopri gli ultimi video in evidenza di Playlist24 su www.raiplay.it - Tina Raccuia è la madre di Sara Di Pietrantonio, 22enne uccisa e date alle fiamme dal suo fidanzato, Vincenzo Paduano, il 29 maggio 2016 a Roma. Paduano è stato condannato all'ergastolo. Fu Tina a ritrovare il corpo carbonizzato della figlia. Ricorda ogni dettaglio di quel giorno. Dopo la tragica e terribile perdita di Sara, Tina Raccuia si è dedicata con determinazione alla sensibilizzazione contro la violenza di genere, incontrando i giovani nelle scuole. ""È l'unico modo che ho trovato per dare un senso a questo dolore che non finirà mai"".","femminicidio;Sara Di Pietrantonio;madre;Tina Raccuia;omicidio;cronaca nera;Detectives;casi risolti e irrisolti;Rai 2;PlayList 24","2025-03-14T09:10:33Z","Rai","UCKUzdt2sELyxd6mz-bAx3bA","25","PT9M31S","3114","62","6","it"
"3sqp1kjFbqQ","Femminicidio Tramontano, ergastolo per Impagnatiello: ""Per la famiglia di Giulia non è una vittoria""","Ergastolo ad Alessandro Impagnatiello per l'omicidio di Giulia Tramontano, 29enne incinta al settimo mese. In aula, dopo il verdetto, le lacrime dei familiari della donna, il cui avvocato dichiara: ""Per loro non è una vittoria, perché la sconfitta l'hanno conosciuta quando Giulia ha smesso di vivere"". 

https://youmedia.fanpage.it/video/aa/Z0SYuuSwoTsL3jJ0","ergastolo;impagnatiello;tramontano","2024-11-25T16:32:45Z","Fanpage.it","UCWJhBqnyVdHAuxexgjghNFw","25","PT3M28S","91801","1047","554",NA
"tZtxn5-c4bw","Sara Campanella uccisa da un suo compagno d'università - La Vita in Diretta 01/04/2025","https://www.raiplay.it/programmi/lavitaindiretta - Si chiama Stefano Argentino, 27 anni, di Noto (Siracusa), collega di università a Messina di Sara Campanella. È stato fermato per il femminicidio della 21enne. I due non avevano alcuna relazione, ma lui la tormentava da due anni, tanto che Sara lo definiva quando ne parlava alle amiche ""il malato"". L'accusa nei confronti di Argentino è di omicidio pluriaggravato. Gli impianti di videosorveglianza nella strada dove è avvenuto il femminicidio e le testimonianze dei compagni di corso di Sara Campanella hanno permesso l'arresto del 27enne.","Sara Campanella;Messina;Noto;Siracusa;femminicidio;Sicilia;università;Stefano Argentino;coltello","2025-04-01T16:26:58Z","Rai","UCKUzdt2sELyxd6mz-bAx3bA","25","PT6M4S","185067","1753","954","it"
"fj6Ewv0MoJs","Ennesimo femminicidio, morta la 61enne accoltellata dal marito a Grugliasco","https://grp.it/",NA,"2025-05-29T15:39:33Z","GRPtelevision","UCoBy5y__oZg4F2QOKmcxN3g","17","PT1M45S","66","2","0","it"
"fhE1wx_zJP4","Femminicidio Afragola, la docente: Mi sento tradita #perte #scuola #docenti #studenti","",NA,"2025-05-30T10:21:32Z","Tecnica della Scuola - Notizie scuola","UCZJknZKwJsGnq3Ij7Xzha9g","27","PT12S","792","16","0","it"
"4DWlS0jc-eY","Afragola, dolore e rabbia per Martina: la voce della comunità","Afragola, dolore e rabbia per Martina: la voce della comunità

Giustizia è quello che chiedono i cittadini sconvolti dalla morte di Martina Carbonaro

Cronaca (Afragola). Afragola è sconvolta dalla tragica morte di Martina Carbonaro, la 14enne ritrovata senza vita nei pressi del campo Moccia. Sgomento, dolore e rabbia tra i numerosi cittadini che sono passati dal luogo del ritrovamento per lasciare un mazzo di fiori accompagnato da un pensiero personale per la 14enne. ""Non la conoscevo, ma ora è figlia di tutti"", racconta una signora, visibilmente commossa. ""Non si può morire così, a 14 anni. È una barbarie. Serve la giustizia"".
""Se ami qualcuno, non lo uccidi. Qui c'è un problema culturale enorme"", ha detto un'altra signora accorsa sul luogo per lasciare un bigliettino accanto a un mazzo di fiori. ""Basta femminicidi"", con questa frase si concludeva il pensiero rivolto alla giovane ragazza. ""Ho scelto appositamente dei fiori bianchi in un involucro rosso"", ha continuato. ""Giustizia, bisogna fare giustizia. Mi auguro che lo Stato faccia una legge per cui chi uccide qualcuno deve restare in carcere per tutta la vita"". (di Raffaele Accetta) (Rossana Quarato/alanews)



Trascrizione generata automaticamente","Afragola;Cronaca Italiana;Martina Carbonaro;omicidio","2025-05-28T11:02:43Z","alanews","UCA97hGD0SHQNIvXK8aEpxrw","25","PT3M29S","17442","324","176",NA
"ZpXhqEUsOMM","Ecco come è stata uccisa Ilaria Sula - La Vita in Diretta 02/04/2025","Scopri gli ultimi video in evidenza di Playlist24 su www.raiplay.it - Il femminicidio è avvenuto nell'appartamento del suo assassino e reo confesso, Mark Samson, che poi ha messo il corpo di Ilaria Sula in una valigia, caricata in auto e portata in un bosco a 40 km da Roma. I due avevano avuto una relazione, poi interrotta da lei. Ilaria Sula aveva 22 anni, studentessa di Statistica alla Sapienza. Samson, 23enne, studente in architettura, viveva con i genitori al quartiere africano di Roma.","femminicidio Ilaria Sula;femminicidio;omicidio;delitto sula;la vita in diretta;ilaria sula;non una di meno;violenza contro le donne","2025-04-02T17:45:23Z","Rai","UCKUzdt2sELyxd6mz-bAx3bA","25","PT8M47S","171045","1530","486","it"
"al8HTTwIuLI","Femminicidio: rispondo alle critiche","Accedi al network di Regus con uno sconto esclusivo del 10%: https://bit.ly/48wwr14

SUPPORTA BREAKING ITALY SUL NOSTRO NUOVO SITO! - https://t.ly/UnH1e
Il nuovo canale YouTube di Grandi linee - https://www.youtube.com/@GrandiLinee

----LINK DI OGGI:
""If you torture the data long enough, it will confess""
https://twtr.to/Nhdxk

Femminicidi nel 2023 (ONU)
https://twtr.to/JhQZF

Analisi criminologica della violenza di genere (Ministero dell'Interno)
https://twtr.to/UF8RK

Vittime di omicidio 2023 (Istat)
https://jpeg.ly/ACQm9

Gli immigrati commettono più violenze sessuali?
https://jpeg.ly/srG72

Più giustizia, meno femminicidi
https://jpeg.ly/WRT2_

La Cop29 in Azerbaigian
https://ibit.ly/7bWX2
https://ibit.ly/M3fRh
https://ibit.ly/DQTWC
https://twtr.to/JB49F

Cosa sono le Cop
https://ibit.ly/lDbju
https://twtr.to/BvkNN

L'accordo che ha scontentato un po' tutti
https://ibit.ly/sfVQH
https://ibit.ly/yeqB3
https://ibit.ly/uEWjz
https://ibit.ly/l0dso

Lo zampino dell'Arabia Saudita
https://twtr.to/1LeFU

La lettera degli esperti
https://twtr.to/4z54Y

La dichiarazione congiunta dei tre economisti climatici
https://twtr.to/OrHXy

Grillo chiede di ripetere la votazione
https://twtr.to/u6Flv
https://twtr.to/q-CdU
https://twtr.to/ocL65

----CONTATTI: 
Facebook di Breaking Italy - https://bit.ly/3vOGihs
Instagram di Breaking Italy - https://bit.ly/35zEYEr
Telegram: https://t.me/breakingitalynews
Facebook (Personale): https://bit.ly/3TnydKo
Twitter (Personale): http://bit.ly/zQtyfp
Instagram (Personale): http://bit.ly/shystagram
 
PER CONTATTARCI VIA MAIL: 
Per business, attività, promozioni, eventi, collaborazioni:  
business@breakingitaly.it

Per contattare la redazione: redazione@breakingitaly.it

----ALTRO:
Gruppo su Facebook (gestito dalla Gentaglia) https://bit.ly/3Jn5BMx

 #femminicidio #critiche #dati","breakingitaly;news;notizie;informazione;intrattenimento;infotainment;mondo;alessandro masala;femminicidio;critiche;dati;giulia cecchettin;giulia tramontano;governo;italia;politica;meloni;valditara;25 novembre","2024-11-26T18:19:21Z","Breaking Italy","UC4V3oCikXeSqYQr0hBMARwg","25","PT19M59S","136621","10430","4157","it"
"2xu2yp--65U","Femminicidio Giulia Cecchettin, ergastolo per Turetta: la sentenza della Corte d'Assise di Venezia","Filippo Turetta è stato condannato all'ergastolo per il femminicidio di Giulia Cecchettin, avvenuto l'11 novembre 2023 a Fossò, in provincia di Venezia. La sentenza della Corte d'assise di Venezia è stata letta dal presidente del Collegio Stefano Manduzio. Tutti gli aggiornamenti su Repubblica",NA,"2024-12-03T15:41:40Z","La Repubblica","UC9ePmjVRHLL8x8vq5fOKflg","25","PT2M55S","309493","3872","2149","it"
"mxgz-AcPCEI","Femminicidio Settala, le testimonianze dei vicini di casa della coppia - Ore 14 del 05/05/2025","https://www.raiplay.it/programmi/ore14 - Parlano i vicini di casa di Amina, la donna uccisa dal marito a Settala, nel milanese, davanti alla figlia che ha chiamato i soccorsi.","Ore 14;Rai2;cronaca;Milo Infante;settala;femminicidio settala;milanese femminicidio;amina settala","2025-05-05T16:01:23Z","Rai","UCKUzdt2sELyxd6mz-bAx3bA","25","PT1M33S","2980","38","4","it"
"NA2pcEXsW-8","FEMMINICIDI: la manica larga di NonUn*DiMeno","Il movimento femminista Non Una Di Meno pubblica ogni mese la conta dei femminicidi dell'anno corrente. I conti tornano?

La replica integrale della diretta, da cui è tratto questo video, è disponibile qui https://youtu.be/gxEcqz0JgCo
Se volete recuperare anche tutta la chat live della diretta originale, la trovate qui https://youtube.com/live/0PDSY0LRL8Y riservata agli abbonati.

• Siamo LIVE qui su YouTube ogni lunedì alle ore 21!
• Link per supportare il canale e accedere ai vantaggi https://www.youtube.com/channel/UCaM-zH6ji5kWncFMaBBc7Yg/join
• Per proposte e collaborazioni: wesachannel@gmail.com [N.B. Utilizziamo questa mail per valutare collaborazioni con altri creator o aziende, NON per fare le chiacchiere. Chi ci scriverà mail per commentare i nostri video verrà bloccato. Per commentare c'è l'apposita sezione sotto ogni video!]

Tutte le opere che consiglio, 
su Amazon: https://www.amazon.it/shop/wesachannel

👾 WesaTwitch: https://www.twitch.tv/wesatwitch
♦ YouTube Eugenio Mamprin: https://www.youtube.com/@eugeniomamprin  
♦ Cantina Wesa: https://www.youtube.com/channel/UC_qCxaUT6zY3yS8jgMKQfRg
♦ Canale delle clip: https://www.youtube.com/@PolleggioYT 
♦ Su Lo Spareggio parliamo di sport: https://www.youtube.com/@UCcG1M2y4endnZD23woNcoug 
♦ WesaPlay: https://www.youtube.com/c/WesaPlay
♦ Instagram Ricky: https://www.instagram.com/wesapics/
♦ Instagram Eugenio Mamprin: https://www.instagram.com/eugenio_mamprin/ 

♦ Silicon Arcadia: https://siliconarcadia.substack.com/
♦ Il come della cosa: https://ilcomedellacosa.substack.com/
♦ Quasi Vero: https://quasivero.substack.com/

Cosa uso per fare i video?

📹 Webcam Elgato Facecam: https://amzn.to/3HzqIux
🎙 Microfono Shure MV7: https://amzn.to/31ktv9H
🟩 Green Screen Elgato: https://amzn.to/3gJMUCJ

Questo canale aderisce al programma di affiliazione Amazon e in qualità di affiliato Amazon io ricevo un guadagno dagli acquisti idonei (guadagno commissioni dai link Amazon presenti in questa descrizione).
----------------
femminicidi numeri reali femminicidi non una di meno gonfia i numeri dei femminicidi? femminicidi numeri gonfiati? non una di meno conta dei femminicidi quanti sono veramente i femminicidi violenza sulle donne numeri reali 25 novembre antisessismo diritti dei maschi nonunadimeno gonfia i numeri dei femminicidi numeri falsi? numeri falsi femminicidi? femministe misandriche femministe misandria wesa nonunadimeno wesa femminicidi la manica larga di nonunadimeno

#wesa #eugeniomamprin  #attualità #femminismo #sessismo  #nonunadimeno #diritticivili #marcocrepaldi #paritàdigenere #antifemminismo #misandria #yasminapani","Wesa;Eugenio Mamprin;Femminismo;Genere;Misandria;misoginia","2024-08-14T10:04:11Z","WesaChannel","UCaM-zH6ji5kWncFMaBBc7Yg","25","PT6M49S","30982","1717","445","it"
"fWiLp1ErHx4","Amore criminale - Storie di femminicidio - Puntata del 16/02/2020","Eligia ha 35 anni e dopo una vita di sacrifici riesce a lavorare come infermiera presso l'ospedale di Siracusa. La ragazza da anni ha una relazione con Christian, ma il loro matrimonio non è propriamente un idillio tra violenze, assenze del marito e problemi economici di vario genere. Nel 2014 Eligia rimane incinta. Pensa che questo evento possa cambiare Christian che invece diventa sempre più chiuso nei suoi confronti. Infatti lui ritiene che questo evento possa limitare la sua libertà. La coppia vorrebbe separarsi ma nella mentalità del Sud Italia il matrimonio è ancora una cosa sacra ed Eligia sopporta. La sera del 19 gennaio 2015 Christian vorrebbe uscire, ma Eligia - incinta di 8 mesi - gli chiede di rimanere in casa; a quel punto tra i due si scatena un litigio. L'uomo colpisce la donna in testa e poi la soffoca. Quando sente che il polso non da più risposte, inizia a eliminare le tracce dell'omicidio. Quindi cerca di virare il caso in un episodio di malasanità e per otto mesi riesce nel suo intento. Ma i sospetti del padre di Eligia, Agatino, fanno in modo che il corpo della figlia non sia cremato e che le indagini si spostino su suo marito. Il 5 dicembre 2018, in primo grado, Christian viene condannato all'ergastolo.
LA PUNTATA INTEGRALE SU RAIPLAY
https://www.raiplay.it/video/2020/02/amore-criminale---storie-di-femminicidio-7632fdaa-6651-4b99-bb02-60f492bbd5dd.html?wt_mc=2.google.yt.rai_amorecriminale.&wt
TUTTI I VIDEO E LE PUNTATE https://www.raiplay.it/programmi/amorecriminale/?wt_mc=2.google.yt.rai_amorecriminale.&wt","Amore Criminale;Vittime di femminicidio;Veronica Pivetti;rai tre;raitre;rai3;rai 3;rai;raiplay;2020;puntate;video;RAI;programma tv;16/02/2020;Storie di femminicidio;femminicidio","2020-02-17T14:11:50Z","Rai","UCKUzdt2sELyxd6mz-bAx3bA","25","PT12M15S","195792","1760","135","it"
"VXUVCEHUAjw","Femminicidi, patriarcato, educazione sentimentale e relazioni.","Ne abbiamo parlato con lo psichiatra e sociologo Paolo Crepet. 

#crepet #psicologia #femminicidio #shorts","Paolo Crepet;psicologia;femminicidio","2023-11-24T13:51:57Z","La7 Attualità","UC2_ZJDH5PXEoJJz9zAvBuiA","24","PT1M","60253","1674","95","it"
"ca1aGQkypd8","Treccani e la definizione di ""femminicidio""","Per l'ennesima volta Treccani dà spazio a opinioni antiscientifiche, ad affermazioni non dimostrate, mal scritte, false e pericolose, solo per sfruttare la moda del femminismo social, contribuendo peraltro anche a svilire la discussione sulla violenza di genere, che è ormai ridotta a una pagliacciata, un circo in cui emerge chi grida più forte, chi fa l'affermazione più eclatante, chi insomma ha meno a cuore la verità e il dialogo serio e razionale. Un istituto nobile come Treccani dovrebbe essere animato da tutt'altro intento e seguire un rigore non solo scientifico ma anche deontologico, venuti invece completamente a mancare, come denuncio ormai da anni. Come sempre, ribadisco che il silenzio è complicità: tutti voi scrittori, giornalisti e insegnanti, che tacete dinanzi a queste cose perché non volete perdere un follower o un'occasione di pubblicare, o semplicemente la vostra bella faccia costruita per piacere al pubblico, siete colpevoli.
E vili.
Buon anno a tutti coloro che ancora lottano per un mondo in cui trionfi la ragione:

Libertá vai sognando, e servo a un tempo
vuoi di novo il pensiero,
sol per cui risorgemmo
della barbarie in parte, e per cui solo
si cresce in civiltá, che sola in meglio
guida i pubblici fati.
Cosí ti spiacque il vero
[...] Per queste il tergo
vigliaccamente rivolgesti al lume
che il fe’ palese.

Per fare lezione con me:
https://yasminapani.it/corsi/",NA,"2023-12-31T10:53:52Z","Yasmina Pani","UCnC-9IcGBeVuWccBypwOGuA","27","PT3M47S","41607","3797","1130","it"
"QuHZX9E1zCY","Braccialetto elettronico, Alessia: ""Io vittima di tentato femminicidio sono stata lasciata sola""","Braccialetto elettronico, Alessia: ""Io vittima di tentato femminicidio sono stata lasciata sola""

La giovane donna: ""Le parole di Nordio? Vergognose. Non siamo noi a doverci nascondere""

Cronaca (Roma). Alessia, nome di fantasia, è vessata da anni dal suo ex fidanzato che, dopo molte violenze, ha tentato di strangolarla e che ancora oggi, dopo anni e varie cause in corso, non la lascia libera di vivere la propria vita. ""Le parole del ministro Nordio? Le trovo vergognose, è un po' come dare un'autorizzazione in più e dire va bene voi fate poi sono loro che devono nascondersi. Che il delinquente è fuori e la vittima deve rinchiudersi. Il braccialetto elettronico è una pagliacciata, io ho avuto un codice rosso in due settimane, sulla carta, poi sono stata lasciata da sola, a lui che è armato, non lo hanno neanche messo il braccialetto. Stiamo aspettando che mi uccida e poi potranno portarmi i fiori"", afferma Alessia. ""Per colpa sua ho dei traumi psicologici irreversibili. Non posso uscire come facevo normalmente, mi sento sospesa e questa sospensione sta aggravando di mese in mese la mia salute. Il problema in Italia non sono le pene o le leggi ma il fatto che non vengano applicate. Non si muore soltanto con il colpo di pistola o lo strangolamento, si può morire anche lentamente, ed è quello che mi sta capidando negli ultimi anni"". (Marco Vesperini/alanews)



Trascrizione generata automaticamente

tentato omicidio perché lui ha tentato di strangolare mi è avvenuto qualche anno fa e però ancora oggi stiamo discutendo in tribunale quindi Ma io Oltre la stanchezza mentale fisica i problemi di salute dovuti a tutto questo quindi non solo le violenze subite perché la violenza è una prima fase Ok dove tu soffri da morire e li accumuli una serie di traumi va bene ma il dopo perché prima quando era in quella fase delicata anche dopo il tentato omicidio quindi dopo che intervenute le forze dell'ordine eccetera eccetera mi era stato detto ovviamente Anzi lo stata proprio incentivata a denunciare poi quando ho tentato di strangolare di strangolare mi era inevitabile io ho denunciato momento in cui io ho denunciato Praticamente sono rimasta sola sola totalmente come un cane perché andavo in questura dopo la denuncia novikova  denunciato Quindi lui Appena viene sotto casa per esempio ti chiamo la polizia intervengono in questura è venuto sotto casa mia Citofona ta le tre di notte mi minaccia mi chiama in vari modi e mi insulta le ha fatto la denuncia Sì e allora dobbiamo aspettare Sono arrivata anche alla conclusione di dico forse era meglio che rimanevo uccisa quel giorno perché sto vivendo da anni con l'ansia che questo qui perché è libero armato voleva come stavo dicendo prima fare una vetrinetta a casa nostra perché stava acquistando poi l'ho lasciato nei definitivamente quindi non so però sta acquistando una bomba a mano una mitraglietta e aveva comprato una mazza di ferro pieno il tirapugni Insomma tutte cose che non è che sono proprio normali ho continuato dopo la denuncia Quindi come se nulla fosse non è successo niente anzi non solo mia Anche diffamata perché dice  giro che io ovviamente come tutti i narcisisti che era una pazza che non avevo sporto denuncia invece ha fatto una grande denuncia che non ho fatto nulla e quindi non era vero niente E lui continua inizia questa relazione quasi sin da subito morbosa Quindi con una forte gelosia nei miei riguardi una vera e propria ossessione ovvero non potevo fare nulla non potevo parlare con nessuno donne uomini era uguale Non potevo andare in palestra non potevo fare danza non posso fare nulla Lui decide quando io lo lascio la prima volta perché già erano iniziate le prime violenze quindi primi strattonamenti schiaffi spintoni oggetti volanti o anche se sono guarite da un annetto circa delle cicatrici per alcuni oggetti che mi sono arrivati addosso appunto a causa sua ho problemi psicologici adesso perché  dei traumi che come mi ha detto insomma più di un esperto e sono irreversibili quindi lui Comunque mi ha lasciato dei traumi che io potrò cioè potrò conviverci non potrò più superare non posso uscire diciamo come facciano facevo normalmente non posso allenarmi come facevo normalmente perché questo stato di fermo perché sono sospesa Eccomi sono mi sento molto sospesa questa sospensione e mi sta grande ormai di mese in mese la mia salute quindi per farla breve Un giorno sto bene sul set questa cosa appunto che è stata detta io la trovo vergognosa perché è un po' come dire quei discorsi un po' antichi no stiamo tornando indietro un po' come dire mettere la minigonna altrimenti sei soggetta alla violenza no è un po' Come dare un autorizzazione in più a dire Vabbè voi fate tanto loro devono stare attente no non esiste io devo poter uscire  nel 2025 ragazza 30 anni da sola di notte o tornare a casa mia perché io io devo stare semp","Cronaca;Femminicidio; Braccialetto elettronico;","2025-05-30T06:44:15Z","alanews","UCA97hGD0SHQNIvXK8aEpxrw","25","PT6M29S","61","2","1",NA
"3l8sjbWAUIQ","La ministra Eugenia Roccella sul ddl Femminicidio - XXI Secolo 10/03/2025","https://www.raiplay.it/programmi/xxisecolo - A poche ore dall'approvazione da parte del Consiglio dei Ministri del ddl sui femminicidi, Eugenia Roccella, Ministra per la Famiglia, la Natalità e le Pari Opportunità, è ospite del faccia a faccia con Francesco Giorgino per spiegare i particolari del provvedimento.","Eugenia Roccella;Ministra;DDL;Femminicidio;violenza sulle donne;Pari Opportunità;legge;intervista;Rai 1;XXI Secolo;attualità;Francesco Giorgino","2025-03-11T08:43:43Z","Rai","UCKUzdt2sELyxd6mz-bAx3bA","25","PT5M5S","659","8","23","it"
"KiAB3lZw7zc","Parla la mamma di Desirée, vittima di femminicidio - Avanti Popolo 12/12/2023","https://www.raiplay.it/programmi/avantipopolo - Ad Avanti Popolo la mamma di Desirée Mariottini, la 16enne uccisa a Roma nel 2018, racconta la terribile tragedia. La donna non potrà mai perdonare i 4 uomini che sono stati condannati per l'omicidio della figlia.","Rai3;Avanti Popolo;Nunzia De Girolamo;notizie;Desirée Mariottini","2023-12-13T09:55:03Z","Rai","UCKUzdt2sELyxd6mz-bAx3bA","25","PT12M30S","18964","246","69","it"
"c5u4VjkJ8zE","Femminicidi, è tempo che gli uomini facciano la loro parte nella lotta alla violenza patriarcale","Dopo questi anni in cui siamo scese in piazza, abbiamo acquisito consapevolezza collettiva e portato il dibattito sul tavolo della politica, pensavamo che la violenza di genere fosse qualcosa che stessimo piano piano superando. E per questo la credevamo più diffusa tra le generazioni più anziane, quelle dei nostri genitori e dei nostri nonni, che sono cresciute in un contesto molto diverso dal nostro, in cui alcune cose erano considerate normali e non venivano messe in discussione. Poi però arrivano le notizie dei femminicidi di Sara Campanella e Ilaria Sula, entrambe poco più che ventenni, uccise da coetanei. E ci chiediamo cosa stiamo sbagliando. Il punto è che il processo di emancipazione femminile non sta andando di pari passo con quello di decostruzione maschile, anzi. È il momento che gli uomini siano davvero coinvolti in questo processo, e facciano la loro parte per cambiare davvero le cose. 

https://youmedia.fanpage.it/video/aa/Z--oY-SwrSH05z6Q","femminicidi;giovani;patriarcato;violenza di genere","2025-04-04T10:36:11Z","Fanpage.it","UCWJhBqnyVdHAuxexgjghNFw","25","PT4M50S","5448","165","221",NA
"Jo2UUUX1jd8","Femminicidio Afragola, Martina uccisa dopo rifiuto abbraccio","Per tutte le news visita il sito https://tg24.sky.it 

Segui Sky tg24 su:
 • Facebook: https://www.facebook.com/SkyTG24/
 • Instagram: https://www.instagram.com/skytg24/ 
 • Twitter: https://twitter.com/SkyTG24","30-05-2025;FLUID;afragola;cronaca;femminicidio;martina;news;notwitter;youtube","2025-05-30T14:01:29Z","Sky tg24","UCz6E3lF72mb6uoJ-mOlNo2A","25","PT1M35S","40","1","1",NA
"RcfH8rnStoQ","Femminicidio Roma, Annarita uccisa dall'ex geloso - Estate in diretta 07/08/2024","https://www.raiplay.it/programmi/estateindiretta - 
Anna Rita Morelli, uccisa dal marito per 300 euro di alimenti: ""Non mi separo, piuttosto l'ammazzo""","Femminicidio Roma;Anna Rita Morelli;Estate in diretta;Nunzia De Girolamo;Gianluca Semprini;Gigi Marzullo;cronaca;attualità;Rai1;Rai","2024-08-07T19:13:32Z","Rai","UCKUzdt2sELyxd6mz-bAx3bA","25","PT2M8S","19853","146","77","it"
"EF0Aqn9cLrc","Vera Squatrito: il femminicidio della figlia Giordana - Storie di donne al bivio 09/10/2024","https://www.raiplay.it/programmi/storiedidonnealbivio - Vera Squatrito torna a parlare di Giordana Di Stefano, la figlia uccisa a 20 anni dall'ex compagno da cui aveva avuto una bambina","Vera Squatrito;Giordana Di Stefano;femminicidio;figlia;ricordo;rabbia;Storie di donne al bivio;Monica Setta;interviste;Rai Due;video;programma tv","2024-10-11T18:00:07Z","Rai","UCKUzdt2sELyxd6mz-bAx3bA","25","PT18M45S","8922","94","5","it"
"kX-bVy1XEP8","Il femminicidio di Ilaria: la madre dell'assassino è complice - Storie italiane 09/04/2025","https://www.raiplay.it/programmi/storieitaliane - L'assassino potrebbe aver avuto due complici per trasportare il corpo di Ilaria, la madre di Mark indagata per concorso in occultamento di cadavere","ilaria sula;mark samson;roma;femminicidio;filippini","2025-04-09T09:25:36Z","Rai","UCKUzdt2sELyxd6mz-bAx3bA","25","PT5M35S","44147","334","100","it"
"NPTPemyPeUI","Omicidio Quaranta: confermato ergastolo, è femminicidio - FarWest 29/11/2024","https://www.raiplay.it/programmi/farwest - Lorena Quaranta è stata uccisa dal fidanzato durante il lockdown nella villetta dove i due convivevano, condannato all'ergastolo. Dopo il primo processo, la Cassazione aveva rinviato alla Corte d'Assise d'Appello di Reggio Calabria per stabilire se ci fossero le attenuanti generiche a causa dello ""stress da covid"". L'inviata Chiara Ingrosso ricostruisce quanto accaduto e tenta di rispondere a una domanda: i due, come dicono quasi tutte le testimonianze, formavano davvero una coppia affiatata o forse il loro era un rapporto più morboso e possessivo di quanto sia stato raccontato?","femminicidio;violenza contro le donne;vittima di femminicidio;lorenza quaranta;omicidio quaranta;delitto quaranta;Lorena Quaranta","2024-12-03T09:00:31Z","Rai","UCKUzdt2sELyxd6mz-bAx3bA","25","PT17M51S","17050","213","55","it"
"2Y0E-rw865s","Giulia Tramontano è vittima di femminicidio e lo sapevamo tutte","Quella di Giulia Tramontano, la ragazza di 29 anni al settimo mese di gravidanza, è una storia di cui tutte sentivamo di conoscere già il finale. È stata uccisa dal compagno. Perché la prima cosa a cui pensiamo quando una donna sparisce nel nulla è che sia stato il partner o l'ex a farle del male? Perché è quello che ci raccontano ogni giorno i fatti: ogni anno aumentano i crimini come stalking, maltrattamenti e violenza sessuale contro le donne. Ma questi non sono che la punta dell'iceberg. Ogni giorno in Italia le donne sono vittime di molestie e discriminazioni. Tutto questo non è normale.

https://youmedia.fanpage.it/video/aa/ZHjU3OSwvZVwr-km","donne uccise in italia;donne uccise nel 2022;fanpage;fanpage.it;femminicidio dati;femminicidio in italia;giulia tramontano fidanzato;giulia tramontano ritrovata morta","2023-06-01T18:02:12Z","Fanpage.it","UCWJhBqnyVdHAuxexgjghNFw","25","PT3M50S","124684","2027","1743","it"
"G9rJXYQEQVA","Femminicidio di Milano: l'ultima fuga di De Maria - La Vita in Diretta 12/05/2025","Scopri gli ultimi video in evidenza di Playlist24 su www.raiplay.it - Emanuele De Maria, 35 anni, detenuto nel carcere di Bollate con permesso di uscita per lavorare, prima di suicidarsi lanciandosi dalle terrazze del Duomo di Milano ha lasciato dietro di sé una lunga scia di sangue: due donne uccise, con modalità simili, a distanza di anni. L'ultima, Chamila Wijesuriya, 50enne, originaria dello Sri Lanka, trovata senza vita con ferite alla gola, nel Parco Nord di Milano. Anche lei, come Oumaima Rache, 23enne tunisina, uccisa a Castel Volturno nel 2016.","femminicidio;delitto milano;omicidio milano;Emanuele De Maria;suicidio a milano;milano;cronaca italiana;cronaca nera;duomo di milano","2025-05-12T17:32:33Z","Rai","UCKUzdt2sELyxd6mz-bAx3bA","25","PT6M2S","30206","233","136","it"
"xbpxCdtPnDQ","In Italia abbiamo davvero un problema di FEMMINICIDI e di violenza sulle DONNE?","🔔 Se questo video ti piace ISCRIVITI al canale: https://shor.by/iscrivitiYT e attiva le notifiche (la famosa campanella)

Negli ultimi anni, il dibattito attorno alla violenza di genere ha assunto una posizione sempre più centrale nelle discussioni pubbliche, suscitando domande fondamentali: la violenza di genere è davvero un problema diffuso o è esagerata dai media? E se è un problema, cosa si sta facendo per affrontarlo? Dati allarmanti evidenziano che milioni di persone in tutto il mondo subiscono abusi fisici, psicologici o economici basati sul genere, ma non mancano le critiche sul modo in cui questa emergenza viene rappresentata o affrontata. Qual è il reale impatto sociale, economico e politico della violenza di genere? Quali soluzioni concrete possono essere adottate per contrastarla in modo efficace? 

Alla realizzazione di questo video ha collaborato Camilla Ferrario 

Il motto della nostra community è sempre stato “Prendi parte al futuro”. Ora puoi prendere parte al futuro di Will, aderendo al nostro programma di membership ➡️ https://shor.by/Sostienici

Scopri tutti i nostri canali:
► Instagram:  https://www.instagram.com/will_ita/ 
► TikTok: https://www.tiktok.com/@will_ita 
► LinkedIn: https://www.linkedin.com/company/willmedia-it/ 
► Facebook: https://www.facebook.com/willmediaITA 
► I nostri podcast: https://www.youtube.com/channel/UCFg4BxczDuIRtBeuo46DE8g 
► WhatsApp: https://whatsapp.com/channel/0029Va3a...
► Telegram: https://t.me/will_media
► Sito: https://willmedia.it


00:00 L'anniversario del femminicidio di Giulia Cecchettin 
00:25 La mozione contro la violenza di genere presentata alla Camera
01:17 Chi decide che la violenza di genere è un problema?
02:56 Cosa dicono i dati sulla violenza di genere
05:28 Cosa è stato fatto contro la violenza di genere?
06:00 Come prevenire la violenza di genere?","will;Will media;Clara Morelli;Camilla Ferrario;Giulia Cecchettin;femminicidio;violenza di genere;parità di genere;violenza contro le donne;violenza sulle donne;25 novembre;Discriminazione di genere;Parità di genere;diritti delle donne;Violenza economica;Filippo Turetta;uomini violenti;gino cecchetin;donne;quanti femmincidi nel 2024;numero femminicidi 2024;1522;simboli violenza contro le donne;pubblicità violenza contro le donne;messina;sara","2024-11-20T12:00:31Z","Will Media","UCZM5aON36Iw0o0ngTaQSWVA","25","PT8M49S","18163","965","320","it"
"gml8D-uc5xg","FEMMINICIDI IN ITALIA: le morti di Sara Campanella e Ilaria Sula","-- APRIMI --
Benvenuti a un nuovo episodio de ""Il Nero in Prima Pagina"", il format di Mente Criminale che analizza le principali notizie di cronaca nera in Italia. Questo episodio è interamente dedicato ai due femminicidi di Sara Campanella e Ilaria Sula, due avvenimenti che hanno scosso l'Italia intera nelle ultime settimane.
 
Se vuoi approfondire le notizie di oggi, ecco qualche link utile:
- Statistica ISTAT violenza sulle donne: https://www.istat.it/statistiche-per-temi/focus/violenza-sulle-donne/il-fenomeno/omicidi-di-donne/
- Report del Dipartimento della Pubblica Sicurezza: chrome-extension://efaidnbmnnnibpcajpcglclefindmkaj/https://www.interno.gov.it/sites/default/files/2025-01/report_omicidi_al_31_12_2024.pdf
- https://www.corriere.it/cronache/25_aprile_02/sara-campanella-messina-femminicidio-stefano-argentino-ab49e8c9-9b2d-46f7-8653-bf2e82cd9xlk.shtml
- https://www.messinatoday.it/cronaca/risultati-autopsia-come-e-morta-sara-campanella-omicidio-argentino-indagini.html
- https://www.tgcom24.mediaset.it/cronaca/lazio/femminicidio-ilaria-sula-ultime-notizie-trovato-dna_96452149-202502k.shtml
- https://www.raiplay.it/video/2025/04/Femminicidio-Ilaria-Sula-perche-e-indagata-la-madre-del-killer---La-Vita-in-Diretta-07042025-83e2ce4b-3a38-40e8-b66f-b644fcf57b76.html 

Per tutte le fonti utilizzate per la realizzazione del video consulta la mia pagina Patreon 👉https://patreon.com/MenteCriminale?utm_medium=unknown&utm_source=join_link&utm_campaign=creatorshare_creator&utm_content=copyLink 
-----------------------------------------------------------------------
Link diretto alla mia pagina Patreon 👉https://patreon.com/MenteCriminale?utm_medium=unknown&utm_source=join_link&utm_campaign=creatorshare_creator&utm_content=copyLink 
Grazie per il tuo supporto 💛

Mente Criminale è anche PODCAST! Cosa aspetti??
Ascoltami ORA!
Amazon Music👉https://music.amazon.com/podcasts/8d7beca7-a4cf-4763-a7cd-2446e765a2a7
Apple Podcasts👉https://podcasts.apple.com/it/podcast/mente-criminale/id1763013489
Spotify👉https://open.spotify.com/show/00s98MeDDeQXG5fdREvk3W
iHeartRadio 👉https://iheart.com/podcast/205848578
-----------------------------------------------------------------------
Consigliami un caso di cronaca compilando il breve modulo linkato QUI: 
https://forms.gle/sHpexqq4A1kcid1e9
-----------------------------------------------------------------------
Se ti è piaciuto il video lascia LIKE e ISCRIVITI al canale di Mente Criminale attivando anche la CAMPANELLINA DELLE NOTIFICHE per rimanere sempre aggiornato con i prossimi video che usciranno!
E' totalmente GRATUITO e per me è molto importante, grazie 💛

DISCLAIMER: Tutte le informazioni contenute nel video sono frutto di ricerche condotte su materiale altrui (che cambia a seconda della disponibilità del materiale inerente al caso), tra cui libri, documentari, articoli di giornale, interviste, sentenze dell'Autorità giudiziaria, fonti giudiziarie, atti d'indagine, inchieste giornalistiche, programmi televisivi. Non sono contenuti frutto di pareri personali, salvo il caso in cui venga specificatamente espresso nel video in questione.

SEGUIMI SUI MIEI SOCIAL📱:
🕵️‍♀️Insta: https://www.instagram.com/_mentecriminale_/
🕵️‍♀️Fb: https://www.facebook.com/profile.php?id=61561875741036
🕵️‍♀️TikTok: https://www.tiktok.com/@mente.criminale?_t=8otEQjWoGZM&_r=1
🕵️‍♀️Blog: https://mentecriminale.altervista.org/casi/

Per contatti e collaborazioni scrivimi a: mentecriminaleyt@gmail.com","cronaca;nera;delitto;caso;murder;intervista;assassino;omicidio;strage;erba;avetrana;ergastolo;criminale;sentenza;indagini;italia;nero;indizio;novità;aggiornamenti;investigazioni;serial killer;true crime;truecrime;cronaca nera;mente criminale","2025-04-14T15:00:58Z","Mente Criminale","UChvNomzU6GoB28Cdq7L6tLw","24","PT27M58S","10990","773","174","it"
"TtCfvWiMmOY","Il femminicidio di Alessandra Matteuzzi - Storie Italiane 13/01/2023","https://www.raiplay.it/programmi/storieitaliane - Per il delitto è in carcere l'ex fidanzato che un mese prima del delitto scriveva: la uccido","femminicidio;Alessandra Matteuzzi;indagini;colpevole;calciatore;stalking","2023-01-13T15:03:52Z","Rai","UCKUzdt2sELyxd6mz-bAx3bA","25","PT26M30S","89233","644","328","it"
"TACrdZ1G33w","Femminicidio a Samarate: per l'assassino è colpa sua, anche da morta. Mai un'assunzione di colpa.","Iscriviti al canale e attiva la campanellina per non perdere i miei nuovi video e le dirette.

[Nuove date] I miei eventi a TEATRO sulla manipolazione affettiva. Date e biglietti su TicketOne:  https://www.ticketone.it/artist/roberta-bruzzone/

Puoi seguirmi anche su Facebook per avere aggiornamenti quotidiani: https://www.facebook.com/robertabruzzonecriminologa

Per collaborazioni social: roberta.bruzzone@youcreator.it","Roberta Bruzzone;Bruzzone;Roberta Bruzzone TV;Roberta Bruzzone Criminologa;Criminologia;crimini;Roberta Bruzzone Rai;cronaca nera;crime;giallo;criminologa;csi;misteri;ultime notizie;notizie oggi;roberta bruzzone tv","2025-04-18T16:10:49Z","Roberta Bruzzone - Psicologa e Criminologa ","UCT9FVBJEStY0TZzGPzBZxAg","24","PT44S","57200","1432","36",NA
"faxHXXSgxeQ","Una strage continua: storie e numeri del femminicidio - Oggi è un altro giorno 05/06/2023","https://www.raiplay.it/programmi/oggieunaltrogiorno - Oltre cento donne in Italia, ogni anno, vengono uccise da uomini, quasi sempre quelli che sostengono di amarle.  E' una vera e propria strage.","Oggi è un altro giorno;Serena Bortone;interviste;attualità;intrattenimento;Rai1;Rai","2023-06-05T16:09:52Z","Rai","UCKUzdt2sELyxd6mz-bAx3bA","25","PT1M33S","21749","182","83","it"
"r9ImYvPPpn4","""Le 48 coltellate a mia figlia"": Vera Squatrito racconta il FEMMINICIDIO di Giordana di Stefano","""Mia figlia Giordana è stata uccisa con 48 coltellate.
Sono stati colpi dati senza colpire le parti vitali, con l’intento di procurare dolore e sofferenza.
Otto in viso: quindi l’assassino ha voluto deliberatamente annullare l’identità di mia figlia”.

Andare in Sicilia a incontrare Vera Squatrito e Giovanna Zizzo, madri rispettivamente di una ragazza e una bambine uccise brutalmente da chi diceva di amarle, ha voluto dire – come in ogni altro incontro con familiari di donne vittime di femminicidio – incontrare il dolore puro, quello da cui non c’è possibilità di uscita.
Non esiste ragione per un femminicidio, neppure quella, per quanto flebile, della tragica fatalità di un incidente o della statistica di qualche malattia che non lascia scampo.

È l’atto deliberato di un uomo che toglie la vita a una donna o una bambina o, nel caso, di Giordana Di Stefano, di una ragazza di 20 anni, danzatrice appassionata e madre di una bambina di nome Asia, che quando la mamma fu uccisa dal papà il 6 ottobre del 2015, aveva appena quattro anni.

Andare in Sicilia a incontrare Vera Squatrito, quindi, ha voluto dire incontrare anche Asia, una bambina di 8 anni dal fisico nervoso e asciutto da ballerina – come la sua mamma -, e due occhi scuri e profondi – come quelli della sua mamma -, che ti si piantano addosso, più grandi della loro età.

Ti presento una mia amica”, dice Vera. Ma Asia ha capito e, appena esco dalla casa in cui lei ora vive con la sua nonna, chiarisce subito: “Guarda che lo so che era qui per la mamma”.

A otto anni Asia, che ha vissuto nei primissimi anni di vita la violenza assistita del padre nei confronti della madre, sa che è stato lui a uccidere la mamma.
Asia è una dei tanti orfani di femminicidio, lasciati indietro come un trascurabile “effetto collaterale” della violenza di genere:

Io li chiamo orfani invisibili.
Per lo Stato morta la donna, sono morti tutti.

Questa è la testimonianza di Vera. Ed è il racconto del dolore più atroce e ingiustificato.

Leggi l'articolo: https://rdd.li/3aTaMRv
Scopri di più sul progetto: http://www.quantovalelavitadiunadonna.it/

#robadadonne #stopfemminicidio #femminicidio
-------------------------------------------------------------------------------------------------------------

Per non perderti i nostri video iscriviti al nostro canale YouTube: https://www.youtube.com/channel/UCd5_RNvJvPT7KoOqDwCRlew?sub_confirmation=1 e vieni a trovarci sul sito https://www.robadadonne.it/

Unisciti alla nostra community Facebook https://www.facebook.com/robadadonne/
E diventa anche tu nostra follower su Instagram https://www.instagram.com/robadadonne/","robadadonne;violenza sulle donne;l'amore è un'altra storia;donna;violenza;stop femminicidio","2020-03-16T13:00:15Z","ROBA DA DONNE","UCd5_RNvJvPT7KoOqDwCRlew","22","PT7M8S","279658","8332","389","it"
"GP4F4VwwN24","FEMMINICIDIO, MARTINA UCCISA DALL'EX A 14 ANNI. POLICASTRO: ""NORMATIVA AVANZATA, MA NON BASTA""","Afragola, Martina uccisa dall'ex che aveva lasciato a soli 14 anni. Per il Procuratore generale della Corte d'Appello di Napoli, Aldo Policastro, le leggi in materia sono sufficienti. ""Abbiamo una normativa molto avanzata ed efficace e una magistratura che su questo si sta impegnando al massimo. Stiamo lavorando in tutti gli uffici inquirenti e giudicanti al massimo per garantire rapidità ed efficacia. Ma capiamo che non basta"", le sue parole.



SìComunicazione è un’agenzia leader nella produzione di notizie video e giornalistiche su Napoli e in tutta la Regione Campania.

Sito: https://www.sicomunicazione.it 
FB: https://www.facebook.com/sicomunicazione
Email: redazione@sicomunicazione.net

Registrazione al Tribunale di Napoli n. 005 del 4-2-2013","sicomunicazione;notizie napoli;news napoli;notizie di napoli;cronaca napoli;il mattino napoli;napoli repubblica;corriere napoli;fanpage napoli;cronache di napoli;in anteprima;tempo reale;realtime;notizie live;canale 21;canale 9 napoli;canale 8 napoli;telecapri;campania;napoli;napoli città;napoli centro;femminicidio;martina carbonaro;alessio tucci;femminicidio afragola;omicidio afragola;afragola;aldo policastro;procuratore aldo policastro;procuratore","2025-05-29T13:43:37Z","SiComunicazione","UC5oDlE5eL0tivb62HEYlurw","25","PT24S","1539","10","0","it"
"u57Jose321c","Ilaria Sula, ex fidanzato confessa il femminicidio","Mark Antony Samson, 23 anni, ha confessato l’omicidio di Ilaria Sula, la 22enne scomparsa a Roma il 25 marzo e ritrovata in una valigia in un dirupo vicino Poli. L’Ex fidanzato della vittima l’avrebbe uccisa con diverse coltellate nella sua casa, mentre i genitori erano presenti. Avrebbe poi occultato il corpo e gettato le prove 

Per tutte le news visita il sito https://tg24.sky.it 

Segui Sky tg24 su:
 • Facebook: https://www.facebook.com/SkyTG24/
 • Instagram: https://www.instagram.com/skytg24/ 
 • Twitter: https://twitter.com/SkyTG24","02-04-2025;FLUID;Ilaria Sula;cronaca;daily;ex fidanzato;femminicidio;news;notwitter;roma;teamstudio;youtube","2025-04-02T16:27:42Z","Sky tg24","UCz6E3lF72mb6uoJ-mOlNo2A","25","PT1M1S","33397","120","129",NA
"dRcDHDdTReU","Femminicidi 79 vittime nel 2023 - Unomattina 15/09/2023","https://www.raiplay.it/programmi/unomattina - Marisa Leo. Si chiamava così l'ultima giovane vittima di femminicidio. Marisa aveva solo 39 anni. Pochi giorni fa è stata uccisa dal suo ex compagno che non accettava di essere stato lasciato. Ed è la settantanovesima donna uccisa per mano di un uomo di questo 2023. Questo pomeriggio Marisa sarà ricordata con una cerimonia, a Salemi, il suo paese. Per ricordare lei e tutte le altre donne vittime di femminicidio, Unomattina ha voluto in studio Maria Teresa D'abdon, presidente associazione ""Difendo donna. Noi ci siamo"", e la Maria Rita Parsi, psicoterapeuta.","Femminicidio;Unomattina;15/09/2023;Maria Teresa D'abdon;Maria Rita Parsi;Rai Uno;Massimiliano Ossini;Daniela Ferolla","2023-09-15T09:33:36Z","Rai","UCKUzdt2sELyxd6mz-bAx3bA","25","PT11M41S","7345","87","23","it"
"kP4d2lPEcWc","Nordio e i  femminicidi etnici!","Per acqui Anime Fragili
https://www.amazon.it/anime-fragili-matteo-saudino/dp/8806257366/",NA,"2025-04-04T05:10:08Z","Matteo Saudino - BarbaSophia","UCczAmcE87UncfJLyrfA2wUA","24","PT8M46S","9410","1032","276","en"
"BH1B8epAOdM","Violenza e Femminicidio | Cause profonde | PSICHIATRA","Benvenuto nella rubrica MIND LAB dedicata alla Psicopatologia.
""Sono il professor Antonino Tamburello e ho deciso di creare queso canale con il solo scopo di restituire cosa ho imparato in questi 50 anni di esperienza di colloqui clinici.""

👇 👇 SCRIVI NEI COMMENTI le tue RIFLESSIONI le tue DOMANDE👇 👇

ISTITUTO SKINNER, Clinica, Formazione e Ricerca 
https://www.istituto-skinner.it/
mailbox@istituto-skinner.it

Nuovo Libro 
https://amzn.eu/d/01hXXfW

Seguici il Prof Tamburello sui Social 
https://linktr.ee/antoninotamburello

Se sei una persona interessata a conoscere le dinamiche della vita, della nostra mente, e a conoscere la verità fontale della natura, ti invito a seguire questo canale, a commentare ed interagire con i nostri contenuti. Questo canale ti aiuterà a  conoscere le dinamiche che muovono la tua vita mentale.","antonino tamburello;prof tamburello;professor tamburello;antonino tamburello psichiatra;antonino tamburello psicologo;psicologia;psichiatra;psicologo;psicoterapeuta;violenza;violenzasulledonne;femminicidio","2023-11-26T17:43:36Z","Antonino Tamburello","UCgR6AcFEnS0QMzYu8Etn_6Q","27","PT14M17S","14636","771","81","it"
"Uu6lhbKv5fE","Femminicidio a Settala, parla la datrice di lavoro della vittima - Ore 14 del 05/05/2025","https://www.raiplay.it/programmi/ore14 - Ai microfoni di Francesca Crimi e Mattia Carchia ha parlato la datrice di lavoro di Amina, la donna vittima di femminicidio a Settala, che dice che aveva capito che qualcosa nella sua vita non andava.","Ore 14;Rai2;cronaca;Milo Infante;settala;milano femminicidio;amina femminicidio","2025-05-05T16:00:56Z","Rai","UCKUzdt2sELyxd6mz-bAx3bA","25","PT2M17S","6368","83","8","it"
"Td7asoI1tl0","Ilaria Sula uccisa dall'ex e messa in una valigia, lo zio del killer: ""Perché l'ha fatto?""","Ilaria Sula è stata uccisa dall'ex fidanzato, Mark Anthony Samson, nell'appartamento che il ragazzo divideva con la famiglia in via Homs, al quartiere Africano a Roma. Increduli lo zio e i vicini di casa, che non si aspettavano potesse succedere una cosa del genere. 

https://www.fanpage.it/roma/femminicidio-ilaria-sula-i-genitori-di-mark-samson-erano-in-casa-mentre-la-uccideva/","femminicidio ilaria sula;ilaria sula;ilaria sula scomparsa;omicidio ilaria sula","2025-04-02T15:49:47Z","Fanpage.it","UCWJhBqnyVdHAuxexgjghNFw","25","PT2M19S","21834","213","86",NA
"JPxf5EoV21o","Presentazione del volume: Femminicidio, storie e riflessioni. A cura di M. Carnovale e N. Miletto","Presentazione del volume monografico: Femminicidio, storie e riflessioni, a cura di M. Carnovale e N. Miletto

Vol. XXXII - N. 1 - 2025
Il Vaso di Pandora
Dialoghi in psichiatria e scienze umane
Gruppo La Redancia

Genova
24 maggio 2025
Area archeologica dei Giardini Luzzati",NA,"2025-05-24T17:54:47Z","Gruppo Redancia CSS Formazione","UCdXECOQ6m5o_6bGZhG4bn8A","27","PT1H15M40S","27","1","0","it"
"Z13Acup-XF8","Consiglio regionale istituisce giornata per le vittime di femminicidio","Leggi la notizia integrale su:
https://videoinformazioni.com/consiglio-regionale-istituisce-giornata-per-le-vittime-di-femminicidio/",NA,"2025-05-23T08:57:33Z","Videoinformazioni News","UCqmeRTiZqgjEeJ-4Zb_e7Eg","25","PT2M3S","19","0","0","it"
"M9nIYXPusEo","Femminicidio nel Milanese, la vicina: ""Una volta imbratto' la porta di sangue""","Settala, la signora Emanuela racconta come l'uomo avesse preso di mira anche lei","Cronaca Italiana;Femminicidio Settala","2025-05-04T12:17:41Z","QuotidianoNazionale","UCB3e_9sPf7whZA4PfGXrIMQ","25","PT1M39S","1161","19","0","it"
"UD9HNKrw5fg","Orfani femminicidio, allo studio una provvisionale per le vittime. Intervista al Commissario Cardona","Fonte: Sky",NA,"2021-11-16T10:15:15Z","Ministero dell'Interno","UCWK6JNadK1upQiojs9sEsaQ","25","PT8M41S","120",NA,NA,"it"
"z9UxRqm5l6M","Femminicidio a Gualdo Tadino, è il primo del 2025 - La Vita in diretta 06/01/2025","https://www.raiplay.it/programmi/playlist24 - Dopo sette mesi di matrimonio, la relazione tra Eliza Feru, assistente sociale, e suo marito, la guardia giurata Daniele Bordicchia, era entrata in crisi. Lei voleva lasciarlo, lui l'ha uccisa con la sua pistola d'ordinanza e poi si è suicidato. È accaduto a Gualdo Tadino il 5 gennaio scorso. Quello di Eliza Feru è il primo femminicidio del 2025.","Eliza Feru;Daniele Bordicchia;femminicidio;omicidio;guardia giurata;suicidio;pistola d'ordinanza;Gualdo Tadino;La vita in diretta;Rai Uno;RaiPlay","2025-01-07T07:58:25Z","Rai","UCKUzdt2sELyxd6mz-bAx3bA","25","PT3M45S","23402","130","59","it"
"7XiBEx2ocQg","Reato di femminicidio: ergastolo per chi uccide una donna  - Unomattina 10/03/2025","https://www.raiplay.it/programmi/unomattina - ""Chiunque cagiona la morte di una donna quando il fatto è commesso come atto di discriminazione o di odio verso la persona offesa in quanto donna o per reprimere l'esercizio dei suoi diritti o delle sue libertà o, comunque, l'espressione della sua personalità, è punito con l'ergastolo"". È il testo del disegno di legge del governo che introduce il reato di femminicidio nel nostro codice penale. Perché è importante aver introdotto questo reato e che conseguenze avrà? In studio il Magistrato Valerio De Gioia.","Unomattina;10/03/2025;Rai Uno;femminicidi;Massimiliano Ossini;Daniela Ferolla","2025-03-10T09:43:20Z","Rai","UCKUzdt2sELyxd6mz-bAx3bA","25","PT6M53S","2743","46","98","it"
"6budfVh_r0g","Femminicidio Sara Campanella. Arcidiacono: ""Indagini proseguono con analisi dei dispositivi"" VIDEO","Il comandante provinciale dei carabinieri di Messina, Lucio Arcidiacono, fa il punto","Centro Commerciale Tremestieri","2025-04-01T10:16:32Z","Tempostretto TV Messina","UCJIgQL7sFiX0uw2Lj3vammg","29","PT1M40S","13397","63","45","it"
"nGvOqrMCPIA","Femminicidio Ilaria Sula, si valuta la premeditazione","Caso Ilaria Sula, ritrovata cadavere in una valigia. Si valuta la premeditazione per l’ex fidanzato che ha confessato il delitto
.
Tg2000 va in onda dal lunedì al sabato alle ore 8.30, 12, 14.55, 18.30 e 20.45 e la domenica alle ore 18.30 e 20.45 su Tv2000
📺 Canale 28 dtt📡 157 Sky 💻 https://www.tv2000.it/live
📱Scarica gratuitamente l'app Play2000 per rivedere tutte le edizioni e i programmi di Tv2000 👉 https://www.play2000.it/thanks","tv2000;notizie;informazione;news;tg2000","2025-04-04T17:07:25Z","TG2000","UC_bFWlnnADxGUXA3igouBiw","25","PT1M39S","1154","14",NA,"it"
"OKlrR_yvSHA","Il femminicidio di Sofia Castelli - Generazione Z del 23/04/2024","https://www.raiplay.it/programmi/generazionez - La ricostruzione dell'omicidio di Sofia Castelli, la giovane 20enne uccisa dall'ex fidanzato a Cologno Monzese il 29 luglio 2023.","Generazione Z;Rai2;Monica Setta;giovani;femminicidio Sofia Castelli;Sofia Castelli;omicidio Cologno Monzese","2024-04-24T09:48:42Z","Rai","UCKUzdt2sELyxd6mz-bAx3bA","25","PT1M12S","3129","36","7","it"
"LA0rhj3Nnxs","Femminicidio Ilaria Sula: cosa nasconde Mark Samson? | Notizie True Crime","Il TG Crime di oggi sarà interamente dedicato al femminicidio di Ilaria Sula, la studentessa 22enne u*cisa dall’ex fidanzato Mark Samson, con la collaborazione della madre nel pulire la scena del crimine. 
Dall’esame autoptico emerge che Ilaria è stata tramortita prima di essere u*cisa, sono emersi i messaggi che Mark inviava dal cellulare della ex per depistare familiari e amiche, e la confessione dettagliata di Mark

Se volete partecipare alle live e discutere dei casi insieme a me, vi aspetto su https://www.twitch.tv/bugalalla

Per info e collaborazioni: Press@twitch-crime.com

Abbonati a questo canale per accedere ai vantaggi:
https://www.youtube.com/channel/UCPc806nmf91jkptTvXFvpkg/join

Se non sai come funziona Twitch: http://bit.ly/AbbonarsiBuga

Per indagare sulla mia vita: https://www.instagram.com/bugalalla/

Per il gruppo Telegram: http://bit.ly/GruppoTelegramBuga

#bugalalla #cronaca #notizie","bugalalla;labuga;buga;bugalla;bugalalla crime;bugalalla true crime;true crime;crime;tg crime;cronaca italiana;notizie;chi l'ha visto;quarto grado;twitch crime;intervista;documentario;film;Francesca bugamelli;psicologia;twitch;ilaria;sula;mark;samson;femminicidio;femmicidio;roma;mamma;madre;padre;zio;complici;movente;messaggi;femministe;valigia;corpo;bruzzone;garlasco;chiara;poggi;paolo;amaro;darkside;gianluca;spina;zanella","2025-04-16T11:00:36Z","Bugalalla Crime","UCPc806nmf91jkptTvXFvpkg","25","PT48M53S","42048","1998","236","it"
"_XEW0hLUMiI","Il ritrovamento del corpo di #GiuliaCecchettin e i fiori davanti la casa a #vigonovo #femminicidio","Il ritrovamento del corpo di #GiuliaCecchettin e i fiori davanti la casa a #vigonovo 

#femminicidio #omicidio",NA,"2023-11-19T08:39:22Z","AGTW","UCW8yV-b66_gjJ9rTkt1rjcA","25","PT1M","115238","1900","214","it"
"Hd3_g97qoRg","Doppio femminicidio, sentenza choc - Storie italiane 14/01/2025","https://www.raiplay.it/programmi/storieitaliane - Il duplice omicidio avvenuto il 13 giugno 2022, sono state riconosciute le attenuanti generiche equivalenti alle aggravanti, per i giudici non c’è stata premeditazione","Femminicidio;sentenza;ergastolo;giustizia;motivazioni","2025-01-14T11:21:56Z","Rai","UCKUzdt2sELyxd6mz-bAx3bA","25","PT16M54S","7786","108","92","it"
"-XQvmJDLQLc","Femminicidio di Mariotto, gli istanti del delitto raccolti dal microfono delle telecamere in casa","","telesveva;telesveva notizie;mariotto;cronaca;omicidio;femminicidio","2025-04-19T11:37:04Z","Tele Sveva","UCP1N_p4LC05nPmoyxZYs1oQ","25","PT2M24S","184","0","0","it"
"YGygjG7yAYM","Femminicidio di Ilaria Sula, il padre sulla lettera di Samson: ""Tempo perso. Le scuse non esistono""","I genitori di Ilaria Sula hanno risposto alle domande dei giornalisti nello studio del loro legale. La lettera di scuse scritta da Mark Samson, l'ex fidanzato autore del femminicidio, è stata commentata così da Flamur Sula, il padre della ragazza: ""Quello che ha scritto non mi interessa, ha perso tempo a scriverla. Le scuse non esistono. Se amo una persona non è che l'ammazzo e poi dico che l'amo"".",NA,"2025-04-11T17:21:11Z","La Repubblica","UC9ePmjVRHLL8x8vq5fOKflg","25","PT1M17S","2106","14","12","it"
"Emt71zmoVhs","Femminicidi, Massimo Recalcati: ""Perché la violenza sulle donne è razzista""","Come nasce il gesto violento e omicida dell'uomo sulla donna. Qual è il portato della società patriarcale di cui non riusciamo a liberarci. Come realizzare una ""educazione sentimentale"" che porti il maschio all'accettazione dell'altro come libertà e non come oggetto? Risponde lo psicoanalista Massimo Recalcati, autore, tra gli altri saggi, di ""Mantieni il bacio. Lezioni brevi sull'amore"" (Feltrinelli) e ""Le nuove melanconie. Destini del desiderio nel tempo ipocondriaco"" (Cortina editore). Intervista di Giulia Santerini .  .Repubblica ha aperto la pagina Osservatorio femminicidi per raccontare e aiutare le donne vittime di violenza

Abbonati a Repubblica: https://s.repubblica.it/scopridipiu . Podcast, inchieste, newsletter e tanto altro.",NA,"2021-02-20T15:15:54Z","La Repubblica","UC9ePmjVRHLL8x8vq5fOKflg","25","PT15M16S","31692","560","136","it"
"mlBrCpOEx20","Svolta epocale. Femminicidio autonoma fattispecie penale, un reato punito con il massimo della pena.","",NA,"2025-03-08T14:10:06Z","Fratelli d'Italia","UC74FLAfxj6U1Q8O67hz8XjQ","25","PT1M4S","11064","1228","125","it"
"zV_UrwHpUCo","Femminicidio nel Milanese, il sindaco di Settala: ""Fatto cio' che si doveva""","Massimo Giordano: ""Situazione non conflittuale, sotto il controllo dei Servizi sociali""","Sole 24 Ore","2025-05-04T13:23:58Z","Il Sole 24 ORE","UCCuZicOOisRgknWUSQArudg","25","PT1M30S","3754","12","14",NA
"fD6Pe8yFm9E","Femminicidio Mariotto (Ba), il sindaco di Bitonto: ""Momento tristissimo per nostra comunità""","Le parole di Francesco Paolo Ricci: ""Sembrava una coppia apparentemente tranquilla""
TV
- Digitale terrestre, canale 16 (Puglia e Basilicata)
- Satellite, canale 519 (Sky e tivùsat)

Web
- http://TRMtv.it
- https://www.youtube.com/c/trmh24
- https://www.facebook.com/trmtv
- https://twitter.com/trmh24
- https://www.instagram.com/trm_network/

App
https://play.google.com/store/apps/details?id=it.datacontact.Trmtv
https://apps.apple.com/it/app/trmtv/id532975347","TRM;TRM Network","2025-04-18T14:53:42Z","trmh24","UCWxP-YJ_4OVmcKuwzmhW42Q","25","PT1M11S","359","1","0","it"
"KaN-J0BNWuU","Femminicidio a Spoleto, arrestato il compagno","È stato sottoposto a fermo per omicidio volontario il quarantasettenne Gianluca Romita accusato di avere ucciso la compagna Laura Papadia, 36 anni, trovata morta in un'abitazione di Spoleto. L'arresto a seguito della confessione. 

Tg2000 va in onda dal lunedì al sabato alle ore 8.30, 12, 14.55, 18.30 e 20.45 e la domenica alle ore 18.30 e 20.45 su Tv2000
📺 Canale 28 dtt📡 157 Sky 💻 https://www.tv2000.it/live
📱Scarica gratuitamente l'app Play2000 per rivedere tutte le edizioni e i programmi di Tv2000 👉 https://www.play2000.it/thanks","tv2000;notizie;informazione;news;tg2000","2025-03-27T11:38:35Z","TG2000","UC_bFWlnnADxGUXA3igouBiw","25","PT1M4S","1252","22",NA,"it"
"r5n7T7cvqVA","Femminicidio in ITALIA | Avv. Angelo Greco",".
.
Acquista a questo link il mio libro ""Fanc**o il successo"" https://amzn.to/3SlixbK
.
.
Acquista a questo link il mio libro ""“La Legge per Tutti - Casa e condominio"" 
https://amzn.to/3MAp4Ma
.
.
Vai su https://www.elaw.academy la piattaforma e-learning per lo studio del Diritto
.
Acquista le magliette di ""Questa è La Legge"" sullo store ufficiale https://angelo-greco.hoplix.shop/
.
Acquista a questo link il mio libro ""La legge per tutti. Quiz"" https://amzn.to/3ptDyoQ
.
Acquista a questo link il mio libro ""La Costituzione per Tutti 
https://amzn.to/3RWu4KL
.
Acquista a questo link il mio libro ""La Legge per Tutti"" https://amzn.to/3HPzXp7 
.
Per consulenze e pareri vai su 
https://www.avvangelogreco.it/consulenza
.
Seguimi anche su Instagram per altri video 
 https://www.instagram.com/angelogrecoofficial/ 
.
Angelo indossa un orologio Venezianico 
Se vuoi acquistare questo modello puoi cliccare qui
https://it.venezianico.com/collections/all-watches/products/redentore-riserva-di-carica-1321505
.
Iscriviti al canale e resta aggiornato 
 https://www.youtube.com/c/AngeloGreco 
.
Abbonati a questo canale per accedere a contenuti nuovi ed esclusivi: 
 https://www.youtube.com/c/AngeloGreco/join 
.
.
#angelogreco #questaèlalegge #shorts #femminicidio #patriarcato 
.
Questa è la legge
.
.
Spotify: Angelo Greco 
https://open.spotify.com/show/00g11TvR5wk4QGu7JfYDOa  

Google podcast: Angelo Greco 
https://www.google.com/podcasts?feed=aHR0cHM6Ly9hbmNob3IuZm0vcy80OGQwMDQyNC9wb2RjYXN0L3Jzcw== 
.
Apple Podcasts: Angelo greco 
https://podcasts.apple.com/us/podcast/angelo-greco/id1550077369 
.
QUESTA E' LA LEGGE Una produzione Laleggepertutti 
https://www.questaelalegge.it/ 
.
LA LEGGE PER TUTTI
SITO WEB https://www.laleggepertutti.it/ 
FACEBOOK https://www.facebook.com/laleggepertutti/ 
INSTAGRAM https://instagram.com/laleggepertutti/ 
.
.
ANGELO GRECO, Avvocato, direttore di La Legge per Tutti
SITO WEB http://www.avvangelogreco.it/ 
FACEBOOK https://www.facebook.com/avvocatoangelogreco 
MAIL segreteria@avvangelogreco.it 
.
REGIA E MONTAGGIO VIDEO DI Dantemanuele De Santis
MAIL dantemanueledesantis@live.it
.
AUTORE JINGLE SIGLA
Andrea Infusino - https://m.facebook.com/infusinomusic/ 
.
VISUAL DESIGNER SIGLA
Lorenzo Florissi OSC -  https://www.instagram.com/osc.tv/?hl=it","angelo greco;questa è la legge;legge;avvocato;avvocato gratis;consulenza","2023-11-30T19:18:00Z","Angelo Greco","UCmHoLDhqgvDaXWm8w1ZJzZw","25","PT1M","30810","1631","308","it"
"laGvRhflWmk","Femminicidio Afragola, procuratrice: «Da dove si riparte? Io riparto da mio figlio, dall'educarlo»","Una vicenda che sconvolge anche gli inquirenti, in particolare per la giovanissima età di vittima e carnefice. «Bisogna ripartire dalla società e dall'educare i nostri figli» dice più volte la procuratrice di Napoli nord, Annamaria Lucchetta, in una conferenza stampa sulla morte della giovane Martina, uccisa a 14 anni dall'ex fidanzato 18enne che non accettava la fine della loro storia.


COPYRIGHT AGTW SRL ©
Per qualsiasi utilizzo in qualunque piattaforma (a titolo esemplificativo: televisione, web, evento ecc.) di questo video contattarci alla mail: redazione@agtw.it 

Tutti i nostri servizi: http://www.agtw.it

Entra nella nostra Community: https://www.youtube.com/c/AGTW_it/community

AGTW è un'agenzia specializzata nelle dirette video dei principali fatti di cronaca. Tra i nostri clienti: Corriere della Sera, Sky, La7, Mediaset.

Rimani connesso con AGTW:
👍 Facebook: https://www.facebook.com/AgenziaAgtw
📸 Instagram: https://www.instagram.com/agtw.it
🐦 Twitter: https://twitter.com/AGTW_it
❤️ Twitch: https://www.twitch.tv/agtw_it
📱 TikTok: https://www.tiktok.com/@agtw.it","notizie;notizie cronaca ultima ora;notizie dallitalia;notizie del giorno;notizie del giorno italia;notizie dellultima ora;notizie di oggi;notizie italia;notizie italiane;notizie italiane oggi;notizie oggi","2025-05-31T12:03:20Z","AGTW","UCW8yV-b66_gjJ9rTkt1rjcA","25","PT1M30S","52","2","0",NA
"LMzL2LTMFr8","Carbonizzata in un bosco, ipotesi femminicidio - La Vita in diretta 10/01/2025","https://www.raiplay.it/programmi/lavitaindiretta - L'esame sul corpo fornirà elementi indispensabili per capire quali siano le cause della morte di Fabiana Piccioni, la 46enne il cui corpo è stato rinvenuto ieri pomeriggio, parzialmente carbonizzato, da un gruppo di cacciatori","Carbonizzata in un bosco;ipotesi femminicidio;La vita in diretta;Alberto Matano;cronaca;notizie;spettacolo;Rai1;RaiUno","2025-01-10T18:41:41Z","Rai","UCKUzdt2sELyxd6mz-bAx3bA","25","PT6M","27596","277","80","it"
"h3o839AAN4g","Don Walter Insero parla del femminicidio - BellaMa' 20/03/2025","https://www.raiplay.it/programmi/bellama - Don Walter Insero risponde alla domanda di Federico D'Onofrio.","BellaMa';violenza;femminicidio;violenza psicologica","2025-03-20T19:21:19Z","Rai","UCKUzdt2sELyxd6mz-bAx3bA","24","PT2M29S","1100","6","4","it"
"ECDPdN84MeU","Gli orfani invisibili, le vittime dimenticate dei femminicidi: il documentario","Li chiamano ""orfani speciali"", sono i bambini e le bambine rimasti orfani a seguito di un femminicidio, conseguenza estrema della violenza sulle donne. L'Italia negli ultimi anni ha fatto diversi passi avanti per dotarsi di strumenti a contrasto di questo fenomeno, dalla ratifica della convenzione di Istanbul al Codice Rosso. Tuttavia i numeri dei femminicidi restano ancora alti. Stando ai dati Istat, nel 2023 sono state 117 le donne uccise; di queste, 96 sono vittime di femminicidio. L'82 per cento del totale. Una ogni tre, quattro giorni. Si tratta di donne che sono contemporaneamente figlie, sorelle, amiche e molto spesso anche madri. ""Questi bambini, questi ragazzi subiscono la cosa peggiore che ti possa capitare: muoiono contemporaneamente le due persone che ti hanno generato. Con una aggravante: uno ha ucciso l'altra"", spiega Marco Rossi Doria, presidente dell'impresa sociale Con i Bambini. ""Si tratta di bambini che hanno già vissuto violenze reiterate, sia fisiche e psicologiche - spiega Roberta Beolchi, presidentessa di Associazione Edela - e dopo l'omicidio della loro madre inizia per loro un ulteriore calvario"". Per venire incontro alle necessità degli orfani di femminicidio e alle famiglie affidatarie, l'Italia si è dotata di una legge - approvata l'11 gennaio 2018 - che riconosce tutele processuali ed economiche ai figli minorenni e maggiorenni della vittima di un omicidio commesso da un partner o ex partner. Ma non basta. Il perché lo spiegano Giuseppe Delmonte, Valentina Belvisi e Marco Sancandi, orfani di femminicidio. E i coniugi Adriana e Luigi Formicola, che stanno crescendo i nipoti dopo che la figlia Stefania è stata uccisa dal marito nel 2017, quando i bambini avevano rispettivamente 4 anni e 19 mesi. Alle loro testimonianze si aggiungono le voci di Roberta Beolchi e Marco Rossi Doria, che ci raccontano come molto spesso siano le associazioni le uniche a rispondere al grido d'aiuto degli orfani di femminicidio e delle loro famiglie affidatarie. . .  . .di Alessandra Del Zotto e Valentina Cesarini",NA,"2024-11-25T11:48:43Z","La Repubblica","UC9ePmjVRHLL8x8vq5fOKflg","25","PT44M4S","3781","55","6","it"
"6iASiMYQ2L8","FEMMINICIDI. IL DELITTO DI VANESSA BALLAN UN ANNO DOPO | 19/12/2024","A3 NEWS Treviso 19/12/2024 - RIESE PIO X - Il femmicidio di Vanessa Ballan, un anno dopo. La comunità unita per ricordare questa giovane mamma strappata alla vita a 26 anni  ||  E' passato un anno da quel terribile giorno, quando Bujar Fandaj, 40 enne di origini kosovare fece irruzione nell'abitazione della giovane mamma, accoltellandola a morte con 8 fendenti .  Un anno di dolore e disperazione per la famiglia e per la comunità intera ancora attonita di forte a tanta violenza. Vanessa Ballan 26 anni incinta di quasi due mesi e mezzo, venne trovata priva di vita nella sua casa  in via Fornasette a Spineda di Riese Pio X, dal compagno Nicola. A colpire la donna il 40 enne kosovaro con il quale Vanessa aveva avuto una breve relazione. Una storia che l'uomo non voleva chiudere, tanto da costringere la 26enne a denunciarlo per stalking, revenge porn ed altri reati. Ma lui non non si era mai arreso, fino a quel maledetto giorno quando armato di un martello sfondò a finestra della casa ed entro: in mano due coltelli. Vanesse poté nulla contro la furia omicida di Fanday. L'uomo è detenuto presso il carcere di Treviso in attesa della prima udienza fissata per il 12 febbraio. Il 40enne deve rispondere dell'accusa di omicidio volontario aggravato dalla premeditazione, porto abusivo di armi e violazione di domicilio. Con queste accuse l'uomo rischia l'ergastolo. Vanessa era una ragazza semplice amante della vita, il fratello Nicola alcuni giorni fa aveva parlato della sorella. Per noi aveva detto un vuoto immenso (Servizio di Daniela Sitzia)  - Segui Antenna Tre anche sul digitale terrestre! Visita il sito www.antennatre.it","A3;ANTENNATRE;BALLAN;DANIELASITZIA;FIACCOLATA;NEWS;VANESSA","2024-12-20T06:38:56Z","Antenna Tre","UCV0THbDNIynNFGW7oRobrow","25","PT1M39S","582","11","3","it"
"lZMC2MUX0L8","Femminicidio Pordenone, il papà di Aurelia: ""La tradiva e voleva lasciarlo""","“La tradiva e voleva lasciarlo”. A gettare luce sulle dinamiche di coppia che hanno preceduto l’efferato omicidio di Aurelia Laurenti, assassinata dal compagno Giuseppe Forciniti a Roverdo in Piano (Pordenone) è il papà della vittima, Giuseppe Laurenti. “Questa estate, dopo la scoperta sul cellulare di lui, era venuta da noi coi bambini, ma poi era tornata con lui per il bene dei miei nipoti”
 
Femminicidio Pordenone, il papà di Aurelia: ""La tradiva e voleva lasciarlo"": https://www.fanpage.it/attualita/femminicidio-pordenone-aurelia-aveva-scoperto-che-lui-la-tradiva-voleva-lasciarlo/https://www.fanpage.it/

For any content use please feel free to contact licensing@ciaopeople.com

Eventuali permessi relativi all’utilizzo dei contenuti pubblicati possono essere richiesti a licensing@ciaopeople.com

Se il video ti è piaciuto: http://fanpa.ge/ISCRIVITI-A-FANPAGE-IT

Come attivare CORRETTAMENTE le notifiche, da qualsiasi smartphone: http://fanpa.ge/PROBLEMA-RISOLTO

Commenta con noi le ultime notizie, entra in Community: http://fanpa.ge/FANPAGE-COMMUNITY

Fanpage.it è un giornale indipendente, sociale, partecipativo. Segui i nostri live, reportage, inchieste, storie e videonews. Partecipa con noi all'informazione.

Rimani connesso su Fanpage.it: 
👍 Facebook: https://www.facebook.com/fanpage.it
📸 Instagram: https://www.instagram.com/fanpage.it/
🐦 Twitter: https://twitter.com/fanpage
❤️ TikTok: https://vm.tiktok.com/CnNvFb/

https://youmedia.fanpage.it/video/aa/X8EbdeSwpTMoyEUm","femminicidio pordenone;aurelia laurenti;giuseppe forciniti;omicidio roveredo;femminicidio oggi;fanpage;fanpage.it;videonews","2020-11-27T15:51:19Z","Fanpage.it","UCWJhBqnyVdHAuxexgjghNFw","25","PT2M7S","27698","213","261",NA
"UZt8NXocn18","Il reato di FEMMINICIDIO approda in Consiglio dei Ministri","* Il Governo sta discutendo finalmente della introduzione del REATO di femminicidio nel codice penale italiano. Il disegno di legge prevede interventi normativi mirati al contrasto della violenza contro le donne e alla tutela delle vittime. Questo provvedimento coinvolge diversi ministeri, tra cui Giustizia, Interno, Famiglia, Natalità e Pari Opportunità, nonché Riforme Istituzionali e Semplificazione Normativa. 
* Il termine ""femminicidio"" si riferisce all'uccisione di una donna in quanto tale, rappresentando la forma più estrema di violenza di genere. Secondo i dati Istat, il numero di omicidi volontari che hanno come vittime le donne è rimasto stabile nel tempo, evidenziando la necessità di misure specifiche per affrontare questo fenomeno. 

VIDEO - Uno dei primi a parlare dell'introduzione nel Codive Penale del REATO di FEMMINICIDIO è stato il Procuratore di TIVOLI qualche tempo fa
https://www.youtube.com/watch?v=YqFBL2tDE0M 

* L'introduzione del reato di femminicidio nel codice penale mira a riconoscere la specificità di questi crimini e a rafforzare le misure di prevenzione e repressione della violenza di genere. Questo passo rappresenta un ulteriore impegno delle istituzioni italiane nella lotta contro la violenza sulle donne e nella protezione delle vittime","femminicidio;reato di femminicidio;violenza di genere;violenza sulle donne;meloni;governo","2025-03-07T14:58:47Z","Guardiacivica Consumatori e Promozione Sociale","UClnc1s6WxOQjCTirF0Z48bA","29","PT4M13S","58","2","1",NA
"2F1LumB5e3w","L'intervento di Francesca Mannocchi a Propaganda Live: ""La violenza di genere nasce dalla ...","Francesca Mannocchi a Propaganda Live: “Sara aveva 22 anni, studiava per diventare tecnico di laboratorio. Ilaria ne aveva 22 anche lei, studiava statistica. Entrambe uccise da uomini che conoscevano. Nel 2024, 99 donne uccise in ambito familiare o affettivo. Non sono raptus, non è troppo amore. È cultura. La violenza nasce dalle parole che usiamo, dal racconto che scegliamo. Non è “lei non aveva denunciato”. È “lui l’ha uccisa”. Abbiamo bisogno di un altro linguaggio, di un’altra narrazione. Perché la grammatica può essere giustizia. E la vergogna deve cambiare lato.”
 PER RIVEDERE TUTTI I VIDEO DEL PROGRAMMA VAI SU https://www.la7.it/propagandalive",NA,"2025-04-07T20:41:12Z","La7 Attualità","UC2_ZJDH5PXEoJJz9zAvBuiA","24","PT9M7S","3417","108","10",NA
"vLX9Kel1PLI","Femminicidio Ilaria Sula, il padre: «Non meritava questa fine, il colpevole marcisca in galera»","«Oggi salutiamo per l'ultima volta Ilaria, una ragazza d'oro. Non meritava questa fine, non ho parole. Chi ha fatto ciò deve marcire in galera», queste le parole del padre di Ilaria Sula, vittima di femminicidio, pochi istanti dopo la fine del funerale della giovane, svoltosi a Terni. 

COPYRIGHT AGTW SRL ©
Per qualsiasi utilizzo in qualunque piattaforma (a titolo esemplificativo: televisione, web, evento ecc.) di questo video contattarci alla mail: redazione@agtw.it 

Tutti i nostri servizi: http://www.agtw.it

Entra nella nostra Community: https://www.youtube.com/c/AGTW_it/community

AGTW è un'agenzia specializzata nelle dirette video dei principali fatti di cronaca. Tra i nostri clienti: Corriere della Sera, Sky, La7, Mediaset.

Rimani connesso con AGTW:
👍 Facebook: https://www.facebook.com/AgenziaAgtw
📸 Instagram: https://www.instagram.com/agtw.it
🐦 Twitter: https://twitter.com/AGTW_it
❤️ Twitch: https://www.twitch.tv/agtw_it
📱 TikTok: https://www.tiktok.com/@agtw.it","notizie;notizie cronaca ultima ora;notizie dallitalia;notizie del giorno;notizie del giorno italia;notizie dellultima ora;notizie di oggi;notizie italia;notizie italiane;notizie italiane oggi;notizie oggi","2025-04-07T14:48:26Z","AGTW","UCW8yV-b66_gjJ9rTkt1rjcA","24","PT50S","6941","62","32",NA
"Z-hH1QW3J-c","FEMMINICIDIO Sara CAMPANELLA, il procuratore: ""La vittima subiva insistenti attenzioni da due anni""","Il giovane fermato frequentava lo stesso corso della vittima», così il procuratore capo di Messina Antonio D'Amato, in conferenza sull'uccisione dell'universitaria Sara Campanella. ""C'erano state attenzioni reiterate e insistenti, ma non si erano trasformate in qualcosa di minaccioso e morboso"".",NA,"2025-04-01T11:49:03Z","La Repubblica","UC9ePmjVRHLL8x8vq5fOKflg","25","PT3M3S","29683","244","432","it"
"bvWpejxnZLY","Vittime di femminicidio: Giordana e il dovere della memoria - Unomattina 29/01/2025","https://www.raiplay.it/programmi/unomattina - Unomattina raccoglie la testimonianza di Vera Squatrito, mamma di Giordana e nonna della giovane Asia. Una vicenda come se ne sentono ormai tutti giorni ma per le quali dobbiamo continuare ad indignarci. Giordana Di Stefano è stata uccisa con 48 coltellate a soli 20 anni la notte tra il 5 e il 6 ottobre 2015. Ad ucciderla il suo ex compagno e padre della piccola Asia che da quella notte, a soli 5 anni, rimane orfana. Orfana di femminicidio.","Giordana;Vera Squatrito;Vittime di femminicidio: Giordana e il dovere della memoria;Unomattina;29/01/2025;Rai Uno;Massimiliano Ossini;Daniela Ferolla","2025-01-29T11:21:03Z","Rai","UCKUzdt2sELyxd6mz-bAx3bA","25","PT9M48S","2905","30","0","it"
"fBd1uQ0sQUI","Dalla violenza psicologica al femminicidio","Serata di Formazione
Venerdì 30 maggio 2025
ore 21.00
Diretta live stream
YouTube Facebook Instagram 
Dalla violenza psicologica al femminicidio: gli inganni, gli ostacoli, 
le trappole, le vie d'uscita.
Quante pagine di quotidiani o rotocalchi, ci riempiono di notizie che
ci spingono a gridare all'ingiustizia, o al chi ha responsabilità.
La questione del cosiddetto ""fenomeno di femminicidio"",
sembra inarrestabile. Si continua a morire per varie ragioni, a volte le si vuole quasi normalizzare, ma le vittime sono in aumento, anche tra giovanissimi.
Cercheremo di affrontare questa dolorosa vicenda al femminile 
con la prestigiosa ospite che abbiamo invitato ovvero:
- l'Avv. Marina MARCONATO, Patrocinante in Cassazione, Criminologa Clinica e Forense, Consigliera Delegata alla Lotta contro la violenza di genere di ""Terziario Donna Confcommercio"" di Roma,;
- la Prof.ssa Maria Pia CIROLLA, Presidente dell'Associazione Nazionale 
Asso. Noi Diciamo No! Onlus

🎙️ Nuovo allo streaming o vuoi migliorare? Dai un'occhiata a StreamYard e ottieni uno sconto di $10! 😍 https://streamyard.com/pal/d/5665857413054464",NA,"2025-05-31T08:09:35Z","Asso Web TV di Maria Pia Cirolla","UCaXUce0Zuc8wtuOne8Ci6Pg","24","PT59M59S","41","3","0","en-US"
"F4Ys5ITo8Z4","Femminicidio Martina Carbonaro, Alessio Tucci Resta In Carcere: Il Giudice Convalida L'Arresto","Il Gip del tribunale di Napoli Nord dispone la permanenza in cella per il 19enne, reo confesso dell'uccisione della 14enne di Afragola

Iscriviti al CANALE per restare sempre aggiornato:
▸ https://www.youtube.com/channel/UCkYs4uXFlhayMk_y3uTIHsA

Seguici anche sui SOCIAL:
▸ Facebook: https://www.facebook.com/Notiziecom/

▸ Twitter:  @notiziecom1139  

▸ Instagram: https://www.instagram.com/notiziecom/",NA,"2025-05-30T15:02:16Z","NOTIZIE","UCkYs4uXFlhayMk_y3uTIHsA","25","PT50S","1037","5","0",NA
"pLTQVrut5oQ","Gli aggiornamenti sul giallo di Rimini, sul femminicidio di Seriate e sull'omicidio di Gualdo Tadino","Il mio ultimo intervento a Ore 14 su Rai 2 sui principali casi del momento.

Iscriviti al canale e attiva la campanellina per non perdere i miei nuovi video e le dirette.

[Nuove date] I miei eventi a TEATRO sulla manipolazione affettiva. Date e biglietti su TicketOne:  https://www.ticketone.it/artist/roberta-bruzzone/

Puoi seguirmi anche su Facebook per avere aggiornamenti quotidiani: https://www.facebook.com/robertabruzzonecriminologa

Per collaborazioni social: roberta.bruzzone@youcreator.it","Roberta Bruzzone;Bruzzone;Roberta Bruzzone TV;Roberta Bruzzone Criminologa;Criminologia;crimini;Roberta Bruzzone Rai;cronaca nera;crime;giallo;criminologa;csi;misteri;ultime notizie;notizie oggi;roberta bruzzone tv","2025-01-07T10:14:27Z","Roberta Bruzzone - Psicologa e Criminologa ","UCT9FVBJEStY0TZzGPzBZxAg","24","PT18M45S","15626","513","66",NA
"81SpTs2pQzo","Perché per i giudici le 75 coltellate di Turetta a Giulia Cecchettin non sono segno di crudeltà","Filippo Turetta è stato condannato all’ergastolo per l’omicidio di Giulia Cecchettin, ma la Corte d’Assise di Venezia non ha riconosciuto l’aggravante della crudeltà. Secondo i giudici, come si evince dalle carte delle motivazioni della sentenza dello scorso dicembre, le 75 coltellate inflitte alla vittima non furono frutto di una volontà sadica di infliggere sofferenze aggiuntive.

Femminicidio Cecchettin: perché per i giudici le 75 coltellate di Turetta non sono segno di crudeltà: https://www.fanpage.it/attualita/femminicidio-giulia-cecchettin-perche-per-i-giudici-le-75-coltellate-di-turetta-non-sono-segno-di-crudelta/

https://youmedia.fanpage.it/video/aa/Z_ZBn-SwLv34RMVR","fanpage;fanpage.it;femminicidio giulia cecchettin;filippo turetta coltellate;filippo turetta crudeltà;filippo turetta sentenza;giulia cecchettin;videonews","2025-04-09T10:15:11Z","Fanpage.it","UCWJhBqnyVdHAuxexgjghNFw","25","PT2M40S","27239","260","460",NA
"Jgj70UKF_0Y","Femminicidio Ilaria Sula, l'avvocato della famiglia: ""Dubbi che Samson abbia fatto tutto da solo""","L’avvocato della famiglia di Ilaria Sula, Giuseppe Sforza, ha spiegato a Fanpage.it che in questa fase è necessaria l’acquisizione di tutti gli elementi che saranno utili nel processo per chiarire cosa è accaduto. 
 

https://www.fanpage.it/roma/femminicidio-ilaria-sula-lavvocato-della-famiglia-dubbi-che-samson-abbia-fatto-tutto-da-solo/","femmincidio;ilaria sula;mark samson","2025-04-04T16:29:35Z","Fanpage.it","UCWJhBqnyVdHAuxexgjghNFw","25","PT3M46S","6992","131","16",NA
"G46c37lkwAM","FEMMINICIDIO...BASTA!!!","#loveforlife",NA,"2024-11-30T18:00:08Z","LOVE FOR LIFE","UC3hTRh8F0cjX4T5tKoXu-Zg","22","PT4M13S","56","1","0","it"
"HNlBZp_Bk7Q","La ricostruzione del femminicidio di Giulia Cecchettin - Generazione Z del 09/05/2024","https://www.raiplay.it/programmi/generazionez - Giulia Cecchettin, studentessa di 22 anni, è stata uccisa dall'ex fidanzato Filippo Turetta. Dopo la scomparsa, è stata trovata senza vita nei pressi del lago di Barcis, a Pordenone.","Generazione Z;Rai2;Monica Setta;giovani;Giulia Cecchettin;Filippo Turetta;femmincidio Giulia Cecchettin","2024-05-10T10:05:57Z","Rai","UCKUzdt2sELyxd6mz-bAx3bA","25","PT1M30S","4877","47","5","it"
"6FWn5HfYKXc","Doppio femminicidio, sentenza choc - Storie italiane 23/01/2025","https://www.raiplay.it/programmi/storieitaliane - Moglie e figlia uccise ma per l'assassino non c'è ergastolo. le motivazioni della sentenza.","femminicidio;sentenza;ergastolo;ingiustizia;cronaca","2025-01-23T13:15:37Z","Rai","UCKUzdt2sELyxd6mz-bAx3bA","25","PT18M41S","7323","94","40","it"
"Yes7hMCn_5g","Femminicidio Settala, i vicini: “Litigava con tutti, era spesso ubriaco e violento”","48 ore dopo il femminicidio di Settala lo sgomento dei vicini di casa di Amina Sailouhi, 43 anni, uccisa dal marito Khalid Achak sabato sera, è ancora palpabile: il silenzio avvolge il cortile dove vivevano, interrotto solo da sguardi increduli e parole sottovoce, mentre fiori e messaggi iniziano ad accumularsi davanti al portone.

In tanti nel condominio raccontano di aver avuto liti e discussioni con il 50enne, che pare spesso fosse ubriaco e violento. 

E ancora l’incredulità su quanto è successo, soprattutto alla luce del fatto che la famiglia fosse già seguita dai servizi sociali, crea ancora più sgomento e rabbia tra i vicini di casa. 
Intanto il comune di Settala ha annunciato 3 giorni di lutto cittadino.","notizie;notizie di oggi;ultime notizie;milano;milanopavianews;milano pavia news;milano pavia tv;notizie milano;tv milano;tg;milano notizie;pavia notizie;notizie pavia;news milano;milano news;notizie oggi;notizie di milano;notizie di pavia;notizie di oggi milano;notizie milano oggi;canale78;news 24 italia;news italia oggi;news milan;milano oggi","2025-05-05T14:58:05Z","Milano Pavia TV - Canale 78","UCHA07FSXGEUCDfy23gM3YXQ","25","PT2M41S","1159","13","4","it"
"fJx9ZHH7V7I","Eleonora Guidi: un Femminicidio senza Movente? | Notizie True Crime","In questo TG Crime approfondiremo le notizie relative a due terribili femminicidi: quello di Rufina (Firenze), che ha visto vittima una giovane mamma, Eleonora Guidi, uc*isa per mano del compagno convivente senza una lite e, apparentemente, senza motivo; poi, parleremo dell’o*icidio di Nataly Quintanilla, finalmente confessato dal compagno Pablo dopo 2 settimane di bugie, ma lui dice che non voleva, che è stato un gioco “zozzerellino” finito male…

Prova i prodotti EVERDROP! 
Con il mio codice sconto BUGALALLA10 avrete il 10% di sconto su tutto (abbonamenti inclusi) senza spesa minima
Con il codice sconto BUGALALLA20 avrete il 20% di sconto su starter kit e kit risparmio (con una spesa minima di 49 €)
Vai su: get.everdrop.com/bugalalla 


Se volete partecipare alle live e discutere dei casi insieme a me, vi aspetto su https://www.twitch.tv/bugalalla

Per info e collaborazioni: Press@twitch-crime.com

Abbonati a questo canale per accedere ai vantaggi:
https://www.youtube.com/channel/UCPc806nmf91jkptTvXFvpkg/join

Se non sai come funziona Twitch: http://bit.ly/AbbonarsiBuga

Per indagare sulla mia vita: https://www.instagram.com/bugalalla/

Per il gruppo Telegram: http://bit.ly/GruppoTelegramBuga

#bugalalla #cronaca #notizie","bugalalla;labuga;buga;bugalla;bugalalla crime;bugalalla true crime;true crime;crime;tg crime;cronaca italiana;notizie;chi l'ha visto;quarto grado;twitch crime;intervista;documentario;film;Francesca bugamelli;psicologia;twitch;eleonora;guidi;lorenzo;innocenti;femminicidio;firenze;rufina;perchè;movente;verità;figlio;genitori;come sta;indatgram;foto;facebook;joanna;johanna;nataly;quintanilla;pablo;milano;babysitter;confessione;bruzzone;rai;ore 14;fedez;chiara ferragni","2025-02-10T12:04:04Z","Bugalalla Crime","UCPc806nmf91jkptTvXFvpkg","25","PT41M48S","23703","1337","152","it"
"JvmWTJE5AAQ","Femminicidio di Alice Neri: ""Perché tanta cattiveria su mia figlia?""","Patrizia Montorsi, madre di Alice Neri, la giovane donna uccisa a Fossa di Concordia il 18 novembre scorso, ha rilasciato una toccante videointervista pubblicata nei giorni scorsi da Radio 5.9. 

Alice Neri, 32enne residente a Ravarino, in provincia di Modena, era mamma di una bambina di soli 4 anni. Dopo esser stata uccisa il suo corpo venne dato alle fiamme. L’unica persona indagata al momento è il 29enne Mohammed Gaaloul, attualmente recluso presso la Casa circondariale Sant’Anna di Modena con l’accusa di omicidio.

“Non riesco a capire perché tanta cattiveria su mia figlia – commenta Patrizia nel corso dell’intervista – certe volte bisognerebbe fermarsi a riflettere. Si è portati a pensare che certe cose succedano solo agli altri ma nessuno è immune. 

Tanti giornalisti mi hanno detto di aver parlato con chi conosceva Alice e nessuno gli ha detto qualcosa di storto su di lei. Alcune persone si sono accanite verso una ragazza con le proprie insicurezze e le proprie passioni, una ragazza normale. 

Mia figlia è ancora su un tavolo di marmo, non ho neppure potuto salutarla. Alice non me la ridarà più nessuno, vorrei soltanto ridarle la sua dignità, quella che per tutta la vita ha tenuto alta!”.

👉 Leggi su Radio 5.9 ⤵
https://www.radio5punto9.it/femminicidio-vittimizzazione-secondaria-alice-neri/

🎧 Seguici in diretta su http://www.radio5punto9.it/
📲 App ufficiale gratuita per Apple e Android ""Radio 5.9""
🎙 Intervista a cura di Nicola Pozzati - Riprese e montaggio Mattia Guidi 

#radio5punto9 #aliceneri #patriziamontorsi #femminicidio #vittimizzazionesecondaria #delitto","alice neri;femminicidio;vittimizzazione secondaria;news;patrizia montorsi;omicidio;concordia sulla secchia","2023-07-31T16:02:44Z","Radio 5.9","UCP1ZdYt4CxAcVuGmZhDlCag","25","PT58S","1273","53","11","it"
"81gV0YfMT9A","Siamo Noi (Tv2000), 1° aprile 2025 – Femminicidio nel Messinese: uccisa in strada Sara Campanella","Stava per compiere 22 anni quando l’assassino le si è avvicinato e dopo una lite “accesa” ha cominciato a colpirla con fendenti alla gola mortali. Sara Campanella, originaria di Misilmeri, Palermo, era una studentessa del corso di laurea di Tecniche di laboratorio biomedico all’Università di Messina. Già tempo fa aveva confidato alle amiche di aver paura di essere seguita, e infatti dopo aver percorso un centinaio di metri fuori dal Policlinico, all’altezza di una fermata di un bus l’uomo ha cominciato ad aggredirla. Sara Campanella ha provato a chiedere aiuto, a liberarsi, a schivare i colpi ma alla fine non c’è stato niente da fare. L’assassino si è dato alla fuga, la Polizia lo ha inseguito per tutta la notte fino poi a rintracciarlo e disporre il fermo.

Siamo Noi, programma pomeridiano di Tv2000 in diretta alle 15.15, ne parla con: Licia D’Amico, avvocata; Fabrizio Bertè, giornalista “La Repubblica”.

Siamo noi va in onda dal lunedì al venerdì alle 15.15 su TV2000 | Canale 28 – 157 Sky – https://www.tv2000.it/live

Rivedi tutte le puntate sul sito di Siamo noi ▶ https://www.tv2000.it/siamonoi

La pagina Facebook ▶   / siamonoitv2000 

L'account X  ▶   / siamonoitv2000  

Segui Siamo noi su Instagram ▶   / siamonoitv2000 

Rivedi tutti i programmi di TV2000 sulla nostra App Play2000: https://www.play2000.it/thanks","Tv2000","2025-04-01T16:20:43Z","Tv2000it","UCBlms9YpWedqqtXRoi-0WUA","24","PT11M26S","8826",NA,NA,"it"
"BgTM105E1qc","Femminicidio, bozza ddl: ergastolo per chi uccide una donna come atto di discriminazione o odio","""Chiunque cagiona la morte di una donna quando il fatto è commesso come atto di discriminazione o di odio verso la persona offesa in quanto donna o per reprimere l'esercizio dei suoi diritti o delle sue libertà o, comunque, l'espressione della sua personalità, è punito con l'ergastolo. Fuori dei casi di cui al primo periodo, si applica l'articolo 575"". Così si legge al primo articolo della bozza del ddl che introduce il reato di femminicidio, visionata dall'Adnkronos. Il provvedimento è costituito da 7 articoli.","Femminicidio","2025-03-07T17:14:07Z","Adnkronos","UCXXWh7wQAmi751M1X_ggQkA","25","PT27S","905",NA,"24","it"
"HRyJ5RsvzoQ","Il femminicidio di Sara Campanella diventa una serie web","La sua storia unita da un filo invisibile a quella di Graziella Recupero, uccisa a Barcellona nel 1956","Centro Commerciale Tremestieri","2025-05-17T09:45:26Z","Tempostretto TV Messina","UCJIgQL7sFiX0uw2Lj3vammg","29","PT4M35S","1289","15","2","it"
"ddmYR7eT5Uc","Ecco perché la nuova LEGGE sul FEMMINICIDIO non è ingiusta ma è incostituzionale | Avv. Angelo Greco","Proteggere le donne dalla violenza è un dovere, ma una legge che si concentra esclusivamente sul genere rischia di violare il principio di uguaglianza costituzionale, creando tutele diseguali e pericolosi precedenti giuridici.
#legge #femminicidio #donne #tuteladelledonne #uomo #violenzadigenere 
.
.
Acquista a questo link il mio libro ""Fanc**o il successo"" https://amzn.to/3SlixbK
.
.
Acquista a questo link il mio libro ""“La Legge per Tutti - Casa e condominio"" 
https://amzn.to/3MAp4Ma
.
.
Vai su https://www.elaw.academy la piattaforma e-learning per lo studio del Diritto
.
Acquista le magliette di ""Questa è La Legge"" sullo store ufficiale https://angelo-greco.hoplix.shop/
.
Acquista a questo link il mio libro ""La legge per tutti. Quiz"" https://amzn.to/3ptDyoQ
.
Acquista a questo link il mio libro ""La Costituzione per Tutti 
https://amzn.to/3RWu4KL
.
Acquista a questo link il mio libro ""La Legge per Tutti"" https://amzn.to/3HPzXp7 
.
Per consulenze e pareri vai su 
https://www.avvangelogreco.it/consulenza
.
Seguimi anche su Instagram per altri video 
 https://www.instagram.com/angelogrecoofficial/ 
.
Angelo indossa un orologio Venezianico 
Se vuoi acquistare questo modello puoi cliccare qui
https://it.venezianico.com/collections/all-watches/products/redentore-riserva-di-carica-1321505
.
Iscriviti al canale e resta aggiornato 
 https://www.youtube.com/c/AngeloGreco 
.
Abbonati a questo canale per accedere a contenuti nuovi ed esclusivi: 
 https://www.youtube.com/c/AngeloGreco/join 
.
.
#angelogreco #questaèlalegge #news
.
Questa è la legge, Ep. 
.
.
Spotify: Angelo Greco 
https://open.spotify.com/show/00g11TvR5wk4QGu7JfYDOa  

Google podcast: Angelo Greco 
https://www.google.com/podcasts?feed=aHR0cHM6Ly9hbmNob3IuZm0vcy80OGQwMDQyNC9wb2RjYXN0L3Jzcw== 
.
Apple Podcasts: Angelo greco 
https://podcasts.apple.com/us/podcast/angelo-greco/id1550077369 
.
QUESTA E' LA LEGGE Una produzione Laleggepertutti 
https://www.questaelalegge.it/ 
.
LA LEGGE PER TUTTI
SITO WEB https://www.laleggepertutti.it/ 
FACEBOOK https://www.facebook.com/laleggepertutti/ 
INSTAGRAM https://instagram.com/laleggepertutti/ 
.
.
ANGELO GRECO, Avvocato, direttore di La Legge per Tutti
SITO WEB http://www.avvangelogreco.it/ 
FACEBOOK https://www.facebook.com/avvocatoangelogreco 
MAIL segreteria@avvangelogreco.it 
.
REGIA E MONTAGGIO VIDEO DI Dantemanuele De Santis
MAIL dantemanueledesantis@live.it
.
AUTORE JINGLE SIGLA
Andrea Infusino - https://m.facebook.com/infusinomusic/ 
.
VISUAL DESIGNER SIGLA
Lorenzo Florissi OSC -  https://www.instagram.com/osc.tv/?hl=it","angelo greco;questa è la legge;legge;avvocato;avvocato gratis;consulenza","2025-03-15T07:30:19Z","Angelo Greco","UCmHoLDhqgvDaXWm8w1ZJzZw","25","PT4M49S","13735","1240","396","it"
"fgM-cKF9mus","Orfani speciali: le storie dei figli di donne vittime di femminicidio","Li chiamano “orfani speciali”, sono i bambini e le bambine rimasti orfani a seguito di un femminicidio, conseguenza estrema della violenza sulle donne. L’Italia negli ultimi anni ha fatto diversi passi avanti per dotarsi di strumenti a contrasto di questo fenomeno, dalla ratifica della convenzione di Istanbul al Codice Rosso. Tuttavia i numeri dei femminicidi restano ancora alti. Stando ai dati Istat, nel 2023 sono state 117 le donne uccise; di queste, 96 sono vittime di femminicidio. L’82 per cento del totale. Una ogni tre, quattro giorni. Si tratta di donne che sono contemporaneamente figlie, sorelle, amiche e molto spesso anche madri. «Questi bambini, questi ragazzi subiscono la cosa peggiore che ti possa capitare: muoiono contemporaneamente le due persone che ti hanno generato. Con una aggravante: uno ha ucciso l’altra», spiega Marco Rossi Doria, presidente dell’impresa sociale Con i Bambini. 

«Si tratta di bambini che hanno già vissuto violenze reiterate, sia fisiche e psicologiche - spiega Roberta Beolchi, presidentessa di Associazione Edela - e dopo l'omicidio della loro madre inizia per loro un ulteriore calvario». Per venire incontro alle necessità degli orfani di femminicidio e alle famiglie affidatarie, l'Italia si è dotata di una legge - approvata l'11 gennaio 2018 - che riconosce tutele processuali ed economiche ai figli minorenni e maggiorenni della vittima di un omicidio commesso da un partner o ex partner. Ma non basta. Il perché lo spiegano Giuseppe Delmonte, Valentina Belvisi e Marco Sancandi, orfani di femminicidio. E i coniugi Adriana e Luigi Formicola, che stanno crescendo i nipoti dopo che la figlia Stefania è stata uccisa dal marito nel 2017, quando i bambini avevano rispettivamente 4 anni e 19 mesi. Alle loro testimonianze si aggiungono le voci di Roberta Beolchi e Marco Rossi Doria, che ci raccontano come molto spesso siano le associazioni le uniche a rispondere al grido d'aiuto degli orfani di femminicidio e delle loro famiglie affidatarie. 

Seguici sui nostri canali:
* Youtube: https://www.youtube.com/@vdnews_ita
* Facebook: https://www.facebook.com/vdnewstv
* Instagram: https://www.instagram.com/vdnews/
* Sito: https://vdnews.tv/
* TikTok: https://www.tiktok.com/@vdnews.tv","vdnews","2024-11-25T16:40:58Z","VD","UCCm9ZSJ6RbMz3IcOWvQqTIg","22","PT44M4S","46990","1584","154","it"
"VaaWN09iYX8","Femminicidio a Settala, il marito: ""Sono esploso dalla rabbia, non ricordo più nulla""","“Sono esploso dalla rabbia. Ho preso il coltello e dopo il primo colpo non ho capito più nulla. Non ricordo altro”. È quanto ha dichiarato Khalid Achak, 50 anni, di origini marocchine, durante l’interrogatorio di convalida dell’arresto per l’omicidio della moglie Amina Sailouhi, 43 anni, avvenuto sabato sera nella loro abitazione a Settala, alle porte di Milano. A chiamare i soccorsi è stata la figlia di 10 anni, testimone dell’orrore.

L’uomo ha risposto per circa un’ora alle domande del gip Emanuele Mancini, cercando di ricostruire – tra vuoti di memoria e dichiarazioni confuse – i momenti precedenti al delitto. Ha parlato di un litigio scoppiato due giorni prima per un banale capriccio della figlia, della difesa che lui avrebbe preso nei suoi confronti, e della tensione crescente con la moglie. Poi la miccia: Amina, secondo il suo racconto, avrebbe minacciato di autoinfliggersi delle ferite per denunciarlo. Sarebbe stato quello, ha spiegato, il momento in cui ha perso il controllo. Dopo la prima coltellata – una delle dodici inferte – avrebbe avuto un “vuoto di memoria”.

Nel suo racconto, Khalid ha parlato di un matrimonio ""combinato"", non basato sull’amore, e di crescenti tensioni familiari. Ha anche espresso il timore – definito dal suo avvocato Giorgio Ballabio una vera e propria “ossessione” – che i parenti della moglie volessero sottrargli beni e proprietà. “Sono dispiaciuto, la vita non si toglie”, ha dichiarato durante l’interrogatorio.

Secondo quanto ricostruito dai carabinieri, la figlia – unica testimone dell’omicidio – avrebbe cercato disperatamente di fermare il padre gridando “Papà, no!”. Il suo urlo è stato udito anche da un vicino di casa. La piccola è poi riuscita a contattare il 118 circa un’ora dopo, ma la telefonata è stata interrotta dal padre, che si è impossessato del cellulare e ha insultato l’operatrice prima di chiudere la comunicazione. Ora è stata affidata a uno zio materno.

Il pubblico ministero di Milano, Antonio Pansa, ha chiesto la convalida dell’arresto e la custodia cautelare in carcere per Achak con l’accusa di omicidio volontario aggravato: dall’aver agito in stato di ubriachezza, dalla presenza della figlia minorenne, e dal fatto che la vittima era la sua coniuge.

Il delitto, definito “particolarmente efferato” dal pm, si inserisce in un contesto di violenza domestica già noto alle autorità. Nel novembre 2022, Amina aveva denunciato il marito per maltrattamenti, riferendo episodi di percosse e minacce di morte. La Procura stava per chiudere le indagini con la richiesta di rinvio a giudizio, ma non erano state ritenute necessarie misure cautelari: dopo l’attivazione del “codice rosso”, infatti, la donna aveva rifiutato per due volte il trasferimento in una casa protetta, e non erano pervenute ulteriori segnalazioni.","notizie;notizie di oggi;ultime notizie;milano;milanopavianews;milano pavia news;milano pavia tv;notizie milano;tv milano;tg;milano notizie;pavia notizie;notizie pavia;news milano;milano news;notizie oggi;notizie di milano;notizie di pavia;notizie di oggi milano;notizie milano oggi;canale78;news 24 italia;news italia oggi;news milan;milano oggi","2025-05-05T14:56:09Z","Milano Pavia TV - Canale 78","UCHA07FSXGEUCDfy23gM3YXQ","25","PT2M42S","306","2","2","it"
"T1SgLXpjEnk","Femminicidi, assassini di Sara e Ilaria confessano delitti","La cronaca con altri due femminicidi, quello di Ilaria e di Sara. Entrambi gli autori dei delitti hanno confessato. 

Tg2000 va in onda dal lunedì al sabato alle ore 8.30, 12, 14.55, 18.30 e 20.45 e la domenica alle ore 18.30 e 20.45 su Tv2000
📺 Canale 28 dtt📡 157 Sky 💻 https://www.tv2000.it/live
📱Scarica gratuitamente l'app Play2000 per rivedere tutte le edizioni e i programmi di Tv2000 👉 https://www.play2000.it/thanks","tv2000;notizie;informazione;news;tg2000","2025-04-02T17:21:52Z","TG2000","UC_bFWlnnADxGUXA3igouBiw","25","PT2M42S","14893","75",NA,"it"
"EUWLtZQQJaY","#femminicidio #femminicidiostop #psicologia #psicologa #relazionetossica #noallaviolenzasulledonne","",NA,"2023-07-31T11:28:57Z","Psicologa Galimberti","UC1KQM3UZsYIxsU5l80n3FcA","22","PT54S","206","11","0",NA
"pI2bPGCC54A","Il corpo di Ilaria Sula trovato in una valigia nel bosco di Poli","📌 E’ stato ritrovato questa mattina all’alba il corpo di Ilaria #Sula, la ragazza di 22 anni scomparsa lo scorso 25 marzo dalla sua casa di Furio Camillo, a #Roma.

La notizia nell'edizione del Tg La7 delle 20:00 di mercoledì 2 aprile 2025 👉 https://tg.la7.it/cronaca/ilaria-sula-ritrovata-morta-corpo-in-valigia-nel-bosco-poli-02-04-2025-234865

#tgla7",NA,"2025-04-02T18:30:27Z","TG La7","UCYj2t05uU65UrlI1f0OGhlg","24","PT2M41S","20804","175","211","it"
"FTLKRQNYS8E","Femminicidio Ilaria Sula, un vicino di casa dell'ex ragazzo: ""Gentile, educato e sorridente""","Giovanni Spano', dentista: ""Conoscendolo non me lo aspettavo""","Sole 24 Ore","2025-04-02T15:01:32Z","Il Sole 24 ORE","UCCuZicOOisRgknWUSQArudg","25","PT1M11S","22354","84","110",NA
"UunmjetJzRw","Femminicidio Kristina Gallo: confermata condanna a 30 anni","Ieri in Cassazione è arrivata la condanna definitiva a 30 anni per l'assassino di Kristina Gallo, la giovane 26enne uccisa nella sua casa di Bologna nel 2019. 

Come Caramella Buona ci siamo costituti parte civile convinti che dovesse essere fatta giustizia, nel video potete ascoltare il commento del nostro avvocato Barbara Iannuccelli che ha seguito, sin dall'inizio, tutta la vicenda di Kristina.  

Nonostante questa importante sentenza Kristina non c'è più e non possiamo non pensare che, ancora oggi, sono moltissime le donne che subiscono violenze e vengono uccise, ogni giorno!","Barbara Iannuccelli;Kristina Gallo;omicidio;femminicidio;La Caramella Buona;Caramella Buona;Iannuccelli;Cassazione;avvocato","2025-02-28T17:42:51Z","La Caramella Buona - Official Channel","UCAq0SwDKDF1e7se1R-Uw9Pg","29","PT1M34S","20","1","0","it"
"V73-pKOzCT0","Femminicidi e patriarcato, il grido di Milano: ""Quante ancora di noi devono morire?""","Di fronte alla notizia degli ennesimi femminicidi, centinaia di ragazzi e ragazze a Milano hanno aderito alla chiamata del movimento ""Non una di meno"" per dire no alla violenza di genere. I manifestatnti si sono riuniti davanti all'Università Statale e hanno proseguito in corteo fino all'ingresso del Tribunale cittadino. Tanti anche i giovani uomini che stanno iniziando a riflettere sul tema del patriarcato.

https://www.fanpage.it/milano/femminicidi-e-patriarcato-il-grido-di-milano-quante-ancora-di-noi-devono-morire/","femminicidio;milano;non una di meno;patriarcato;università statale","2025-04-04T06:44:06Z","Fanpage.it","UCWJhBqnyVdHAuxexgjghNFw","25","PT4M19S","5590","154","265",NA
"5MJRpEruLk8","Femminicidio e omicidio","✏️​📚​❕​ Inizia con questo carosello di immagini un approfondimento documentato (Istat, Eures, Volterra 2020) su temi quali omicidio, femminicidio, uxoricidio, figlicidio e considerazioni psicologiche #psicologoinrete #criminologia #femminicidio #uxoricidio #figlicidio #crimine #omicidio #eures #istat #datisufemminicidio

TI INTERESSA CIO’ CHE DICO? VUOI PRENOTARE UN COLLOQUIO CON ME?

✅ 1. ISCRIVITI al mio canale YouTube, quasi ogni giorno posto dei contenuti. RICORDA di attivare la campanella sennò non riceverai gli avvisi dei nuovi post.

💻 il mio sito internet è: WWW.PSICOLOGOINRETE.COM

🔍 👨‍💻  Mi trovi anche su: 
https://www.instagram.com/dott.alessandro.pedrazzi/
https://www.tiktok.com/@dott.alessandropedrazzi
https://www.facebook.com/Dott.Pedrazzi.psicologo.psicoterapeuta.milano

📨 o CONTATTAMI direttamente:
contatti@psicologoinrete.com | +39 335.5880355","psicologo;psicoterapeuta;Pedrazzi;psicologia;psicologoinrete;benessere psicologico;crescita personale;salutementale;video di psicologia;video psicologici;psicoterapia","2023-12-08T18:00:02Z","Dott. Alessandro Pedrazzi","UC1_lg2ibTBlr2rslQgIlUUw","26","PT1M","45","3","0","it"
"Bxi7ufTnzcw","Morì in un dirupo a Ischia, per il Pm fu un femminicidio","A 9 mesi dalla morte di una donna di 32 anni, si scopre oggi un altro femminicidio: avvenne ad Ischia, a luglio scorso. Arrestato nella notte l'ex compagno. 

Tg2000 va in onda dal lunedì al sabato alle ore 8.30, 12, 14.55, 18.30 e 20.45 e la domenica alle ore 18.30 e 20.45 su Tv2000
📺 Canale 28 dtt📡 157 Sky 💻 https://www.tv2000.it/live
📱Scarica gratuitamente l'app Play2000 per rivedere tutte le edizioni e i programmi di Tv2000 👉 https://www.play2000.it/thanks","tv2000;notizie;informazione;news;tg2000","2025-04-16T10:58:30Z","TG2000","UC_bFWlnnADxGUXA3igouBiw","25","PT1M","573","5",NA,"it"
"mcTL1JFPj_8","LA FIACCOLATA IN RICORDO DI MARTINA","Ad Afragola ieri sera amici, parenti e compagni di scuola, hanno ricordato la quattordicenne Martina Carbonaro con un lungo corteo silenzioso. 
Lacrime, applausi e il volo di palloncini bianchi ha accompagnato la fiaccolata per le vie della cittadina in provincia di Napoli per dire no alla violenza che le donne subiscono dai loro presunti amori. 
#Martinacarbonaro #afragola 
#Femminicidio #napoli #Fiaccolata

Sito: https://www.sicomunicazione.it 
FB: https://www.facebook.com/sicomunicazione
Email: redazione@sicomunicazione.net

Registrazione al Tribunale di Napoli n. 005 del 4-2-2013","sicomunicazione;notizie napoli;news napoli;notizie di napoli;cronaca napoli;notizie campania;napoli news;ilmattino;il mattino napoli;napoli repubblica;corriere napoli;fanpage.it;fanpage napoli;cronache di napoli;in anteprima;tempo reale;realtime;live;notizie live;telegiornale napoli;telegiornale campania;canale 21;canale 9 napoli;canale 8 napoli;telecapri;tele capri;regione campania;campania;napoli;napoli città;napoli centro","2025-05-29T09:04:01Z","SiComunicazione","UC5oDlE5eL0tivb62HEYlurw","25","PT23S","5899","87","10","it"
"Wu5P_AVzE-g","Spoleto, uccide la moglie e tenta il suicidio da un ponte - La Vita in Diretta 26/03/2025","https://www.raiplay.it/programmi/lavitaindiretta - Gianluca Romita ha ucciso la moglie Laura Papadia per poi tentare il suicidio lanciandosi dal Ponte delle Torri a Spoleto.","La Vita in Diretta;Spoleto;suicidio;ponte;uccide la moglie;femminicidio","2025-03-26T18:51:53Z","Rai","UCKUzdt2sELyxd6mz-bAx3bA","25","PT1M38S","69000","92","56","it"
"8PRpXlDzO9c","Gaia picchiata dall' ex: salva per miracolo - Storie italiane 08/04/2025","https://www.raiplay.it/programmi/storieitaliane - Il suo ex l'ha pedinata con due complici e l'ha massacrata di botte, arrestato l’ex compagno, ma liberi i due complici","gaia;agguato;napoli;ex-fidanzato;aggressione","2025-04-08T09:35:33Z","Rai","UCKUzdt2sELyxd6mz-bAx3bA","25","PT13M40S","39425","560","184","it"
"9QO4M9zAEY0","DDL FEMMINICIDIO, L’ IMPEGNO DI STEFANIA DE MARTINO - SERVIZIO TG DEL 08/03/2025","",NA,"2025-03-08T13:55:26Z","Tv Oggi","UCalFyV9vVPVIhPveHfBZWwQ","25","PT4M23S","49","0","1","it"
"vxEUPK8bihs","Eri e sarai Luce 🥀 #marisaleo #femminicidio #stopviolence","",NA,"2023-09-08T10:37:35Z","Fabio Ingrassia ","UCkiNvGyq9zMR3EY32K7deHA","22","PT13S","3055","86","3",NA
"bYpojmTysOM","Combattere il #femminicidio : Leggi, dati e strumenti per prevenire la violenza","Mettiamo a confronto due visioni sul femminicidio: omicidio generico o urgente bisogno di riconoscerne la peculiarità devastante? Un appello disperato contro l'indifferenza, invocando giustizia per le vittime. #ViolenzaDiGenere #LeggeEgiustizia #DebattitoSociale #StopViolenza #DirittiUmani #ConoscenzaEAzione",NA,"2024-03-25T22:50:54Z","il Salottino","UC8MYkj_VTsfY7rM-0tAZrpg","24","PT51S","2579","42","7","it"
"bIsXn3qCG64","#Femminicidio, #mascolinità e #psicopatologia","🎞️​✂️​☣️​ Short da Toxic prima serie, episodio ""Toxic - Femminicidio ed educazione"" (https://youtu.be/rY8wDYHFB90?si=QYtREy2XOPVngA1q)
#femminicidio #psicologoinrete #psicologia #donne #uomini #violenzapsicologica #stalking #violenzadigenere 

TI INTERESSA CIO’ CHE DICO? VUOI PRENOTARE UN COLLOQUIO CON ME?

✅ 1. ISCRIVITI al mio canale YouTube, quasi ogni giorno posto dei contenuti. RICORDA di attivare la campanella sennò non riceverai gli avvisi dei nuovi post.

💻 il mio sito internet è: WWW.PSICOLOGOINRETE.COM

🔍 👨‍💻  Mi trovi anche su: 
https://www.instagram.com/dott.alessandro.pedrazzi/
https://www.tiktok.com/@dott.alessandropedrazzi
https://www.facebook.com/Dott.Pedrazzi.psicologo.psicoterapeuta.milano
https://www.mobbing-italia.it

📨 o CONTATTAMI direttamente:
contatti@psicologoinrete.com | +39 335.5880355","psicologo;psicoterapeuta;Pedrazzi;psicologia;psicologoinrete;benessere psicologico;crescita personale;salutementale;video di psicologia;video psicologici;psicoterapia","2023-10-03T16:30:07Z","Dott. Alessandro Pedrazzi","UC1_lg2ibTBlr2rslQgIlUUw","22","PT1M","544","19","2","it"
"R1-fzRKZ3CY","Samarate, uccide la ex moglie e scrive ""Ho fatto quello che dovevo"" - La vita in diretta 17/04/2025","https://www.raiplay.it/programmi/lavitaindiretta - L'uomo, 57 anni, ha ammesso i fatti nel corso dell'interrogatorio tenuto ieri sera davanti al pm di Busto Arsizio. Dopo essersi allontanato a piedi, è stato ritrovato ancora sporco di sangue e con in mano il coltello usato per colpire la donna.","Samarate;omicidio;femminicidio;indagini","2025-04-17T16:20:52Z","Rai","UCKUzdt2sELyxd6mz-bAx3bA","25","PT2M9S","19513","134","77","it"
"J4hKQ2ilUxw","Travaglio sul patriarcato #ilcapitale #femminicidio #patriarcato #travaglio #marcotravaglio","",NA,"2023-11-30T08:59:20Z","Il Capitale","UCGqO_hkzctiVnDC5PRXs0OQ","22","PT41S","116378",NA,"321",NA
"ghlDm6cUAEo","Femminicidio ed amore rubato","@disegnaecreaconalessio 
L’amore rubato. Dedicato a tutte le donne. Ho cercato di evocare questa atroce e drammatica situazione attraverso ciò che sento e che riesco ad esprimere. Il mio massimo diniego per la bestia uomo. 🙏😘🥲 #amore rubato #femminicidio #arte #amore #diniego #rispetto donne #donna #disegnare #disegno #acquerello #acquerello col caffè #tecnica mista #matita #acrilico #disegnaecreaconalessio #short #shorts",NA,"2024-10-29T20:45:50Z","Disegna, pirografa e crea con Alessio ","UCUlw6JWZKjXY-TUIRKV88NA","26","PT49S","71",NA,"0","it"
"jZMocXJlhzs","UN DATO per capire il femminicidio in Italia","SUPPORTA LO SHOW! - http://www.breakingitaly.club
H E Y A - http://heyastore.com

----REFERRALS:
CASE - https://amzn.to/2PwtLX4
DISSIPATORE - https://amzn.to/2QHvNIw
ALIMENTATORE - https://amzn.to/2PAErUI
SSD - https://amzn.to/2SG1tv0
HDD - https://amzn.to/2SEImkW
RAM - https://amzn.to/2SIhWz5
SCHEDA MADRE - https://amzn.to/2L8dGGk
CPU - https://amzn.to/2PAEK1O
SCHEDA VIDEO - https://amzn.to/2PuNINR
TUTTO ASSIEME - http://bit.ly/2QnGpge

OBIETTIVO - https://amzn.to/2TxdYtU
MICROFONO - https://amzn.to/2Py8Lz8

----LINK DI OGGI:
Puntata 6 del Podcast: Giuseppe Civati! - http://bit.ly/2rnmm64
Ne parla anche Mattarella - http://bit.ly/33kP7gM
“...questo non è amore” - http://bit.ly/2XJIwvi
Il PDF per fare prima - http://bit.ly/2KPzKXd
Il codice rosso - http://bit.ly/2QVUErT
In Iran è tornato internet - http://bit.ly/2R0afXt
Il salvataggio drammatico a Lampedusa - http://bit.ly/37uFIqi
La Open Arms sbarcherà a Taranto - http://bit.ly/2qIRywx
Di Cina, spie, Australia - http://bit.ly/2rnnMgU
Viva la Democrazia? - http://bit.ly/33itAp1
Cose belle che accadono in asia - https://bbc.in/2QSLSL1


----CONTATTI:
Facebook (Personale): http://on.fb.me/wq5fLb
Twitter: http://bit.ly/zQtyfp
Instagram: http://bit.ly/shystagram

PER CONTATTARMI VIA MAIL: 
breakingitaly [at] gmail . com

Vi prego andate subito al punto, la corrispondenza non è il mio forte (e non offendetevi se non rispondo, cerco perlomeno di leggere tutto)

----ALTRO:
Facebook BreakingItaly (Solo link ai video): http://on.fb.me/wmJcfv 
Gruppo su Facebook (gestito dalla Gentaglia) http://on.fb.me/YeGkUY

#Femminicidio #Donne #Famiglia","breakingitaly;news;notizie;informazione;intrattenimento;infotainment;mondo;femminicidio;italia;polizia di stato;brochure;alessandro masala","2019-11-25T19:30:36Z","Breaking Italy","UC4V3oCikXeSqYQr0hBMARwg","25","PT17M14S","129249","11010","884","it"
"8q6gECXeNug","Femminicidio Settala, sindaco: ""Situazione nota, servizi sociali già allertati""","Femminicidio Settala, sindaco: ""Situazione nota, servizi sociali già allertati""

""Situazione non conflittuale, i servizi avevano visto la signora da poco""

Cronaca (Settala). ""La famiglia era attenzionata, i nostri servizi sociali erano allertati da tempo. La situazione era sotto controllo, le procedure erano state attivate"". Così Massimo Giordano, sindaco di Settala, arrivato presso l'appartamento di via Cerca in cui si è consumato il femminicidio di una donna di 40 anni che questa notte sarebbe stata uccisa a coltellate dal marito. L'uomo ha confessato il delitto al momento dell'arresto. I carabinieri sono stati avvisati, intorno alle 23, dalla figlia di 10 anni, che avrebbe chiamato i soccorsi dicendo che che il padre aveva ucciso la mamma. ""So che c'è un minore che è stato protetto nell'immediato - ha detto il sindaco - i nostri servizi sono già attivi per quello che riguarda la figlia minorenne"". ""Ritengo che tutto quello che la nostra amministrazione ha fatto era perfettamente secondo le procedure e oltre non si poteva andare, mi è parso di capire che la situazione non fosse conflittuale - ha aggiunto - e che non ci fossero situazioni che richiedessero particolari attenzioni. Credo che i nostri servizi avessero visto la signora da non molto tempo"".  (Agnese Ranaldi/alanews)



Trascrizione generata automaticamente

era intenzionata la famiglia era attenzionata questo non posso dirvelo i nostri servizi sociali erano allertati da tempo la situazione era sotto controllo tutte le procedure di controllo ed assistenza erano state Attiva so che c'è un minore che è stato protetto nell'immediato i nostri servizi sono già attivi per il proseguo della delle vicende che riguardano la figlia minorenne che quello che in questo momento oppure di più oltre a Lasciatemi vivere la nostra più come dire Non ci sono parole per definire per definire questa cortesia se mi dici che sono piene io ritengo che tutto quello che la nostra amministrazione che il comune ha fatto da questo punto di vista era perfettamente secondo le procedure e che oltre non si poteva andare mi è parso di capire che la situazione non fosse conflittuale ma più di questo Davvero  e non ci fossero delle situazioni che richiedessero particolari attenzioni diverse che poi non era neanche neanche il comune di fatto a dover dover attuare la situazione era controllata credo che i nostri servizi avessero visto la signora da non molto tempo la bambina non aveva bisogno di aiuto da parte dei servizi per la sua vita e la madre era perfettamente in grado di seguire la bambina quanto ne so io non era un problema non c'era un problema di Minori","Cronaca;femminicidio;settala;sindaco","2025-05-04T10:52:45Z","alanews","UCA97hGD0SHQNIvXK8aEpxrw","25","PT1M34S","275","10","2",NA
"JFjcaXGQWcY","Ilaria Sula, uccisa dall'ex e chiusa in una valigia - Storie italiane 04/04/2025","https://www.raiplay.it/programmi/storieitaliane - Mark, 23 anni, l'ha accoltellata e poi si è disfatto del corpo, stamattina l’udienza di convalida del fermo per l’assassino","Ilaria sula;mark samson;filippino;assassini;femminicidio;roma","2025-04-04T10:35:51Z","Rai","UCKUzdt2sELyxd6mz-bAx3bA","25","PT22M39S","86716","793","219","it"
"MVmYyrLK-W0","Femminicidio, la lettera della madre al figlio","In studio a Say Waaad?!?, la giornalista Francesca Barra legge la lettera che Carmela Cerillo scrisse al figlio Pasquale Guadagno pochi giorni prima di essere uccisa da Salvatore Guadagno, suo marito, il 25 aprile 2010.

#radiodeejay #saywaaad #pasqualeguadagno #francescabarra #figlidinessuno","Pasquale Guadagno;Femminicidio;Femminicidio Carmela;Carmela Cerillo;Femminicidio Carmela Cerillo;Pasquale Guadagno libro;Pasquale Guadagno Francesca Barra libro;Figli di nessuno libro;Figli di nessuno libro Pasquale Guadagno;Figli di Nessuno Pasquale guadagno Francesca Barra","2025-02-19T14:10:21Z","radiodeejay","UCuNnpwvG5E-hGKM2F-U5YRg","22","PT1M","1365","17","0","it"
"d4_IQ-zy1R4","9 aprile 2025 - Commissione Femminicidio - Audizione Vérien","Alle ore 14, presso l'Aula del II piano di  Palazzo San Macuto, la Commissione parlamentare di inchiesta sul femminicidio, nonché su ogni forma di violenza di genere ha svolto l'audizione della presidente della Délégation aux droits des femmes et à l'égalité des chances entre les hommes et les femmes del Senato francese, Dominique Vérien.",NA,"2025-04-15T13:34:57Z","cameradeideputati","UCwP4zsC0r9eqRQOethu5EFg","25","PT53M55S","167","0",NA,"it"
"2OXSPNIFqg8","Femminicidio di Martina Carbonaro, conferenza stampa alla Procura di Napoli Nord","",NA,"2025-05-31T11:02:35Z","Redazione InterNapoli","UCljKGzQlflgbbxdvygygOew","24","PT10M8S","279","5","5",NA
"Hwf2nVD48ec","femminicidio","TUTTI I DIRITTI E GLI UTILIZZI SONO RISERVATI
Iscriviti! ▶ http://bit.ly/AccasFilm
Che cosa vuol dire femminicidio?
Le donne protagoniste della clip sono le vittime del 2023..
Fonte: Femminicidioitalia.info
I versi sono tratti dalla poesia di Cristina Torre Cáceres

www.accasfilm.it
TUTTI I DIRITTI E GLI UTILIZZI SONO RISERVATI
Facebook ▶ http://bit.ly/FBAccasFilm

#donne #femminicidio",NA,"2023-11-24T16:25:35Z","AccasFilm","UCQiwVtsQygGN6QqcPwNzOyA","27","PT39S","2047","44","2","it"
"KMgPrPb3RoA","Ruoppolo Teleacras - “Femminicidio Patrizia Russo”: a processo","Il femminicidio dell’insegnante agrigentina Patrizia Russo: il marito, Giovanni Salamone, a giudizio immediato. Prima udienza. I figli parte civile. Il servizio di Angelo Ruoppolo.

Giovanni Salamone è attualmente detenuto nel carcere di Genova. E si è presentato in aula in occasione della prima udienza del giudizio immediato. Lui, 61 anni, di Agrigento, imprenditore agricolo, è imputato di avere ucciso la moglie Patrizia Russo, 53 anni, anche lei di Agrigento, il 16 ottobre scorso, nell’abitazione di via Cavoli a Solero in provincia di Alessandria in Piemonte dove lei è stata a lavoro come insegnante. Salamone si è seduto  innanzi alla Corte d’Assise di Alessandria, per rispondere di omicidio volontario aggravato dall’averlo commesso contro la coniuge e per futili motivi. Lui ha colpito lei più volte al torace e alla schiena con un coltello da cucina. Appena dopo essere stato arrestato ha raccontato: “Ieri sera abbiamo cenato con suo fratello. Abbiamo parlato anche di me, visto che da qualche giorno mi sento depresso e anche lei mi vedeva cupo. Ho dei debiti, ma lei stessa mi aveva rassicurato dicendo che non era nulla di grave e che saremmo andati avanti. Quando siamo andati a dormire lei si è addormentata subito, io invece mi assopivo e mi risvegliavo, non riuscivo a dormire come avrei voluto. Intorno alle 5, allora, sono sceso a prendere il coltello e l’ho ammazzata. Ho fatto una cavolata”. I conoscenti descrivono la coppia come “affiatata, mai una lite o un diverbio, sempre uniti”. Lei a telefono con un’amica la sera prima di essere uccisa le ha confidato: “Ho paura che possa fare una sciocchezza. E’ il mio faro, ne morirei. C’è mio fratello, questa sera ne parliamo con lui. Non lo riconosco più, mi spavento a lasciarlo solo domani”. Tre giorni dopo il femminicidio, il 19 ottobre, Giovanni Salamone ha tentato il suicidio nel carcere “Cantiello e Gaeta” di Alessandria. Ha approfittato dell’assenza del compagno di cella, in doccia, e si è legato al collo un cappio rudimentale ricavato con delle lenzuola. Gli agenti della Polizia penitenziaria lo hanno bloccato in tempo. I figli della coppia, Francesco e Giuliana, si sono costituiti parte civile tramite gli avvocati Maria Luisa Butticè e Anna Maria Tortorici. Salamone è difeso dagli avvocati Elisabetta Angeleri e Gianfranco Foglino, che hanno già annunciato istanza per sottoporre l’uomo ad una perizia psichiatrica. Lui sarebbe preda di un grave stato depressivo insorto alcuni mesi addietro, quando gli sono state recapitate delle cartelle esattoriali relative alla sua azienda agricola ad Agrigento con addebiti che avrebbe temuto di non essere in grado di pagare. Il pubblico ministero, Andrea Trucano, ha depositato gli atti d’indagine. Prossima udienza il 12 maggio.",NA,"2025-04-23T11:57:21Z","Bestiacane","UCmak-2fOHzZBbnQ4KMULLqQ","25","PT2M39S","200","3","0",NA
"hj6iJtdbUlw","L'omicidio di Sara: Argentino ha agito con crudeltà - Storie italiane 04/04/2025","https://www.raiplay.it/programmi/storieitaliane - Argentino interrogato in carcere: ha confermato di aver ucciso Sara, per le indagini determinanti le videocamere di sorveglianza","sara campanella;sicilia;argentino;femminicidio;crudeltà","2025-04-04T10:32:03Z","Rai","UCKUzdt2sELyxd6mz-bAx3bA","25","PT22M13S","104125","1207","557","it"
"uL06CGDKkrU","Novità sul femminicidio della studentessa Sara Campanella","Le ultime novità sul femminicidio della studentessa Sara Campanella
nella conferenza stampa svoltasi al tribunale di Messina","sicilia;eventi;video;messina;palermo;catania;notizie;news;programma","2025-04-02T08:52:12Z","OndaTV Sicilia","UCi4glte9XOslZdCQG7oktgA","24","PT14M57S","493","7","0",NA
"KECkDK9CYUs","Il femminicidio di Sara Campanella, l’ennesimo - Nel caso te lo fossi perso Ep 12","Nel caso te lo fossi perso, 1 aprile: Oggi parliamo del femminicidio di Sara Campanella, la studentessa accoltellata per strada a Messina. L’ennesimo femminicidio, purtroppo. Proprio alcune settimane fa il governo aveva approvato una nuova fattispecie di reato e non erano mancate le polemiche: per l’opposizione, infatti, il fenomeno va contrastato a livello culturale, non con pene più severe. 
⭐️ Questo contenuto è esclusivo per gli abbonati a Fanpage.it, ma solo per i primi mesi puoi ascoltarlo gratis.
🔗 Abbonati ora: clicca qui https://fanpa.ge/pndmP per sostenere il nostro lavoro ed accedere a tutti i contenuti esclusivi.","fanpagemedia;fanpage.it;youmedia;fanpage","2025-04-01T16:02:39Z","Fanpage.it","UCWJhBqnyVdHAuxexgjghNFw","25","PT6M46S","10135","194","114","it"
"SFrSFeIEtzg","Femminicidio di Sofia Castelli, Zakaria Atqaoui condannato a 24 anni: ""Questa pena è una sconfitta""","Zakaria Atqaoui accusato di aver ucciso l'ex-fidanzata Sofia Castelli nel luglio 2023, è stato condannato a 24 anni di carcere dal Tribunale di Monza e non all'ergastolo, come si aspettava la famiglia della giovane. La Corte ha infatti riconosciuto le attenuanti generiche che hanno prevalso sulle tre aggravanti contestate: premeditazione, futili motivi e crudeltà.

La giovane ventenne è stata accoltellata a morte nella sua abitazione a Cologno Monzese da Atqaoui che si era nascosto nell'armadio di Sofia Castelli mentre lei non era in casa. L'uomo di 23 anni era accusato di omicidio volontario aggravato da futili motivi, premeditazione e uso del mezzo insidioso.
 
 

https://www.fanpage.it/milano/sofia-castelli-uccisa-dal-fidanzato-nascosto-nellarmadio-oggi-la-sentenza-la-difesa-omicidio-non-premeditato/",NA,"2024-04-12T16:53:53Z","Fanpage.it","UCWJhBqnyVdHAuxexgjghNFw","25","PT3M12S","8326","125","76",NA
"97urlk1etLU","15 MARZO 2025 - ANDRIA, FEMMINICIDIO ANGRISANO: LEONETTI CHIEDE SCUSA IN AULA","ANTENNA SUD 
Tutte le notizie in tempo reale della Puglia e Basilicata
Cronaca, Sport, Economia, Attualità, Politica sul canale 14 del nuovo digitale terrestre, sul nostro sito www.antennasud.com e sui nostri profili social","Antenna Sud;Cronaca;Sport;Attualità;Economia;Politica;Intrattenimento;Format TV;Notizie Puglia;Informazione Puglia;On Demand;Programmi TV;TV Puglia;Notizie Basilicata;Informazione Basilicata;Edizioni TG;Bari;BAT;Foggia","2025-03-15T11:28:58Z","Antenna Sud - canale 14","UC1RCX0RMghY-QFb35hx5uqQ","25","PT1M16S","59",NA,"0","it"
"KlgJ7giMfv4","Femminicidio Sara Campanella, il 27enne Stefano Argentino confessa","Femminicidio Sara Campanella, il 27enne Stefano Argentino confessa","sicilia;eventi;video;messina;palermo;catania;notizie;news;programma","2025-04-02T16:45:06Z","OndaTV Sicilia","UCi4glte9XOslZdCQG7oktgA","24","PT2M26S","882","10","0",NA
"LwmdpJ7J_Xc","Perché si arriva al #femminicidio? #enricoruggeri a #fuoricorsopodcast.","Da un “NO”, al #femminicidio.
#EnricoRuggeri ci spiega il perché.


#fuoricorsopodcast #patriarcato","enrico ruggeri;FUORI CORSO PODCAST;matteo di palma;giorgio simonelli;fuori corso;onematthewshow;musica italiana;trapper;rapper;trap;rap;femminicidio;storia della musica;ruggeri intervista;ruggeri live;ruggeri concerto;la caverna di platone;contessa;concerto;tour;interviste musicali;burnout;fare successo;musica;successo;testo canzone;si può dare di più;ruggeri mistero;inter","2025-04-19T19:16:26Z","FUORI CORSO PODCAST di Matteo Di Palma","UCWZkfHAgTi8ND5uTXBSimkg","24","PT40S","1077","10","0","it"
"0TAMgJVKJbY","Femminicidio di Sara Campanella, fedeli in fila alla camera ardente per renderle omaggio a Misilmeri","È stata aperta al pubblico a Misilmeri la camera ardente di Sara Campanella, vittima di femminicidio. Reo confesso il collega di università Stefano Argentino. Il feretro è stato portato nella Chiesa delle Anime Sante, dove i fedeli fanno la fila per rendere omaggio alla 22enne.

COPYRIGHT (Contact licensing@localteam.it for usage/license info or visit https://www.localteam.it)

Iscriviti su YouTube: https://bit.ly/2XaDrLZ

Facebook: https://www.facebook.com/localteam.it
Instagram: https://www.instagram.com/localteam.it

X: https://x.com/localteamit
TikTok: https://www.tiktok.com/@local.team

#LocalTeam",NA,"2025-04-06T17:30:00Z","Local Team","UCb06zgE7f5ItdRI5WEXT1AQ","25","PT13M24S","18474","285","101","it"
"P0PP_6qhvtI","Femminicidio della 14enne Martina Carbonaro ad Afragola","Femminicidio della 14enne Martina Carbonaro ad Afragola

🎙️ Nuovo allo streaming o vuoi migliorare? Dai un'occhiata a StreamYard e ottieni uno sconto di $10! 😍 https://streamyard.com/pal/d/5122690248081408",NA,"2025-05-30T13:08:09Z","Danilo Toninelli","UCyJSy8HoAVleYMiJpbwxlSA","25","PT18M2S","266","46","2","en-US"
"e4e4s2eFGzk","FEMMINICIDIO ROTARU, L'ESPERTO CHE ANALIZZA I RUMORI: «26 MINUTI PER SIMULARE IL SUI... | 16/04/2025","TG Padova Sera 16/04/2025 - ABANO TERME - Sesta udienza del processo ad Erik Zorzi accusato di aver ucciso l'ex moglie simulandone il suicidio. In aula l'esperto che ha analizzato i suoni di quella notte registarti dal cellulare della vittima  ||  26 minuti per mettere in scena il suicidio dell'ex moglie. E' questo il tempo che avrebbe impiegato Erik Zorzi la notte tra l'uno e il 2 agosto del 2023 dopo aver soffocato l'ex compagna Nicoleta Rotaru che stava dormendo. Nella sesta udienza del processo che vede il 42enne camionista di Abano Terme imputato per l'omicidio volontario della donna, il consulente tecnico della Procura ha ricostruito quella notte attraverso i rumori registrati dal cellulare della 39enne che aveva l'abitudine di registrare le liti violente con l'ex marito. Dopo l'urlo disperato di Nicoleta e i suoi ultimi respiri, alle 4.45 iniziano i rumori. Un lasso temporale che il consulente della procura ha diviso in 10 fasi fino all'arrivo dei soccorsi. Nei primi 26 minuti ci sono una serie di rumori descritti nel dettaglio in aula. I tonfi dei piedi di Nicoleta che cadono a terra, il trascinamento del corpo e le fasi dello smontaggio e rimontaggio della porta con la chiusura di un chiavistello dall'interno grazie al possibile utilizzo di un cordino. Nel sopralluogo dopo il ritrovamento del corpo senza vita della donna era stata anche individuato vicino al bagno un sacchetto con una matassa di fili di  lana. Cigoli, fresature, carta vetrata rumori precisi che perfino il consulente della difesa ha confermato. Zorzi avrebbe impiegato 9 minuti per spostare il corpo e l'inizio dei lavori in bagno per simulare il suicidio adagiando il corpo di Nicoleta nella doccia. Le udienze del processo continueranno e nelle prossime dovrebbero essere ascoltate anche le figli minori della coppia. (Servizio di Valentina Visentin)  - Segui Telenordest anche sul digitale terrestre! Visita il sito www.telenordest.tv","ERIKZORZI;FEMMINICIDIO;NEWS;NICOLETAROTARU;PADOVATG;PROCESSO;TELENORDEST;TNE;UDIENZA;VALENTINAVISENTIN","2025-04-17T03:27:46Z","TNE Telenordest","UClXd0Iudk6dt9dwZWHwUppQ","25","PT1M21S","35","1","0","en-US"
"XfDytLK1nls","Ergastolo definitivo per femminicidio Lorena Quaranta","Ergastolo definitivo per il femminicidio di Lorena Quaranta, uccisa dal fidanzato infermiere durante il look down Covid. Non sono state accettate le attenuanti richieste per lo stress del momento.
Anche perché fosse così, io e i colleghi Soccorritori, avremmo dovuto stermin.re mezza città.
Per fortuna l'acqua scorre dove deve scorrere con questa sentenza anche se, purtroppo, non riporta ciò che si è preso.

#cronaca #news #ivanthefirstresponder #lorenaquaranta #femminicidio #messina #furcisiculo #sentenza #violenzasulledonne #violenzadigenere #viralshorts #perte #foryou #soccorritori #ergastolo

Musica: One Day On Mars
Musicista: lemonmusicstudio
URL: https://pixabay.com/music/one-day-on-mars-15697/

Link Articolo
https://tg24.sky.it/cronaca/2025/05/20/femminicio-lorena-quaranta-ergastolo-fidanzato/amp",NA,"2025-05-23T08:00:39Z","Ivan_TheFirstResponder","UCAN9Pt1bIMViqC00Y2qcXJw","22","PT26S","1048","0","0","it"
"G7PbLLLaU9Q","Martina Carbonaro:La Famiglia distrutta chiede... #shorts","Martina Carbonaro:La Famiglia distrutta chiede... #MartinaCarbonaro #GiustiziaPerMartina #CronacaNera #Femminicidio #DoloreFamiliare #Omicidio #RicercaDellaVerità #NotizieItalia #VeritàEGustizia #CriminiItaliani",NA,"2025-05-31T11:30:33Z","News Cronaca","UChKDw0K2DXUvoS2DcLIOo3Q","24","PT27S","266","1","0",NA
"BgflC6Ji0mQ","Sara Campanella uccisa a Messina: lo sfogo del il fratello Claudio - Storie italiane 03/04/2025","https://www.raiplay.it/programmi/storieitaliane - Sara Campanella era ""troppo buona per un mondo così brutto"". Il fratello Claudio parla dell'amata sorella, uccisa a Messina a soli 22 anni.","Sara Campanella;femminicidio;Messina;omicidio;video;cronaca;Storie italiane;programma tv","2025-04-03T10:22:14Z","Rai","UCKUzdt2sELyxd6mz-bAx3bA","25","PT6M38S","76144","779","257","it"
"INuy5dmTvxE","ERIKA IANNUZZO | Campagna #sempre8marzo #siamoquixrestare #femminicidio #panchinarossa","#sempre8Marzo #siamoquixrestare 
ERIKA IANNUZZO, delegata NIdiL CGIL somministrat* Ministero dell'Interno.

""In TV, in radio, nei giornali, quando si parla dell'ultima vittima di violenza, sembra sempre che quest'ultima abbia scosso, abbia smosso, migliaia di coscienze, ma quest'ultima arriva ad arrivare... Ricordiamo che lo scorso 25 novembre, in occasione della giornata internazionale contro la violenza sulle donne, migliaia di persone, di cui 500 mila solo a Roma, hanno preso parte ai cortei organizzati in tutta Italia: per dire BASTA alla violenza, per essere la voce di quelle donne che una voce non ce l'hanno più.""
------------
👉 Prosegue la campagna social che ci accompagnerà fino all'8 marzo e oltre. Continua a seguirci per altri contenuti. Se vuoi saperne di più: https://bit.ly/4bCWYuI
#8marzo2024 #lottomarzo",NA,"2024-03-04T16:30:59Z","#èLavoro NIdiL CGIL","UCEGBMrlLZoQFBFHxb-HOqZQ","25","PT54S","261","5","0","it"
"vo7jUAiXLFo","8 marzo, le voci dal corteo di Roma: ""Ddl femminicidio? Propaganda, vera cura è educazione""","8 marzo, le voci dal corteo di Roma: ""Ddl femminicidio? Propaganda, vera cura è educazione""

""Passo in avanti che riconosce matrice ma aumento di pene non basta. Serve agire culturalmente"" 

Politica (Roma). L'annuale corteo transfemminista di Non una di Meno per l'8 marzo si trova nelle strade di Roma. Proprio ieri il consiglio dei ministri ha presentato un ddl del Governo per istituire il reato di femminicidio, scelta che è stata accolta freddamente dalle manifestanti: ""Parlare di femminicidio come reato non ascrivibile all'omicidio è un passo importante perché riconosce la matrice del possesso. Però non è punendo che si risolve questo problema: c'è una cultura dietro. Non si può pensare di punire i femminicidio senza istituire percorsi di educazione sessuo-affettiva nelle scuole. Altrimenti il discorso è a metà. In Italia ci sono 8 milioni di donne che non lavorano e che non hanno indipendenza economica. Un ergastolo non è un deterrente efficace, la storia ce lo dimostra. La vera cura al problema sistemico è l'educazione. È una mossa di propaganda che si fa in prossimità dell'8 marzo. Un aumento delle pene non serve a impedire che le donne vengano uccise.""  (Nicolò Morocutti/alanews)



Trascrizione generata automaticamente

Allora sicuramente parlare di femminicidio come un reato non mi bile all'omicidio importante perché c'è una c'è una matrice culturale dietro di una appunto cultura del possesso di persone che credono di poter possedere il corpo di una donna e di poter decidere sul le donne Però noi crediamo appunto che non sia pulendo e reprimendo che si risolva Appunto questo problema perché ripeto c'è una cultura dietro e quindi non si può solamente parlare di unire i femminicidi senza poi andare a parlare di istituire percorsi di educazione sessuale e affettiva nelle scuole per appunto Andare a risolvere il problema alla base costruendo un'educazione alla  mi dai alle relazioni perché altrimenti facciamo un discorso a metà che va appunto a risolvere solamente un problema mettere una toppa su un problema senza pensare alla sua matrice culturale le donne oggi ce ne sono 8 milioni in Italia dati recenti se non sbaglio che è attualmente in Italia non lavorano moltissime quasi la metà non hanno un conto corrente proprio che significa dipendenza economica questa cosa non se ne parla mai Se ne dovrebbe parlare più spesso e ribadiamo che è un ergastolo una pena esemplare non è e non può essere un deterrente la storia ce lo ha dimostrato e non è mai stato un deterrente per diminuire i femminicidi È soltanto una presa di posizione netta che nulla a che vedere con la vera cura al problema che è un problema sistemico ovvero l'educazione introduzione dell'educazione a rispetto alle differenze sessuali affettiva o come al solito è una mostra di propaganda che si fa in prossimità di una  celebrazione Ovviamente quello che noi diciamo sempre è che un aumento delle pene e un abbraccio al securitario non servono a impedire che le donne uccise è tant'è che fare una legge che inasprisce le penne sul femminicidio non riporta aperto in vita la vittima Come si fa a evitare che le donne vengono uccise si fa creando cultura e portando l'educazione socio affettiva nelle scuole","8 marzo;Politica;corteo;femminicidi;nonunadimeno;roma;transfemminismo","2025-03-08T10:55:16Z","alanews","UCA97hGD0SHQNIvXK8aEpxrw","25","PT2M27S","437","3","16",NA
"lqViYrMMfyk","Femminicidio nel Milanese, il sindaco di Settala: ""Fatto cio' che si doveva""","Massimo Giordano: ""Situazione non conflittuale, sotto il controllo dei Servizi sociali""","Cronaca Italiana;Femminicidio Settala","2025-05-04T12:33:48Z","QuotidianoNazionale","UCB3e_9sPf7whZA4PfGXrIMQ","25","PT1M39S","826","3","0","it"
"y17j6PTDTYY","Femminicidio: Una Nuova Legge, Vecchi Problemi? Analisi Critica del Reato","La lotta contro il femminicidio in Italia ha visto un nuovo capitolo con l'introduzione del reato specifico nel codice penale. Ma questa legge è davvero la risposta che stavamo cercando? In questo video, analizziamo a fondo il nuovo reato di femminicidio: cosa prevede, quali sono i punti di forza e, soprattutto, quali sono le criticità e i potenziali difetti di questa norma.

Un'analisi giuridica rigorosa, affrontando questioni cruciali:
- Sovrapposizione con altre figure di reato: rischiamo di creare confusione anziché chiarezza?
- Difficoltà di provare il movente: come si dimostra ""l'odio"" o la ""discriminazione"" alla base dell'omicidio?
- Efficacia deterrente: l'inasprimento delle pene è sufficiente a fermare la violenza di genere?
- Riflessioni politiche e sociali: qual è il ruolo della cultura e dell'educazione nella prevenzione del femminicidio?

Non perdere questo approfondimento per capire se la nuova legge sul femminicidio è una vera svolta o solo un intervento superficiale su un problema non poi così radicato.

Lascia un commento con le tue opinioni e iscriviti al canale per altri video su politica, diritto e comunicazione!

CAPITOLI
00:00 -- Introduzione
01:30 -- il fenomeno del femminicidio a livello statistico
02:25 -- Nuovo reato, stessa pena
07:00 -- Problemi applicativi
09:36 -- Le norme esistenti sono ugualmente efficaci
11:37 -- Problemi di costituzionalità
12:45 -- Obbligo per il PM di incontrare la persona offesa
15:05 -- Misure ancora più restrittive
17:30 -- Conclusioni

Hashtag:
#Femminicidio #DirittoPenale #ViolenzaDiGenere #PoliticaItaliana #AnalisiGiuridica #CodiceRosso #ComunicazionePolitica #ParitàDiGenere #Giustizia #Femminismo",NA,"2025-03-10T19:31:21Z","Avv Francesco Catania - Geopolitica","UCty1muWTh-uB_gxZpPrE46g","24","PT21M15S","7501","1094","192","it"
"C7Wr1NLHyio","Interventi in emergenza per orfani e orfane di femminicidio","INTERVENTI IN EMERGENZA PER ORFANI/E DI FEMMINICIDIO 

Come si è lavorato sul territorio? Come è stato costruito l'intervento? Quali sono state le emozioni e le difficoltà incontrate?
Le operatrici del progetto ""Orphan of femicide - invisible victim"" raccontano l'esperienza dei Centri antiviolenza nella gestione degli interventi in emergenza a supporto di orfani e orfane di femminicidio.",NA,"2025-03-17T16:24:42Z","CentroDonnaPadova","UC35BEln_635aAqb32AGGVFA","29","PT9M50S","42","0","0","it"
"LnuvJvuTnXw","19 APRILE 2025 - MARIOTTO (BA:) FEMMINICIDIO, IL MOVENTE TRA GELOSIA ED EREDITA'","ANTENNA SUD 
Tutte le notizie in tempo reale della Puglia e Basilicata
Cronaca, Sport, Economia, Attualità, Politica sul canale 14 del nuovo digitale terrestre, sul nostro sito www.antennasud.com e sui nostri profili social","Antenna Sud;Cronaca;Sport;Attualità;Economia;Politica;Intrattenimento;Format TV;Notizie Puglia;Informazione Puglia;On Demand;Programmi TV;TV Puglia;Notizie Basilicata;Informazione Basilicata;Edizioni TG;Bari;BAT;Foggia","2025-04-19T09:59:59Z","Antenna Sud - canale 14","UC1RCX0RMghY-QFb35hx5uqQ","25","PT1M12S","108",NA,"0","it"
"N_8LLLMpH7A","Nuovo femminicidio a Spoleto, il marito: “Ho ucciso mia moglie” e tenta il suicidio","📌 Trovata morta una donna in casa a Spoleto. Il corpo è stato rinvenuto dopo che il marito, sul ponte delle Torri, mentre minacciava il suicidio, ha detto a chi lo ha avvicinato: ""Ho ucciso mia moglie"". Gli investigatori si sono quindi recati all'abitazione, in corso Garibaldi, a ridosso del centro storico della città, scoprendo il cadavere. Era stata compiuta anche un'irruzione in una casa a Marzocca di Senigallia (Ancona) dove in precedenza abitava la donna insieme al marito, agente di commercio. 

La notizia nell'edizione del Tg La7 delle 20:00 di mercoledì 26 marzo 2025 👉 https://tg.la7.it/cronaca/spoleto-femminicidio-marito-ucciso-moglie-26-03-2025-234474

#tgla7",NA,"2025-03-26T19:37:04Z","TG La7","UCYj2t05uU65UrlI1f0OGhlg","24","PT1M50S","2395","24","8","it"
"Lc0VS7MURCI","Femminicidio Mariotto (Ba): donna di 74anni uccisa con delle forbici dal marito","TV
- Digitale terrestre, canale 16 (Puglia e Basilicata)
- Satellite, canale 519 (Sky e tivùsat)

Web
- http://TRMtv.it
- https://www.youtube.com/c/trmh24
- https://www.facebook.com/trmtv
- https://twitter.com/trmh24
- https://www.instagram.com/trm_network/

App
https://play.google.com/store/apps/details?id=it.datacontact.Trmtv
https://apps.apple.com/it/app/trmtv/id532975347","TRM;TRM Network","2025-04-18T14:49:05Z","trmh24","UCWxP-YJ_4OVmcKuwzmhW42Q","25","PT1M53S","1374","12","3","it"
"CTp_tQn2g34","L'installazione “Ci sono amori senza paradiso”, per le vittime di femminicidio","Viaggio all'interno dell'installazione artistica di Gianluca Costantini in piazza Kennedy a Ravenna, progetto di allestimento dell’architetto Alberto Cervesato.

Dopo l’esordio nel 2024 al Festival Vicino/Lontano di Udine, l’opera è arrivata a Ravenna nell’ambito del Festival delle Culture 2025.

L’installazione presenta una serie di ritratti dedicati alle donne uccise per mano di un uomo. Ogni volto accompagnato solo dal nome e dalla modalità con cui è stata tolta la vita.

Il disegno preciso e intenso di Costantini mette in luce l’umanità di queste donne e la brutalità che ha spezzato le loro storie. Non è un semplice elenco di vittime, ma un luogo simbolico di memoria.

Uno spazio che invita a fermarsi, guardare, riflettere.

Al centro l’ultima telefonata di Giulia Cecchettin, il cui omicidio ha profondamente scosso la società.

Da novembre 2023 ad oggi, tuttavia, la situazione non è migliorata. Le vittime di femminicidio continuano a essere numerose, spesso uccise da partner o conoscenti: uomini, ingranaggio di un sistema patriarcale fondato sul possesso, che viola la dignità e il diritto all’esistenza delle donne.

“Ci sono amori senza paradiso” è un’opera che parla di violenza, ma anche di responsabilità e consapevolezza che spinge a interrogare sul linguaggio che normalizza l’abuso e sull’urgenza di educare al rispetto. L’installazione non offre risposte, ma sollecita domande profonde.",NA,"2025-05-24T02:06:42Z","Ravenna24ore","UC1KV5RIDDkIeupgYUNt6aLA","28","PT1M36S","9","1","0",NA
"Fy2zq0FrxgE","In memoria delle vittime di femminicidio","Si è svolta ad Erice la cerimonia di scopertura di una targa in memoria delle donne vittime di femminicidio, organizzata dal Comune e dalla Commissione Pari Opportunità. L'evento ha avuto luogo a Largo Barone, nel cuore del centro storico del borgo. Con un gesto simbolico e carico di significato si è voluto rendere omaggio a tutte le donne che hanno perso la vita per mano della violenza di genere. In occasione della cerimonia, è stata ristrutturata e restituita alla cittadinanza una fontanella, tornata in funzione dopo vent'anni. La fontana è stara restaurata grazie al contributo di Dina Magaddino, Presidente dell'U.P.I.A.-Casartigiani. Largo Barone diventa così un simbolo doppio: memoria viva del passato e monito per il futuro, custode silenziosa di un messaggio universale di rispetto, bellezza e dignità","trapani;telesud","2025-05-23T16:21:59Z","Telesud Trapani","UCcIrZMB6G3Owo2Yo7UPKWJw","25","PT1M36S","65","0","0","it"
"8zEt2XbTVNw","Figli del femminicidio: proiezione e dibattito sul film","“Figli del femminicidio”: proiezione del docufilm di Wall of Dolls Onlus, e dibattito con Mapi Danna, human Sustainability expert, TEDx Speaker, Barbara Alberti, opinionista, Jo Squillo, cantante, giornalista e conduttrice, Cinzia Pennesi direttrice d’orchestra e compositrice, Alessia Zecchini, apneista, apneista, 39vesimo record del mondo, una atleta che ha riscritto, al femminile, la storia dell’apnea. Il fenomeno dei femminicidi in Italia rappresenta una tragica realtà che non solo comporta la perdita di vite umane, ma lascia anche un segno profondo nei figli delle vittime, i cosiddetti “orfani di femminicidio”. È a loro che Wall of Dolls, la Onlus che da dieci anni combatte la violenza sulle donne, dedica quest’anno una particolare attenzione. Fino ad agosto 2024 (dati riferibili all’anno 2024) l’Osservatorio Nazionale Femminicidi “Non una di meno” riferisce di 27 figli minorenni rimasti orfani a seguito dell’uccisione della propria madre: 7 minori hanno assistito all’omicidio. Nel 2023 i figli minori rimasti orfani sono stati 52, 21 hanno assistito all’omicidio. La giornalista Francesca Carollo e l’artista Jo Squillo, rispettivamente Presidente e Fondatrice di Wall of Dolls Onlus, hanno incontrati alcuni di questi orfani che, nel film, raccontano le loro storie.",NA,"2024-12-07T00:01:43Z","ReWriters","UCQsD3eJ35HR0bbHnn-5ELCQ","24","PT57M31S","52","2","0",NA
"DUPEGhqS8a8","A Caltagirone un corteo di soli maschi per il femminicidio di Sara Campanella","A Caltagirone (Catania) i cittadini maschi di tutte le età hanno risposto all’appello del comitato #noncisonoscuse e hanno aperto il corteo dedicato a Sara Campanella, la giovane studentessa universitaria vittima di femminicidio. Un lenzuolo bianco, vuoto di scritte, poi l'incontro con il resto della comunità per la marcia contro le violenze di genere.

#saracampanella #femminicidio",NA,"2025-04-20T09:02:59Z","La Repubblica","UC9ePmjVRHLL8x8vq5fOKflg","1","PT31S","4918","47","2","it"
"xCDC4DJrArs","Femminicidio Sara Campanella, l'assassino in carcere in condizioni preoccupanti","Il legale di Stefano Argentino: ""Condizioni gravi. Sta male, non mangia e non beve da 4 giorni"". Intanto la sua famiglia vuole pienamente collaborare con le indagini.","videosicilia;notiziesicilia","2025-04-07T12:39:56Z","Videosicilia","UCGit8KLlsDmws1aKUgGk5KA","25","PT2M33S","5093","55","59","it"
"Cy7cIvznnbY","""Contro il silenzio: famiglia e amici in prima linea contro il femminicidio""🌸","",NA,"2025-05-31T06:19:28Z","AMORE & PSICHE con La Pink 🌸","UCTS8gTZD-EOjNp6QF3S4IOQ","24","PT1M1S","703","2","0",NA
"RhMlBGvtL_o","non è cambiato niente #rapitaliano #frasi #femminicidio #donna","",NA,"2025-04-05T17:34:55Z","Sinomine Official","UCwS4OelrFFxxntNo_SmpjDg","10","PT49S","4296","95","5",NA
"FpMq_9ILMks","Mara Favro e l'ipotesi del femminicidio, tutti i punti oscuri del giallo -Storie italiane 11/03/2025","https://www.raiplay.it/programmi/storieitaliane - Proseguono le indagini e gli accertamenti sul caso di Mara Favro, la 51enne di Susa (Torino) scomparsa misteriosamente nella notte tra il 7 e l'8 marzo 2024 a Chiomonte, nella provincia torinese, dopo aver terminato il proprio turno nella pizzeria","Mara Favro;scomparsa;cronaca;indagini;Ore 14;18/06/2024;video;programma tv;Milo Infante;Rai Due","2025-03-11T11:34:45Z","Rai","UCKUzdt2sELyxd6mz-bAx3bA","25","PT5M6S","5509","59","19","it"
"pJQl0TaA0JQ","Giovedì 19 Settembre 2024 ore 14:30 Audizione su femminicidio e violenza di genere","Giovedì 19 settembre, alle ore 14.30, presso l'Aula del IV piano di Palazzo San Macuto, la Commissione parlamentare di inchiesta sul femminicidio, nonché su ogni forma di violenza di genere, ha svolto l'audizione di Claudia Segre, esperta di educazione finanziaria e fondatrice nonché presidente della Global Thinking Foundation.",NA,"2024-09-24T10:42:03Z","cameradeideputati","UCwP4zsC0r9eqRQOethu5EFg","25","PT35M15S","347","0",NA,"it"
"VwHv7MdGV0I","""Basta femminicidi"", ad Afragola fiori bianchi nella carta rossa per Martina","Il gesto di una signora: ""Niente giustifica quello che e' successo""","Cronaca Italiana;cittadini;rabbia;dolore;Marina;femminicidio","2025-05-28T11:56:17Z","QuotidianoNazionale","UCB3e_9sPf7whZA4PfGXrIMQ","25","PT1M30S","1387","17","0","it"
"ruYKQtcvRsM","Nordio ""Femminicidio fattispecie autonoma, un risultato epocale""","ROMA (ITALPRESS) -""Aver inserito il femminicidio nell'ordinamento penale come fattispecie autonoma è un risultato epocale: finora si discuteva sulla possibilità di configurare questa forma di reato come una circostanza aggravante dell'omicidio, ora aver costituito una fattispecie autonoma ci esime da una serie di problematiche tecniche che riguardano i bilanciamenti tra attenuanti e aggravanti"". Così il ministro della Giustizia Carlo Nordio in conferenza stampa dopo il Consiglio dei ministri. ""Questa è anche una manifestazione potente di attenzione a questa piaga così dolorosa, che ha avuto un riconoscimento penale di prima levatura - aggiunge Nordio, - Maltrattamenti, stalking e altri tipi di reato ascrivibili al codice rosso diventano invece aggravanti, rendendo più difficile un trattamento di indulgenza per chi li commette""
mca3/fsc","Sole 24 Ore","2025-03-07T19:42:53Z","Il Sole 24 ORE","UCCuZicOOisRgknWUSQArudg","25","PT5M9S","179","7","7",NA
"_R3VhWqhvCM","Marcia per Lucia Chiapperini, vittima di femminicidio a Mariotto: ""Non vogliamo vivere nell'ombra""","Il canale youtube di Telebari: notizie sulla città di Bari, telegiornale, servizi, sport e ssc Bari, filmati, programmi e tanto altro...",NA,"2025-04-30T08:58:51Z","TelebariWeb","UC3e_wXVOLhkxenVqxQ8MBtA","25","PT1M45S","210","1","0","en"
"y78WPe3xBbE","FEMMINICIDIO MARTINA CARBONARO, IL PAPÀ DI ALESSIO TUCCI: “NON ABBANDONO MIO FIGLIO”","► Unisciti gratis al canale Telegram 👉 https://t.me/flashtvitalia

ISCRIVITI AL NOSTRO CANALE/SUBSCRIBE: https://bit.ly/2ucwAV6

TUTTI GLI ARTICOLI LETTI NEI VIDEO SONO REDATTI DAL TEAM DI FlashTV. 


IL NOSTRO SITO WEB: https://notizieflashtv.com/ 

LA NOSTRA PAGINA FACEBOOK: https://www.facebook.com/FlashTVItalia/?ref=br_tf&epa=SEARCH_BOX

#cronaca #flashtv #notizie #cronacanera #news","notizie;cronaca;flashtv;flashtv notizie;flashtv cronaca;notizie oggi;ultime notizie;incidente;terremoto;morto;morta;cronaca italiana;notizie italia;meteo;news;canale notizie;notizie italiane","2025-05-29T18:02:06Z","FlashTV®","UCFrVZVhU4por60SK6qpvSRg","25","PT1M7S","3972","51","123","it"
"wmMFErJrDZ8","Strategie per Prevenzione e Risoluzione #femminicidio #stopviolenza #violenzadigenere #dirittiumani","",NA,"2024-03-26T17:00:45Z","il Salottino","UC8MYkj_VTsfY7rM-0tAZrpg","24","PT40S","1004","31","0","it"
"8aKGFBUP2F4","A 19 anni sono stato FIDANZATO con una RAGAZZA di 13 | (Shorts)","#smeile #smeilereal #esperienzapersonale #relazioniadolescenti #sensibilizzazione #femminicidio #amoregiovane #riflessioni #videoemotivo","Smeile;SmeileReal;esperienza personale;fidanzamento a distanza;amore adolescenziale;sensibilizzazione femminicidio;relazioni giovani;martina carbonaro;alessio tucci;storia vera;amore a 13 anni;differenza d'età coppia;video riflessivo;racconto personale;relazioni tossiche;educazione sentimentale;consapevolezza emotiva","2025-05-31T10:21:59Z","Smeile","UCUA10hmHC0Lyyk99fAqIAig","22","PT47S","703","5","0","it"
"APMjPSOgeJk","Femminicidio Yana, l’ex fidanzato condannato a 20 anni","Il delitto della 23enne cresciuta a Romano di Lombardia e uccisa nella notte tra il 19 e il 20 gennaio 2023 a Castiglione delle Stiviere (Mantova). Il verdetto è arrivato nel pomeriggio di giovedì 6 marzo. La Procura aveva chiesto l'ergastolo.",NA,"2025-03-06T15:25:07Z","Redazione Bergamonews","UCO5G4gv7yhYaGtpyDyu5qiA","25","PT1M27S","604","3","0","it"
"i-E1Jl7Kk4Q","12/05/25-Femminicidio di Solero: al processo Salamone i testimoni raccontano di una famiglia normale","12/05/25-Femminicidio di Solero: al processo Salamone i testimoni raccontano di una famiglia normale","news;telecity;7gold","2025-05-12T11:28:38Z","Telecity News 24","UCqEedBY0XPl9IgrmchzGKgg","25","PT2M35S","39","1","0","it"
"cPVJEP1Jxuk","Femminicidio di Sara Campanella, fedeli in fila alla camera ardente a Misilmeri (Palermo)","È stata aperta al pubblico a Misilmeri la camera ardente di Sara Campanella, vittima di femminicidio. Reo confesso il collega di università Stefano Argentino. Il feretro è stato portato nella Chiesa delle Anime Sante, dove i fedeli fanno la fila per rendere omaggio alla 22enne.

COPYRIGHT (Contact licensing@localteam.it for usage/license info or visit https://www.localteam.it)

Iscriviti su YouTube: https://bit.ly/2XaDrLZ

Facebook: https://www.facebook.com/localteam.it
Instagram: https://www.instagram.com/localteam.it

X: https://x.com/localteamit
TikTok: https://www.tiktok.com/@local.team

#LocalTeam",NA,"2025-04-06T11:54:27Z","Local Team","UCb06zgE7f5ItdRI5WEXT1AQ","25","PT57S","86547","1171","101","it"
"FH3mp_8nVGc","Femminicidio Mariotto: Lucia Chiapperini colpita 20 volte con delle forbici dal marito","TV
- Digitale terrestre, canale 16 (Puglia e Basilicata)
- Satellite, canale 519 (Sky e tivùsat)

Web
- http://TRMtv.it
- https://www.youtube.com/c/trmh24
- https://www.facebook.com/trmtv
- https://twitter.com/trmh24
- https://www.instagram.com/trm_network/

App
https://play.google.com/store/apps/details?id=it.datacontact.Trmtv
https://apps.apple.com/it/app/trmtv/id532975347","TRM;TRM Network","2025-04-19T12:07:19Z","trmh24","UCWxP-YJ_4OVmcKuwzmhW42Q","25","PT2M3S","528","5","1","it"
"iYMtBEu9o7g","Michela Murgia il perché del femminicidio","Video originale: 
- https://youtu.be/Y4472NuZJGY?t=1377
- https://youtu.be/Y4472NuZJGY?t=3683","MichelaMurgia;femminicidio","2025-03-10T13:56:50Z","Donnechebrucianocomecarta","UC3kkPME7eaKKtTst8CKdX5A","22","PT2M13S","1118","68","0","it"
"tKhWov_KNfQ","Audizione Commissione parlamentare di inchiesta sul femminicidio","La presidente Barbara Rosina, accompagnata dalla consigliera nazionale Enza Fichera delegata, tra l’altro, alla violenza di genere, in audizione presso la Commissione parlamentare di inchiesta sul femminicidio nonché su ogni forma di violenza di genere. Orfani speciali, formazione e competenze, livelli essenziali, situazione dei servizi sociosanitari territoriali,  linee guida nazionali per la valutazione dei rischi nei casi di affidamento e per la gestione degli incontri protetti...

Realtà quotidiana e proposte  perché ""il femminicidio  - ha detto Rosina - è l’atto finale di una lunga escalation di violenze fisiche, psicologiche, economiche e simboliche, nasce da pregiudizi di genere e da modelli patriarcali che permeano la società e le donne non sono state ascoltate o non hanno avuto fiducia nel sistema dei servizi. E le e gli assistenti sociali ne sono testimoni"".

✔️  Iscriviti al nostro canale YouTube:  https://www.youtube.com/channel/UC2x8NkemxvI8nn0itTXBa6A?sub_confirmation=1

Visita il sito: https://cnoas.org
Segui il CNOAS sui social
►Facebook: https://www.facebook.com/OrdineAssistentiSociali
►Twitter: @CnoasNazionale  https://twitter.com/cnoasnazionale
►Instagram: https://www.instagram.com/cnoas_nazionale/
►Telegram: https://t.me/CNOAS_Nazionale
►WhatsApp https://whatsapp.com/channel/0029VaG6aSM1Hsq4zlhE3H2D

#AssistentiSociali #CNOAS","femminicidio;cnoas;assistenti sociali;barbara rosina;rosina;sociale;camera dei deputati","2025-05-13T14:35:08Z","CNOAS Consiglio Nazionale Ordine Assistenti Sociali","UC2x8NkemxvI8nn0itTXBa6A","22","PT32M29S","267","6","0","it"
"cW8mJGlS0YA","Perché si deve parlare di #femminicidio, sempre ovunque e comunque #giuliatramontano","Un argomento che avrei voluto evitare ma sono costretta ad approfondire. Esistono aziende che hanno obbligato i dipendenti a recarsi a lavoro in Emilia Romagna in questi giorni, ignorando completamente la situazione di emergenza (che al momento vede 9 morti e migliaia di sfollati).

Eppure, ci sono persone convinte che tutto questo non sia accaduto e si stia strumentalizzando la tragedia - quando dovremmo forse parlare di tragedia nella tragedia.

Saranno le stesse persone che negano il cambiamento climatico ""perché piove e fa freddo a maggio""?

Eh ma lo smart working è brutto e cattivo...

Grazie ad Ambra Danesin e Taryn Di Ventura per le testimonianze.

--------------------------------------------------------

HAI LETTO IL MIO LIBRO?  📚 ""Da una tra le voci più popolari nella generazione dei millennial sui temi del lavoro, un libro importante per imprenditori, manager, startupper e tutti coloro che vogliono dare una svolta culturale ed economica al nostro Paese."" 

#LaDupliceAlleanza per la collaborazione startup-aziende e l'innovazione è qui e potete trovarlo qui👇

https://www.amazon.it/duplice-alleanza-Marta-Basso/dp/8891788015

#StartAllying 

-----------------------------------------------------------


👉 Find me everywhere on the internet, together with my #StopWhining 🔥💪🏻

🗞 Telegram ""#StopWhining TV"": https://goo.gl/91AJjE
🐦 Twitter https://goo.gl/LuENNx
📸 Instagram: https://goo.gl/Gukfxn 
📰 Facebook: https://goo.gl/w7DvfE
🎵  TikTok: https://shorturl.at/nvCN1
👔 LinkedIn: https://tinyurl.com/v8t2j4y
🎮 Twitch: https://twitch.tv/martabassof
👋 Clubhouse: https://www.joinclubhouse.com/@martabassof
👻 Snapchat: @martabassof
👏  Clapper: @martabassof 
🥅  Stadeo: @martabassof 

🧠 No Pasa Nada, my podcast on mental health: https://linktr.ee/NoPasaNadaPodcast
⚽ Bar Basso, my podcast on Stadeo with football interviews: https://open.spotify.com/show/4mjAAEWv15bIEKCuEmexuy

🎥 YouTube: https://goo.gl/iagBmv",NA,"2023-06-01T15:04:52Z","Marta Basso","UCMQHftyLIgL_514kr2604BA","28","PT59S","364","12","8","it"
"ixNiaS6VtcE","Femminicidio Settala, resta in carcere Khalid Achak. Il Gip: “Inusitata violenza”","Resta in carcere Khalid Achak il 50enne marocchino che sabato sera, a Settala, in provincia di Milano, ha ucciso la moglie Amina con almeno quindici coltellate davanti alla figlia di 10 anni. Il giudice per le indagini preliminari di Milano, Emanuele Mancini, ha convalidato l’arresto e disposto la custodia cautelare in carcere, evidenziando un “quadro di elevata gravità indiziaria” e il concreto pericolo di reiterazione del reato.
Secondo quanto emerge dall’ordinanza, l’uomo avrebbe agito con “fermezza nella volontà omicidiaria” e “indifferenza verso la tragedia generata”, aggravata dal fatto che a dare l’allarme è stata proprio la figlia, testimone diretta della violenza. Il grido disperato della bambina — “Papà, no!” — è stato sentito anche da un vicino di casa, che ha contribuito a ricostruire quanto accaduto. Dopo il delitto, Khalid non ha prestato soccorso né ha contattato i carabinieri.
Durante l’interrogatorio di convalida, il 50enne ha ammesso di aver colpito la moglie “in uno stato di ira”, sostenendo che lei lo avrebbe minacciato di denunciarlo ingiustamente. Ma il giudice ha rigettato ogni ipotesi attenuante: nel provvedimento si parla di “inusitata violenza”, anche alla luce delle precedenti denunce della donna nel 2022 e delle testimonianze dei vicini, che lo descrivono come una persona incline alla perdita del controllo e con problemi legati all’alcol.
Per venerdì è fissata l’autopsia sul corpo della vittima. Khalid, detenuto a San Vittore e assistito dall’avvocato Giorgio Ballabio, rischia l’ergastolo per omicidio pluriaggravato.","notizie;notizie di oggi;ultime notizie;milano;milanopavianews;milano pavia news;milano pavia tv;notizie milano;tv milano;tg;milano notizie;pavia notizie;notizie pavia;news milano;milano news;notizie oggi;notizie di milano;notizie di pavia;notizie di oggi milano;notizie milano oggi;canale78;news 24 italia;news italia oggi;news milan;milano oggi","2025-05-06T15:10:23Z","Milano Pavia TV - Canale 78","UCHA07FSXGEUCDfy23gM3YXQ","25","PT1M38S","129","1","0","it"
"Jc1ilN1sjN0","Johanna Nataly, dalla finta sparizione al femminicidio - Storie italiane 11/02/2025","https://www.raiplay.it/programmi/storieitaliane - La donna uccisa dal compagno: ancora si cerca il corpo ma sono difficili le ricerche a causa del maltempo","Johanna Nataly;sparizione;femminicidio;storie italiane;cronaca nera","2025-02-11T13:11:45Z","Rai","UCKUzdt2sELyxd6mz-bAx3bA","24","PT12M33S","26545","263","72","it"
"u3TCruWhTaA","Narciso - Il femminicidio di Giulia Ballestri","Narciso è il nuovo podcast di Selvaggia Lucarelli che racconta il femminicidio di Giulia Ballestri. 

La sua storia è una sorta di manuale tipo del femminicidio. C'è l'annullamento della donna, la prevaricazione, la manipolazione, gli abusi, il desiderio di libertà e la punizione finale.

Puoi ascoltare il primo episodio sulle principali piattaforme audio gratuite

🔔 Attiva la campanellina per ricevere una notifica quando esce il primo episodio. Usciranno cinque episodi, uno al giorno, fino a martedì 28 gennaio

Buon ascolto

#podcast #podcastitaliano #narciso #truecrime","il femminicidio di giulia ballestri;giulia ballestri;narciso podcast;podcast di selvaggia lucarelli;selvaggia lucarelli;podcast;true crime;femmninicidi;matteo cagnoni;chora media","2025-01-27T06:00:40Z","Chora Media","UCsYN70T0gqR5U_xmWnZKcTQ","25","PT1M10S","4111","34","0","en"
"FQrQowdMYfs","Femminicidio Sara Campanella, oggi l'autopsia","Il femminicidio a Messina di Sara Campanella. Oggi l’autopsia mentre emergono le parole davanti ai Pm dell’assassino reo-confesso: era fredda e indifferente. 
.
Tg2000 va in onda dal lunedì al sabato alle ore 8.30, 12, 14.55, 18.30 e 20.45 e la domenica alle ore 18.30 e 20.45 su Tv2000
📺 Canale 28 dtt📡 157 Sky 💻 https://www.tv2000.it/live
📱Scarica gratuitamente l'app Play2000 per rivedere tutte le edizioni e i programmi di Tv2000 👉 https://www.play2000.it/thanks","tv2000;notizie;informazione;news;tg2000","2025-04-04T16:53:13Z","TG2000","UC_bFWlnnADxGUXA3igouBiw","25","PT1M5S","30808","103",NA,"it"
"fziy9wX-aXQ","Il #maschicidio non esiste! #femminismo #femminicidio","",NA,"2024-12-19T13:14:14Z","Carbieli","UCy1hmNtRuCIytlFrnzzOBew","27","PT21S","2155","37","13",NA
"IGbCnxgmYec","[TW] L'ENNESIMO FEMMINICID10: AVEVA SOLO 14 ANNI","un’altra giovane vita spezzata. Martina Carbonaro aveva solo 14 anni. Era scomparsa da Afragola, in provincia di Napoli, lunedì pomeriggio, e dopo due giorni di incessanti ricerche il corpo della ragazza è stato ritrovato senza vita in un edificio abbandonato.

 a confessare l’omicid10 è stato il suo ex fidanzato, Alessio Tucci, di 19 anni. durante l’interrogatorio ha detto che lei “non voleva tornare con lui” e per questo l’ha aggredita con una pietra.

 questi femminici1io non sono solo ""tragedie"", sono il riflesso di un problema enorme che ci riguarda tutti. la vita di Martina è stata spezzata per mano di un uomo, non possiamo accettare che sia normale mor1re così. non possiamo restare in silenzio. l’amore non fa male, non minaccia, non controlla, non ucc1de.
======================================================

VISITA IL SITO: https://www.webboh.it
ISCRIVITI AL CANALE YOUTUBE: https://www.youtube.com/c/webboh
SEGUICI SU INSTAGRAM: https://www.instagram.com/webboh.it/
SEGUICI SU TIKTOK: https://www.tiktok.com/@webboh.it
SEGUICI SU WHATSAPP: https://whatsapp.com/channel/0029Va7wIyB0gcfLJsZqgj19","Webboh","2025-05-28T11:33:50Z","Webboh","UCGaJxKYSA2TvC-h8tu-2y5g","24","PT46S","133569","7404","200","it"
"eOChcnoxVRY","Messina - Femminicidio Messina, il gip: ""La madre voleva aiutare il figlio a scappare""","",NA,"2025-04-03T10:11:29Z","TrmWeb Sicilia","UCOOGcqcJvqNbIGHSD2aW7vQ","17","PT1M48S","362","3","0","it"
"K3e649FKdSs","Femminicidi, finalmente una buona notizia.  #donne #violenzasulledonne  #femminicidio #violenza","Femminicidi, finalmente una buona notizia!
Dopo i tanti casi di violenza sulle donne e femminicidi, finalmente una buona iniziativa pubblica..
La Regione Sicilia, infatti, ha approvato un norma per cui assumerà le donne sopravvissute a un tentato femminicidio e gli orfani delle vittime di violenza di genere. 
In pratica, la regione estende i benefici della legge per i familiari delle vittime di mafia.
Gli orfani di femminicidio e le donne scampate alla morte riportando danni permanenti potranno essere assunti dall’amministrazione regionale o dagli enti controllati.
L’iniziativa, a quanto dichiarato, vuol lavorare sul più importante elemento da modificare, ovvero sul fattore culturale.
Si tratta di un primo tassello, ma almeno qualcosa si muove.
Tu che ne pensi?

CONTATTAMI
Ti aiuterò a pianificare i tuoi investimenti per raggiungere i tuoi obiettivi di vita.
✅ Scrivimi per maggiori informazioni o per iniziare subito.
Trovi i miei vari canali e contatti a questo link :
https://linktr.ee/cf_consulenza_finanziaria

Musica: Baby - Krusty Producer
https://youtu.be/fN1Pw69RIDg

*messaggio per Laureati, Laureandi, esperti in economia:
Questi video sono volutamente molto semplici e poco approfonditi, non hanno lo scopo di preparare qualche esame, ma hanno lo scopo di di far capire dei concetti a chi non ne sa poco o nulla, in modo da iniziare ad informarsi meglio e capire le notizie.

***DISCLAIMER***
I contenuti di questo canale hanno esclusivamente finalità di informare e intrattenere. Le informazioni fornite sul canale hanno valore indicativo e non sono complete circa le caratteristiche dei prodotti menzionati. Chiunque ne faccia uso per fini diversi da quelli puramente informativi cui sono destinati, se ne assume la piena responsabilità. Tutti i riferimenti a singoli strumenti finanziari non devono essere intesi come attività di consulenza in materia di investimenti, né come invito all'acquisto dei prodotti o servizi menzionati. Investire comporta il rischio di perdere il proprio capitale. Investi solo se sei consapevole dei rischi che stai correndo.

#cattolica #riccione #Rimini  #consulentefinanziario #investimenti #investimento #risparmi #economia #finanza #italia #lafinanzasulweb #finanzasulweb","riccione;rimini;cattolica;mercati;finanza;risparmio;investimenti;mercati finanziari;consulente finanziario;consulenza finanziaria;finanza comportamentale;educazione finanziaria;soldi;denaro;pianificazione;finanza sul web;la finanza sul web;donna;donne;violenza;violenza sulle donne;violenza di genere;femminicidio;femminicidi;uccisione;omicidio;delitto;botte;percosse;violenza psicologica;sottomissione;emancipazione;indipendenza;ragazze;educazione;cultura;fattore culturale","2024-01-16T20:53:00Z","Non fare lo struzzo!","UC5gPhe53P4X-zVc6d2lz3Ww","27","PT48S","232","4","0","it"
"UCTRsoymxhM","18/10/2024 - Femminicidio di Solero: nuovo sopralluogo del magistrato. Domani l'autopsia","18/10/2024 - Femminicidio di Solero: nuovo sopralluogo del magistrato. Domani l'autopsia","news;telecity;7gold","2024-10-18T12:16:37Z","Telecity News 24","UCqEedBY0XPl9IgrmchzGKgg","25","PT2M21S","92","0","0","it"
"O8bDVHahYnY","FEMMINICIDIO ROTARU, IL CONSULENTE: «NICOLETA E' STATA STRANGOLATA» | 03/04/2025","TG Padova Sera 03/04/2025 - ABANO TERME - Quinta udienza del processo contro Erik Zorzi accusato di aver ucciso l'ex moglie Nicoleta Rotaru, ascoltato il medico legale consulente delle parti civili  ||  Nicoleta Rotaru è stata strangolata, e le evidenze sul suo corpo escludono la morte per impiccagione. A dirlo in aula nella quinta udienza del processo  contro il l'ex marito della donna Erik Zorzi accusato dell'omicidio e di averne poi inscenato il suicidio è il medico legale Andrea Porzionato consulente della parte civile. Nicoleta è stata strangolata con una cintura stretta con la fibbia mentre era prona a letto. L'urlo sentito in aula durante la quarta udienza nell'audio che la donna aveva registrato la notte in cui è stata uccisa è il momento in cui la 39enne viene colta di sorpresa. Ma anche senza ascolatre l'audio che registra il rantolo prolungato e il respiro che viene progressivamente a mancare è impossibile ipotizzare il suicidio. Legare un corpo morto ad un punto alto è troppo difficile, per questo Nicoleta è stata adagiata a terra simulando lo scioglimento del cappio. Lo strangolamento poi fa perdere subito coscienza e quindi Nicoleta non era cosciente e non è riuscita a reagire da qui la mancanza di segni di difesa. In aula la difesa di Erik Zorzi ha definito ""rumoretti"" l'agonia di Nicoleta ascolatata lo scorso 19 marzo nell'udienza che analizzato l'audio registrato dal cellulare della donna. La prossima udienza il 16 aprile in attesa di arrivare alla sentenza prevista tra maggio e giugno. (Servizio di Valentina Visentin)  - Segui Telenordest anche sul digitale terrestre! Visita il sito www.telenordest.tv","ERIKZORZI;FEMMICIDIO;MEDICOLEGALE;NEWS;NICOLETAROTARU;PADOVATG;PROCESSO;TELENORDEST;TNE;VALENTINAVISENTIN","2025-04-04T05:09:58Z","TNE Telenordest","UClXd0Iudk6dt9dwZWHwUppQ","25","PT1M21S","31","0","0","en-US"
"S7jORM6EBNs","Femminicidio Samarate, Ferrazzi: «Se nella mente scatta qualcosa che non si può comprendere...»","","varesenoi","2025-04-16T20:19:20Z","Varese Noi","UCX8e1PG4EyET-p3RiPk3P0w","25","PT1M52S","410",NA,"0","it"
"uJR3Rr0WpPg","Femminicidio della 14enne Martina Carbonaro ad Afragola","",NA,"2025-05-29T16:04:48Z","Danilo Toninelli","UCyJSy8HoAVleYMiJpbwxlSA","25","PT1M15S","4139","271","23","it"
"LzPABx8L2Mg","Femminicidi - adesso basta! 😡#femminicidio #violenzasulledonne #nothingsnew","Femminicidi - adesso basta! 😡
Cominciamo nel nostro piccolo.. se qualche compagno a scuola scherza troppo pesantemente facciamoglielo notare senza paura!
#femminicidio #violenzasulledonne #nothingsnew","Femminicidio;Femminicici;Violenza sulle donne;Bullismo;Bullismo a scuola;Sophie","2023-11-29T12:48:50Z","TEEN TALK by SophieGCM","UCAjxYhzkAm15SsLqIiYpnAw","22","PT18S","311542","9416","167","it"
"SYU5NU8XNJU","Femminicidio Ilaria Sula, le voci fra chi era all'omaggio per la studentessa","Roma, grande partecipazione alla Sapienza. Presente anche il preside di Statistica","Sole 24 Ore","2025-04-02T19:21:54Z","Il Sole 24 ORE","UCCuZicOOisRgknWUSQArudg","25","PT1M31S","7719","43","52",NA
"crm4KD0v9vI","#femminicidio  comincia con cose di apparente poco conto #femminicidio #violenzasulledonne #female","le frasi che ci dicono possono sembrare poco gravi ma si parte con la #svalutazione per poi andare oltre. #stopviolenzadigenere può cominciare dal #lasciare il tuo #fidanzato #violento anche solo verbalmente. #violenzaverbale","femminicidio;violenza di genere;donne;crimini;cronaca italiana;come prevenire l'abuso;anbuso","2022-09-13T10:55:19Z","Dr. Deborah Trinchi Psicologa Psicoterapeuta ","UCIya5ccaRjIlFy8tZU-o0kQ","22","PT10S","712","25","0","it"
"6TlSnmCXK08","2/05/2025 FEMMINICIDIO CHIAPPERINI LUTTO CITTADINO NEL GIORNO DEI FUNERALI","",NA,"2025-05-02T08:43:09Z","TeleRamaNews","UCJNl3c6hR1oqJ3et7RJlNQA","25","PT18S","1538","4","0","it"
"PLr4QhHSbL0","Il nuovo reato di femminicidio, una norma di facciata","RESTA INFORMATO CON LE NOTIZIE DI PRIMOCANALE SU: https://www.primocanale.it/

SEGUI I NOSTRI SOCIAL:
- Instagram: https://www.instagram.com/primocanale.it/?hl=it
- Facebook: https://www.facebook.com/primocanale/
- Youtube: https://www.youtube.com/channel/UCzioR9NZFjSWfM7bGDjG17A

SCARICA L'APP: https://play.google.com/store/apps/details?id=com.phonegap.primocanale&hl=it&gl=US

ISCRIVITI ALLA NOSTRA NEWSLETTER QUI: https://primocanale.us8.list-manage.com/subscribe/post?u=205e212849833c80df0cc80ff&id=72bbada1cc

CONTATTACI:

Via G. D'Annunzio 2/111 - Genova
Tel. +39 010 5399.1
Fax +39 010 5399.336
Fax Redazione +39 010 581542",NA,"2025-03-12T10:53:51Z","Primocanale","UCzioR9NZFjSWfM7bGDjG17A","25","PT8M34S","193","4","1","it"
"0_jTIj3Ung4","Femminicidio Alice Neri, l'avvocato di Mohamed Gaaloul: ""Oggi è stata un'udienza utile""","Le parole dell'avvocato Roberto Ghini, difensore di Mohamed Gaaloul - unico imputato per il delitto di Alice Neri, la giovane mamma di Ravarino uccisa la notte tra il 17 e il 18 novembre 2022 nelle campagne di Concordia sulla Secchia - al termine dell'udienza del 30 aprile 2025 che si è svolta presso la Corte d'assise a Modena. 

🎧 Seguici in diretta su http://www.radio5punto9.it/
📲 App ufficiale gratuita per Apple e Android ""Radio 5.9""

#radio5punto9 #radio59 #aliceneri #femminicidio #delitto #mohamedgaaloul #gaaloul","Alice Neri;delitto;femminicidio;Ghini","2025-04-30T21:43:53Z","Radio 5.9","UCP1ZdYt4CxAcVuGmZhDlCag","25","PT1M40S","223","1","1","it"
"nf4jq0g_XkQ","Femminicidi senza fine, Pontedera ritrovato corpo donna. A Parma fermato marito","Purtroppo anche oggi si allunga la catena di donne perseguitate fino alla fine da uomini aguzzini.

Tg2000 va in onda dal lunedì al sabato alle ore 8.30, 12, 14.55, 18.30 e 20.30 e la domenica alle ore 18.30 e 20.30 su Tv2000
📺 Canale 28 dtt📡 157 Sky 💻 https://www.tv2000.it/live
📱Scarica gratuitamente l'app Play2000 per rivedere tutte le edizioni e i programmi di Tv2000 👉 https://www.play2000.it/thanks","tv2000;notizie;informazione;news;tg2000","2024-10-25T18:02:15Z","TG2000","UC_bFWlnnADxGUXA3igouBiw","25","PT1M20S","539","10",NA,"it"
"C1gFOidRL2s","Femminicidio reato autonomo","🤔Era necessario introdurre un reato autonomo?

🙄Questa norma potrebbe presentare profili di incostituzionalità? 🤷‍♀️

🔍 Cosa ne pensi? Lascia il tuo commento! 💬

#GiuridicaMente #femminicidio #formazione #incostituzionale #reato #riforma #penale #codicerosso #giurisprudenza #informazione",NA,"2025-03-10T19:16:40Z","GiuridicaMente","UCEhy2Eqyo-xPtS4GEi5kSFQ","27","PT32S","68","1","1",NA
"Dl4cvUmsbXg","Morì in un dirupo a Ischia, svolta nelle indagini: fu un femminicidio - Storie italiane 17/04/2025","https://www.raiplay.it/programmi/storieitaliane - Si fratturò la caviglia cadendo in un dirupo dove il compagno violento l'avrebbe raggiunta non per prestarle soccorso ma per sferrarle un pugno nell'occhio prima di soffocarla tappandole naso e bocca con una mano.  Sarebbe stata così vittima di un femminicidio, Marta Maria Ohryzko, la 32enne ucraina morta il 13 luglio 2024 in località Vatoliere di Ischia.","femminicidio;Marta Maria Ohryzko;Ischia;omicidio;cronaca;Storie italiane;video;programma tv","2025-04-17T11:55:18Z","Rai","UCKUzdt2sELyxd6mz-bAx3bA","25","PT1M22S","1056","8","1","it"
"JZ3bht2lkvc","SCENE - Anatomia di un crimine (Pt 14) | Gualdo Tadino, il primo femminicidio del 2025","Daniele Bordicchia, guardia giurata di trentanove anni, ha sparato. Prima alla moglie Eliza Feru, operatrice sanitaria trentenne, mentre dormiva sul divano. Poi a sé stesso. Otto mesi di matrimonio, appena due dal ritorno dal viaggio di nozze. ""Un ragazzo dolce, forse troppo fragile, a cui non piace essere preso in giro."" Così lo definiscono gli abitanti di Gualdo Tadino, dove si è consumato il primo femminicidio dell'anno.

È sempre la stessa storia: bravi ragazzi, almeno fino a quando non uccidono. Daniele non era fragile. Era un manipolatore. La dolcezza che gli attribuivano era solo una facciata. Dietro quel volto pacato si nascondeva un uomo capace di costruire una gabbia emotiva, invisibile ma indistruttibile. Eliza non è riuscita a liberarsene, come spesso accade quando il confine tra amore e controllo si confonde. Gli abusi iniziano infatti molto prima del sangue. Sono nei silenzi che soffocano, nelle svalutazioni mascherate da battute, nelle promesse di cambiamento che svaniscono appena la vittima torna indietro.

Segui Quotidiano Nazionale su: 
• Facebook: https://www.facebook.com/QuotidianoNazionale
• Instagram: https://www.instagram.com/quotidiano_nazionale/
• Twitter: https://twitter.com/qnazionale
• Telegram:  https://t.me/quotidianonazionale
• Tiktok: https://www.tiktok.com/@quotidianonazionale",NA,"2025-01-10T12:09:48Z","QuotidianoNazionale","UCB3e_9sPf7whZA4PfGXrIMQ","25","PT3M46S","473","6","3","it"
"cyBNfKVwdA0","Ennesimo caso di femminicidio, Martina Carbonaro, 14 anni, morta per mano dell'ex fidanzato","Quotidiano - https://www.lidentita.it
Facebook - https://www.facebook.com/LidentitaQuotidiano
Instagram - https://www.instagram.com/lidentita_/
Twitter - https://twitter.com/lidentita","Quotidiano;video;politica;eonomia;esteri;news;notizie;flash;breaking news;l'identità","2025-05-28T10:44:15Z","L'Identità","UCHa5ubTd8xdpuYTciDbazZA","25","PT43S","1572","23","3","it"
"azKgaGEIT7k","Femminicidio Ilaria Sula: in centinaia al corteo di 'Non una di meno' a Roma","Femminicidio Ilaria Sula: in centinaia al corteo di 'Non una di meno' a Roma

La passeggiata rumorosa è passata sotto l'ex casa di Ilaria

Cronaca (Roma). Sono alcune centinaia di donne, soprattutto giovani che hanno risposto all'appello di 'Non una di meno' per un corteo rumoroso nel quartiere San Lorenzo a Roma, dove viveva Ilaria Sula, uccisa dall'ex fidanzato Mark Antony Samson. La manifestazione è partita da piazza dell'Immacolata per le vie del quartiere, passando per via Tiburtina dove viveva la studentessa di Statistica, per poi concludersi di fronte l'Università La Sapienza dove studiava Ilaria.  (Marco Vesperini/alanews)



Trascrizione generata automaticamente

accetta quello che  manifestazione utilizzo del diaframma","Cronaca;Ilaria Sula; Sapienza; Non una di meno;","2025-04-02T22:54:05Z","alanews","UCA97hGD0SHQNIvXK8aEpxrw","25","PT4M26S","640","10","2",NA
"E1v1PYyug-s","Femminicidio San Severo, è morta la 56enne ferita dal marito, che si è suicidato","Il servizio di Nicola Saracino",NA,"2024-10-18T16:17:23Z","TelebariWeb","UC3e_wXVOLhkxenVqxQ8MBtA","25","PT1M15S","707","8","0","en"
"TcIGjIml9Bk","Gino Cecchettin sulla morte della figlia #ilcapitale #femminicidio #ctcf #cecchettin #ginocecchettin","",NA,"2023-12-11T16:39:56Z","Il Capitale","UCGqO_hkzctiVnDC5PRXs0OQ","22","PT55S","5985",NA,"22",NA
"dYe5vXbcCqY","18 OTTOBRE 2024 - CRONACA FEMMINICIDIO - SUICIDIO A SAN SEVERO: SPARA ALLA MOGLIE E SI SUICIDA","ANTENNA SUD 
Tutte le notizie in tempo reale della Puglia e Basilicata
Cronaca, Sport, Economia, Attualità, Politica sul canale 14 del nuovo digitale terrestre, sul nostro sito www.antennasud.com e sui nostri profili social","Antenna Sud;Canale 13;Cronaca;Sport;Attualità;Economia;Politica;Intrattenimento;Format TV;Notizie Puglia;Informazione Puglia;On Demand;Programmi TV;TV Puglia;Notizie Basilicata;Informazione Basilicata;Edizioni TG;Bari;BAT;Foggia","2024-10-18T17:23:47Z","Antenna Sud - canale 14","UC1RCX0RMghY-QFb35hx5uqQ","25","PT2M7S","789",NA,NA,"it"
"5xmwYxZJlqU","Il Post sui femminicidi, Lo sconforto davanti all’illogica, I dazi di Trump e... WesaChannel LIVE","Questa puntata deriva dalla nostra diretta dell'8 aprile 2025.
Gli abbonati a WesaChannel possono recuperare la diretta senza tagli, senza pubblicità e con la chat orginale, qui https://youtube.com/live/V0DfXEVFYqk
Gli abbonati hanno accesso a tutte le repliche delle dirette (VOD) in anteprima.
Trovate tutte le puntate passate nella playlist WesaChannel LIVE!

​​Il vecchio (ma sempre attuale) dibattito con Immanuel Casto sui femminicidi: https://youtu.be/uIzoEKUMRDY

Tutti i contenuti riservati agli abbonati di livello ""Vez"" (video e live extra): https://www.youtube.com/playlist?list=PLkYl7CaT8lU2InspOMeezAmugtfr9KE0v

• Siamo LIVE qui su YouTube ogni lunedì alle ore 21!
• Link per supportare il canale e accedere ai vantaggi https://www.youtube.com/channel/UCaM-zH6ji5kWncFMaBBc7Yg/join
• La supPosta del cuore: a questo link puoi farci domande anonime alle quali risponderemo verso la fine delle dirette https://ngl.link/lapostadieugenio
• Per proposte e collaborazioni: wesachannel@gmail.com [N.B. Per commentare i video c'è l'apposita sezione sotto ogni video! La nostra mail NON è il vostro spazio di sfogo.]

0:00 Anticipazioni
2:21 Introduzione decostruita
7:40 I dazi di Trump
20:54 La Gold Card: cittadinanza in vendita
25:08 La manifestazione contro il riarmo e il discorso di Barbero
37:03 Lo sconforto per il livello della discussione sui femminicidi
52:27 L'articolo del Post e la conta dei femminicidi
1:31:55 L'intervista alla Pani su Il Giornale
1:34:00 Dalla Pani alla Murgia
1:45:05 Il governatore Hot Wheels
1:47:58 Formula 1
1:52:29 La supPosta del Cuore
 
Il WesaShop, con tutte le opere che consiglio, 
su Amazon: https://www.amazon.it/shop/wesachannel

👾 WesaTwitch: https://www.twitch.tv/wesatwitch
♦ YouTube Eugenio Mamprin: https://www.youtube.com/@eugeniomamprin  
♦ Cantina Wesa: https://www.youtube.com/channel/UC_qCxaUT6zY3yS8jgMKQfRg
♦ Su Lo Spareggio parliamo di Formula 1 e MotoGP: https://www.youtube.com/@UCcG1M2y4endnZD23woNcoug 
♦ WesaPlay: https://www.youtube.com/c/WesaPlay
♦ Instagram Ricky: https://www.instagram.com/wesapics/
♦ Instagram Eugenio Mamprin: https://www.instagram.com/eugenio_mamprin/ 

♦ Silicon Arcadia: https://siliconarcadia.substack.com/
♦ Il come della cosa: https://ilcomedellacosa.substack.com/
♦ Quasi Vero: https://quasivero.substack.com/

Cosa uso per fare i video?

📹 Webcam Elgato Facecam: https://amzn.to/3HzqIux
🎙 Microfono Shure MV7: https://amzn.to/31ktv9H
🟩 Green Screen Elgato: https://amzn.to/3gJMUCJ

Questo canale aderisce al programma di affiliazione Amazon e in qualità di affiliato Amazon io ricevo un guadagno dagli acquisti idonei (guadagno commissioni dai link Amazon presenti in questa descrizione).
----------------
Podcast WesaChannel LIVE Eugenio Mamprin Ricky Wesa femminicidi il post i numeri dei femminicidi emergenza nazionale donata columbro
#wesa #eugeniomamprin #wesachannel #podcastitalia #podcastitaliani #notizie #politicaitaliana #politicaamericana",NA,"2025-04-10T10:00:14Z","WesaChannel","UCaM-zH6ji5kWncFMaBBc7Yg","25","PT2H29M19S","48839","1824","344","it"
"ICYPiy4FVeo","Reato di Femminicidio, NonUnaDiMeno vs. ArciLesbica, Checco Zalone, Musk e Il reddito femminista","Questa puntata deriva dalla nostra diretta di lunedì 10 marzo.
Gli abbonati a WesaChannel possono recuperare la diretta senza tagli, senza pubblicità e con la chat orginale, qui https://youtube.com/live/QyWhHrCK6og
Gli abbonati hanno accesso a tutte le repliche delle dirette (VOD) in anteprima.
Trovate tutte le puntate passate nella playlist WesaChannel LIVE!

NUOVO VIDEO PER ABBONATI ""VEZ"" - Pierce, Opere: guida alla lettura https://youtu.be/d0YHXoZrZ9Q

Tutti i contenuti riservati agli abbonati di livello ""Vez"" (video e live extra): https://www.youtube.com/playlist?list=PLkYl7CaT8lU2InspOMeezAmugtfr9KE0v

• Siamo LIVE qui su YouTube ogni lunedì alle ore 21!
• Link per supportare il canale e accedere ai vantaggi https://www.youtube.com/channel/UCaM-zH6ji5kWncFMaBBc7Yg/join
• La supPosta del cuore: a questo link puoi farci domande anonime alle quali risponderemo verso la fine delle dirette https://ngl.link/lapostadieugenio
• Per proposte e collaborazioni: wesachannel@gmail.com [N.B. Per commentare i video c'è l'apposita sezione sotto ogni video! La nostra mail NON è il vostro spazio di sfogo.]

0:00 Anticipazioni intersezionali
1:59 Introduzione e sorpresa per abbonati
8:47 Un nuovo reato
17:30 Odio verso una donna in quanto donna
40:39 L'opinione di due avvocate
53:57 Serve un reddito femminista?
1:09:08 Serve il contraddittorio per parlare di femminismo?
1:14:08 TERF o Transfemministe? ArciLesbica vs. Non Una Di Meno
1:29:31 Checco Zalone e ""L'ultimo giorno di patriarcato""
1:38:12 Enola Gay, Elon Musk e altre americanate
1:45:57 Wesa risponde alle critiche e litiga con la chat

Il WesaShop, con tutte le opere che consiglio, 
su Amazon: https://www.amazon.it/shop/wesachannel

👾 WesaTwitch: https://www.twitch.tv/wesatwitch
♦ YouTube Eugenio Mamprin: https://www.youtube.com/@eugeniomamprin  
♦ Cantina Wesa: https://www.youtube.com/channel/UC_qCxaUT6zY3yS8jgMKQfRg
♦ Su Lo Spareggio parliamo di Formula 1 e MotoGP: https://www.youtube.com/@UCcG1M2y4endnZD23woNcoug 
♦ WesaPlay: https://www.youtube.com/c/WesaPlay
♦ Instagram Ricky: https://www.instagram.com/wesapics/
♦ Instagram Eugenio Mamprin: https://www.instagram.com/eugenio_mamprin/ 

♦ Silicon Arcadia: https://siliconarcadia.substack.com/
♦ Il come della cosa: https://ilcomedellacosa.substack.com/
♦ Quasi Vero: https://quasivero.substack.com/

Cosa uso per fare i video?

📹 Webcam Elgato Facecam: https://amzn.to/3HzqIux
🎙 Microfono Shure MV7: https://amzn.to/31ktv9H
🟩 Green Screen Elgato: https://amzn.to/3gJMUCJ

Questo canale aderisce al programma di affiliazione Amazon e in qualità di affiliato Amazon io ricevo un guadagno dagli acquisti idonei (guadagno commissioni dai link Amazon presenti in questa descrizione).
----------------
Eugenio Mamprin Ricky Wesa femminicido roccella ddl femminicidio checcaflo francesca florio cathy la torre lettera arcilesbica 8 marzo festa della donna 8 marzo giornata internazionale della donna checco zalone patriarcato
#wesa #eugeniomamprin #wesachannel #podcastitalia #podcastitaliani #notizie #politicaitaliana #femminismo",NA,"2025-03-13T11:00:22Z","WesaChannel","UCaM-zH6ji5kWncFMaBBc7Yg","25","PT2H11M34S","46773","1581","368","it"
"7NnxQvpaZoY","Femminicidio Ripaberarda 19 Dicembre 2024","https://www.picenotime.it/it/pagine/59F89E34-F658-11E9-BA84-B0A97E8EE179,FD9A1574-FBDC-11EA-85A3-B832108FCDFE,2C7E33A4-BDE7-11EF-88E5-F15E5044F848/","picenotime;ascoli piceno;ripaberarda;castignano;femminicidio;omicidio;carabinieri;news;cronaca","2024-12-19T12:05:02Z","picenotime","UCuqh2bE8f13EjE1YqIYl_fA","17","PT3M10S","2093",NA,NA,"it"
"g8Ho26AEphQ","✅ FEMMINICIDIO TROISI, AIELLO VOGLIONO UCCIDERMI |SUD TV 114|","📺 𝟏𝟏𝟒 𝐃𝐈𝐆𝐈𝐓𝐀𝐋𝐄 𝐓𝐄𝐑𝐑𝐄𝐒𝐓𝐑𝐄
▶ 𝐡𝐭𝐭𝐩𝐬://𝐬𝐮𝐝𝐭𝐯.𝐧𝐞𝐭 
▶ 𝐡𝐭𝐭𝐩𝐬://𝐰𝐰𝐰.𝐟𝐚𝐜𝐞𝐛𝐨𝐨𝐤.𝐜𝐨𝐦/𝐬𝐮𝐝𝐭𝐯
▶ 𝐡𝐭𝐭𝐩𝐬://𝐰𝐰𝐰.𝐲𝐨𝐮𝐭𝐮𝐛𝐞.𝐜𝐨𝐦/@𝐒𝐮𝐝𝐓𝐯



#SudTv","Sud Tv;114","2025-05-16T12:59:23Z","SUD TV","UCqabFol2RpwtTaI-2ttEv6A","25","PT2M2S","1034",NA,"1","it"
"RqcHPZUMstQ","Femminicidio di Casoli, si cerca il movente in smartphone e pc","La procura di Lanciano cerca il movente in smartphone e pc di vittima e presunto assassino, per il femminicidio di Michele Faiers, 66 anni, uccisa a coltellate a fine ottobre scorso. Unico indagato è il convivente Micheal Withbread, 74 anni, rinchiuso in carcere a Londra.
#Telemax #Lanciano #Casoli","tgmax;telemax;abruzzo;lanciano;notizie;news;Pescara;rete;webtv;televisione;tv","2024-01-04T16:45:18Z","Telemax","UCeB6uzhqbQT3ISZH2hDawZg","25","PT2M50S","301","3","0","it"
"5hxkSxspyLE","TERRIBILE FEMMINICIDIO: UCCIDE L’EX MOGLIE CON PUGNALATE ALLA SCHIENA. IL CORPO TROVATO DAL VICINO","► Unisciti gratis al canale Telegram 👉 https://t.me/flashtvitalia

ISCRIVITI AL NOSTRO CANALE/SUBSCRIBE: https://bit.ly/2ucwAV6

TUTTI GLI ARTICOLI LETTI NEI VIDEO SONO REDATTI DAL TEAM DI FlashTV. 


IL NOSTRO SITO WEB: https://notizieflashtv.com/ 

LA NOSTRA PAGINA FACEBOOK: https://www.facebook.com/FlashTVItalia/?ref=br_tf&epa=SEARCH_BOX

#cronaca #flashtv #notizie #cronacanera #news","notizie;cronaca;flashtv;flashtv notizie;flashtv cronaca;notizie oggi;ultime notizie;incidente;terremoto;morto;morta;cronaca italiana;notizie italia;meteo;news;canale notizie;notizie italiane","2025-05-26T18:15:01Z","FlashTV®","UCFrVZVhU4por60SK6qpvSRg","25","PT1M5S","9115","139","47","it"
"rOC0YmZa-WU","#shorts #podcast #sapereèpoterepodcast #femminicidio","",NA,"2024-04-18T16:40:54Z","SAPERE È POTERE PODCAST","UCOLyT8wyk3P3NCF65dNF73Q","22","PT19S","723","9","2",NA
"3n9oKI-56MA","La Protesta Contro il Femminicidio a Roma  #notizie #news #italia","#femminicidio #notizie #italia","femminismo;donne;italia;notizie;protesta;live","2024-01-25T15:29:17Z","giovinotti","UCpP4pP1T4J-CMIK7WRiFdeQ","22","PT57S","354","9","0",NA
"N54HMOb6d-s","Sentencian al exdiputado, Javier López Zavala por violencia familiar","¿No quieres perderte de nada? Suscríbete  https://bit.ly/3qr0d27 
Escúchanos en www.adn40.mx/adn40-radio 

Síguenos en todas nuestras redes: 
Facebook ️➡️ https://www.facebook.com/ADN40mx 
X ➡️ https://x.com/adn40
Instagram ️➡️ https://www.instagram.com/adn40mx 
TikTok ️➡️ https://www.tiktok.com/@adn40mx 
Spotify ➡️ https://spoti.fi/37IaOzA 

Toda la información ️➡️ https://www.adn40.mx/ 
No te pierdas la transmisión de noticias adn40 en vivo ➡️ https://www.youtube.com/watch?v=_No4YKXjsF4

🔶Mientras otros quieren que los veas, nosotros ponemos la mirada en ti. #adn40 las noticias que van #SiempreConmigo 📰","noticias;noticias México;adn40;noticias adn40","2025-05-29T03:30:12Z","adn40Mx","UC7k--FhnJzhPTrbtldMSoQQ","25","PT52S","17795","305","5","es-MX"
"2N3NvSvcyrI","“In un femminicidio non c’è amore” #unsaltoda #lucamazzucchelli #femminicidio #crime #podcastclips","Con lo psicologo Luca Mazzucchelli parliamo di femminicidi: tragedie che non partono dall'amore.

Guarda la puntata completa sul canale e da questo link:
https://www.youtube.com/watch?v=mDOU2q4J2NA&t=3478s

🔔ISCRIVITI AL CANALE per altre interviste e altri SALTI DA persone speciali 🐸

#unsaltoda #lucamazzucchelli #psicologia #divulgazione #podcastitalia","podcast psicologia;psicologia;psicoterapia;luca mazzucchelli;divulgazione psicologia","2025-02-28T19:02:43Z","Federico Rana","UCylTmMcd5lkYMTae9gfcFrw","24","PT1M3S","161","8","1","it"
"-7luTw_hRfA","#panchinerosse contro il #femminicidio","Se non ora quando? Snoq Lodi  #panchinerosse #chiamanonuccide #stopfemminicidio
- Borgo San Giovanni (Lodi), Via Giuseppe Garibaldi,  luglio 2019",NA,"2019-08-01T11:43:26Z","SNOQ Lodi","UCjSYOe-sCJ5pPLc10dH4T2Q","19","PT46S","114","4","0",NA
"sVC2TV05ClA","#femminicidio uccisa quattordicenne dall ex fidanzato","",NA,"2025-05-28T11:51:29Z","Live.s.91","UC1yjmgx3qeBjvxi7xY-kFpA","25","PT16S","2611","12","0","it"
"rFYRC3BmYpo","Femminicidio a Solero, la vicina: ""Ieri ho visto Patrizia Russo con il viso stanco""","Anna Delerba, vicina di casa di Patrizia Russo, uccisa  stamattina all'alba dal marito Giovanni Salamone a Solero nell'Alessandrino descrive i due come una ""coppia affiatata"". ""Ieri erano tornati dalla Sicilia, ci siamo solo salutati, ma ho visto Patrizia con la faccia molto stanca e tirata  ci sta  però mi ha colpito"".",NA,"2024-10-16T12:40:52Z","La Repubblica","UC9ePmjVRHLL8x8vq5fOKflg","25","PT1M1S","3366","31","10","it"
"OMd_nflkipI","Femminicidio Sara Campanella, l'assassino aiutato dalla madre","La madre di Stefano Argentino voleva aiutare il figlio a fuggire dopo l'omicidio di Sara Campanella. È questa l'ultima novità emersa dopo il fermo del ragazzo. «È stato acquisito un biglietto, scritto dalla madre dell'indagato, nel quale la donna faceva riferimento alla necessità di allontanarsi per un po', con la scusa di curarsi, nonostante dai successivi accertamenti non risultassero suoi particolari problemi di salute. Dietro l'allontanamento si nascondeva la volontà della donna di aiutare il figlio a non farsi trovare», scrive sull'ordinanza di custodia cautelare il gip del Tribunale di Messina.","videosicilia;notiziesicilia","2025-04-03T12:34:52Z","Videosicilia","UCGit8KLlsDmws1aKUgGk5KA","25","PT4M29S","17125","157","159","it"
"ofSI-5FlqaU","Femminicidio di Castignano, il video dell'Ascoli Calcio per dire basta alla violenza","L’Ascoli nel pre-gara con la Spal ha ricordato Emanuela Massicci, vittima del recente femminicidio di Castignano. ""Un grido nel silenzio che si perde nell'universo - ha scritto la società bianconera sulla proprie pagine social - Famiglie distrutte, bambini devastati, un intero paese attonito. Addio, Emanuela, che la tua morte non rimanga solo un altro numero"".

Video da Ascoli Calcio 1898","ascoli;femminicidio;castignano;iniziativa;video","2024-12-21T15:12:24Z","Corriere Adriatico","UCdey5yCCCP_oc2fBuobJBTA","25","PT40S","637","12","0","it"
"2TrIyr7AWbE","Femminicidio Ilaria Sula, l'uscita del feretro dall'abitazione della famiglia","femminicidio Ilaria Sula, a Terni il corteo funebre",NA,"2025-04-07T13:03:06Z","TuttOggi","UC_bicVavLlWMGChQnkTVXpw","25","PT55S","1873","5","4","it"
"jgGge-s7vwM","Femminicidio a Pesaro - Storie italiane 09/09/2024","https://www.raiplay.it/programmi/storieitaliane - Uccisa dal marito davanti ai tre figli, lui ha tentato la fuga mentre lei moriva in eliambulanza","femminicidio;pesaro;storie italiane;raiuno;cronaca","2024-09-09T12:42:13Z","Rai","UCKUzdt2sELyxd6mz-bAx3bA","25","PT15M56S","32557","362","184","it"
"8Sp4OSriBS8","#donne #assassine #patriarcato #noallaviolenzasulledonne #femminicidio #violenza","",NA,"2023-11-23T18:26:16Z","efe bal","UC9-a8o0qhd7kR3klvYyJG1A","22","PT10S","23380","1081","128",NA
"4I2dvFOrUMs","✅ FEMMINICIDIO MERCATO SAN SEVERINO: FERMATO L’EX |SUD TV 114|","📺 𝟏𝟏𝟒 𝐃𝐈𝐆𝐈𝐓𝐀𝐋𝐄 𝐓𝐄𝐑𝐑𝐄𝐒𝐓𝐑𝐄
▶ 𝐡𝐭𝐭𝐩𝐬://𝐬𝐮𝐝𝐭𝐯.𝐧𝐞𝐭 
▶ 𝐡𝐭𝐭𝐩𝐬://𝐰𝐰𝐰.𝐟𝐚𝐜𝐞𝐛𝐨𝐨𝐤.𝐜𝐨𝐦/𝐬𝐮𝐝𝐭𝐯
▶ 𝐡𝐭𝐭𝐩𝐬://𝐰𝐰𝐰.𝐲𝐨𝐮𝐭𝐮𝐛𝐞.𝐜𝐨𝐦/@𝐒𝐮𝐝𝐓𝐯



#SudTv","Sud Tv;114","2025-05-20T11:58:19Z","SUD TV","UCqabFol2RpwtTaI-2ttEv6A","25","PT1M26S","299",NA,"0","it"
"45C8z2MRLog","Femminicidio Settala, un vicino: ""Avevo già chiamato Carabinieri, si poteva evitare""","Femminicidio Settala, un vicino: ""Avevo già chiamato Carabinieri, si poteva evitare""

""Lei era una brava donna, lui beveva""

Cronaca (Milano). ""La moglie è una brava donna e il marito beveva. Io dico si poteva evitare"". È quello che racconta un vicino di casa della donna che è stata uccisa questa notte nella sua casa a Settala. La figlia di 10 anni avrebbe chiamato il 118 dicendo che suo padre aveva ucciso la mamma. ""Undici e mezza, mezzanotte, sono arrivati i carabinieri e mi hanno detto che la donna non ce l'aveva fatta"", dice. ""Io li avevo già chiamati un anno fa perché se l'era presa con me. Una persona abbastanza violenta"". (Agnese Ranaldi/alanews)



Trascrizione generata automaticamente

11 maggio non chiamarmi di persona usa la fa  la moglie è una brava domanda in merito al ragazzo si può io dico se potevi evitare avevo già chiamato quindi non possono violenta","Cronaca;femminicidio;settala","2025-05-04T08:43:18Z","alanews","UCA97hGD0SHQNIvXK8aEpxrw","25","PT1M48S","308","3","2",NA
"gznl-9Xe_44","Femminicidio Ilaria Sula, presidio transfemminista alla Sapienza: ""Mai più vittime""","Femminicidio Ilaria Sula, presidio transfemminista alla Sapienza: ""Mai più vittime""

""Vogliamo centri antiviolenza in Università, basta panchine rosse""

Cronaca (Roma). Non Una di Meno e i collettivi della Sapienza hanno organizzato un presidio transfemminista fuori dalla Sapienza per il femminicidio di Ilaria Sula, studentessa uccisa dall'ex fidanzato in questi giorni, e Sara Campanella. ""Vogliamo un'università transfemminista con centri anti-violenza e luoghi sicuri. Non ce ne facciamo niente di panchine rosse e promesse della rettrice"" raccontano le studentesse al microfono. Il presidio si è poi trasformato in un corteo che è arrivato fino a Castro Pretorio.  (Nicolò Morocutti/alanews)



Trascrizione generata automaticamente

ancora è ancora due vittime due giorni tre sorelle strappati e brutalmente dalla loro vita non era passato il giorno prima ma anche ieri ci siamo svegliati con la notizia del ritrovamento del corpo di una di noi Ilaria sulla trovata in una valigia senza dignità e piccole quella di ieri sera al grido di dolore gallettino Chiama con noi l'ha incrociato con i corridoi sul prato","Cronaca Italiana;femminicidio;ilaria;presidio;sapienza;sula;transfemminista;università","2025-04-03T16:42:05Z","alanews","UCA97hGD0SHQNIvXK8aEpxrw","25","PT1M49S","114","3","1",NA
"_BcVtOAOJ_k","#senato #legge #noallaviolenzasulledonne #femminicidio #violenza","",NA,"2023-11-22T13:45:27Z","efe bal","UC9-a8o0qhd7kR3klvYyJG1A","22","PT13S","11767","606","64",NA
"IOOncc82jxo","Il mio intervento a La vita in diretta sul femminicidio di Ana Cristina Duarte","Nel femminicidio di Ana Cristina Duarte, i maltrattamenti sistematici e la violenza domestica davanti ai figli erano noti da anni, serve maggiore protezione per le donne e i bambini in pericolo, agire in tempo può fare la differenza tra la vita e la morte. Il mio intervento a La vita in diretta.

Iscriviti al canale e attiva la campanellina per non perdere i miei nuovi video e le dirette.

[Nuove date] I miei eventi a TEATRO sulla manipolazione affettiva. Date e biglietti su TicketOne:  https://www.ticketone.it/artist/roberta-bruzzone/

Puoi seguirmi anche su Facebook per avere aggiornamenti quotidiani: https://www.facebook.com/robertabruzzonecriminologa

Per collaborazioni social: roberta.bruzzone@youcreator.it","Roberta Bruzzone;Bruzzone;Roberta Bruzzone TV;Roberta Bruzzone Criminologa;Criminologia;crimini;Roberta Bruzzone Rai;cronaca nera;crime;giallo;criminologa;csi;misteri;ultime notizie;notizie oggi;roberta bruzzone tv","2024-09-10T11:17:20Z","Roberta Bruzzone - Psicologa e Criminologa ","UCT9FVBJEStY0TZzGPzBZxAg","24","PT39S","54909","1898","93",NA
"5P0qB6ex-b8","Don Walter Insero: “Femminicidio, Dio dov’è?” - BellaMa’ 20/03/2025","In questa puntata di BellaMa' mi hanno posto delle domande sulla piaga orribile del femminicidio, purtroppo ancora presente nella nostra società. Illuminanti sono le parole di Papa Francesco che condivido con voi. Sono tante le cause che portano a situazione così estreme, voi cosa ne pensate?

“Dove si trova Dio?"" Un dialogo con Don Walter Insero. Tutti i giovedì su Rai2 a BellaMa’.

Link alla puntata completa su RaiPlay:
https://www.raiplay.it/video/2025/03/BellaMa---Puntata-del-20032025-cdc3d748-9163-4b8f-b14f-82fb33dbc2cb.html?wt_mc=2.www.cpy.raiplay_vid_BellaMa.

@rai #raiplay #donwalter #perte #neiperte #intervista #rai #buonastrada #donwalterinsero #giubileo2025 #bellama",NA,"2025-03-20T18:45:23Z","Don Walter Insero","UCVwrm9qPqEKb9oSBgeRETJg","22","PT21M52S","711","28","3",NA
"mg4yoIDvAOg","La violenza non deve essere mai giustificata in nessun caso. #noviolenza #femminicidio #1522","",NA,"2024-11-26T17:27:52Z","RaffaeleCapperi","UC8cG2aKrhWv6kw2TSSmQ1_g","22","PT39S","3314",NA,"6",NA
"E-vugJiVntw","Il DDL contro il Femminicidio (scritto così) è RACCAPRICCIANTE!","Il DDL Contro il Femminicidio (scritto così) è RACCAPRICCIANTE!

Quando si legifera su temi cruciali, come il contrasto alla violenza di genere, non basta avere buone intenzioni: bisogna scrivere norme solide, inattaccabili e applicabili senza ambiguità. Altrimenti, si rischia di ottenere l'effetto opposto.

Questa DDL ha un obiettivo sacrosanto, ma quello che è venuto fuori è uno ""slogan"" incostituzionale.

Ci sono questioni che nessuno sembra voler sollevare, eppure sono fondamentali. Qui non si tratta di schierarsi, ma di capire se il diritto sta facendo il suo dovere. Perché una legge scritta male non aiuta nessuno.","femminicidio;diritto penale;costituzione;uguaglianza;giustizia;nuova legge;normativa;reato;aggravante;contrasto alla violenza;omicidio;discriminazione;tutela legale;codice penale;principi costituzionali;impugnazione;applicabilità della legge;leggi e diritti;giurisprudenza;sicurezza","2025-03-08T14:12:12Z","Avv. Giuseppe Di Palo","UCunz2P3p9t2DM3AOaM2tICQ","27","PT7M15S","62766","5817","2073","it"
"1J8mS2hfnz4","L'artista che ritrae vittime di femminicidio: ""Dopo Giulia Cecchettin ancora troppi volti dipinti""","Dal 2015 Paola Volpato, artista veneziana, dipinge i volti delle donne vittime di femminicidio. Finora ne ha realizzati oltre ottocento, tutti in bianco e nero a china su carta di cotone, ispirandosi alle foto trovate sulla stampa. Lo scorso anno dipinse il viso di Giulia Cecchettin mentre era in corso una mostra a Mogliano. Il terribile fatto di cronaca impose di implementare la galleria delle vittime. Da allora sono trascorsi dodici mesi: Volpato sperava di dipingere pochi, pochissimi volti. Invece sono state 79 le donne uccise. Troppe. Ecco il suo racconto. (Video intervista Rubina Bon, video Agenzia Pórcile, montaggio Elia Cavarzan)",NA,"2024-11-25T14:27:02Z","la Nuova di Venezia e Mestre","UCbglhl9c9RTTNX3FAeGBYDg","25","PT5M","113","1","0",NA
"DQh5qStrFzc","#femminicidio #noallaviolenzasulledonne #giuliacecchettin #notizie #italia","",NA,"2023-11-21T10:24:29Z","efe bal","UC9-a8o0qhd7kR3klvYyJG1A","22","PT35S","47545","3361","256",NA
"gu0M_2PoSkQ","#femminicidio #noallaviolenzasulledonne #uomini #angeli #italia","",NA,"2023-11-22T18:13:42Z","efe bal","UC9-a8o0qhd7kR3klvYyJG1A","22","PT16S","13255","495","101",NA
"EzsuRNLWHw8","Femminicidio e vittimizzazione secondaria di Alice Neri: parla la mamma della giovane vittima","Patrizia Montorsi, madre di Alice Neri, la giovane donna uccisa a Fossa di Concordia il 18 novembre scorso, ha rilasciato una toccante videointervista pubblicata oggi da Radio 5.9. 

Alice Neri, 32enne residente a Ravarino, in provincia di Modena, era mamma di una bambina di soli 4 anni. Dopo esser stata uccisa il suo corpo venne dato alle fiamme. L’unica persona indagata al momento è il 29enne Mohammed Gaaloul, attualmente recluso presso la Casa circondariale Sant’Anna di Modena con l’accusa di omicidio.

“Non riesco a capire perché tanta cattiveria su mia figlia – commenta Patrizia nel corso dell’intervista – certe volte bisognerebbe fermarsi a riflettere. Si è portati a pensare che certe cose succedano solo agli altri ma nessuno è immune. 

Tanti giornalisti mi hanno detto di aver parlato con chi conosceva Alice e nessuno gli ha detto qualcosa di storto su di lei. Alcune persone si sono accanite verso una ragazza con le proprie insicurezze e le proprie passioni, una ragazza normale. 

Mia figlia è ancora su un tavolo di marmo, non ho neppure potuto salutarla. Alice non me la ridarà più nessuno, vorrei soltanto ridarle la sua dignità, quella che per tutta la vita ha tenuto alta!”.

👉 Leggi su Radio 5.9 ⤵
https://www.radio5punto9.it/femminicidio-vittimizzazione-secondaria-alice-neri/

🎧 Seguici in diretta su http://www.radio5punto9.it/
📲 App ufficiale gratuita per Apple e Android ""Radio 5.9""
🎙 Intervista a cura di Nicola Pozzati - Riprese e montaggio Mattia Guidi 

#radio5punto9 #aliceneri #patriziamontorsi #femminicidio #vittimizzazionesecondaria #delitto","Alice Neri;Patrizia Montorsi;delitto;femminicidio;vittimizzazione secondaria;notizie;giallo;cronaca","2023-07-26T10:47:59Z","Radio 5.9","UCP1ZdYt4CxAcVuGmZhDlCag","25","PT1M","1844","80","14","it"
"wbsaf-6ovnU","#pamelamastropietro #femminicidio #noallaviolenzasulledonne","",NA,"2023-11-27T18:01:23Z","efe bal","UC9-a8o0qhd7kR3klvYyJG1A","22","PT16S","115648","5045","782",NA
"NFSgnp2YAhQ","#maschi #uomini #noallaviolenzasulledonne #femminicidio #giuliacecchettin","",NA,"2023-11-23T09:03:21Z","efe bal","UC9-a8o0qhd7kR3klvYyJG1A","22","PT13S","24558","1329","187",NA
"xaUqcMXCVyQ","#giuliacecchettin #funerali #filippoturetta #femminicidio #verona #carcere #notiziedelgiorno","",NA,"2023-12-04T20:53:46Z","efe bal","UC9-a8o0qhd7kR3klvYyJG1A","22","PT16S","28386","1284","130",NA
"fyoThu6B4Vo","Violenza sulle donne: l'Argentina vuole depenalizzare il femminicidio","""Crea privilegi e mette metà della popolazione una contro l'altra"". Queste le parole di Javier Milei, presidente dell'Argentina, pienamente allineato al presidente americano Trump. In soldoni: lasciare che permanga questa legge nel codice penale argentino, significherebbe ammettere che la vita di una donna vale di più rispetto a quella di uomo. Sì, avete letto bene.

#femminicidio #javiermilei #donaldtrump #trump #argentina #news #thewom 

SEGUICI SUI SOCIAL!
► Iscriviti al nostro canale Youtube: https://www.youtube.com/c/TheWomCulture?sub_confirmation=1
► Seguici su Instagram: https://www.instagram.com/thewom/

RIMANI AGGIORNATA!
★ Visita il nostro sito: https://www.thewom.it/",NA,"2025-01-28T12:53:13Z","TheWom","UC473GD15_ZElZFbZVfRmAtQ","26","PT51S","863","20","5","it"
"kzB2sCFW5II","#giuliacecchettin #filippoturetta #femminicidio #assasino #netanyahu #israele #palestina #gaza #dio","",NA,"2023-12-05T08:59:37Z","efe bal","UC9-a8o0qhd7kR3klvYyJG1A","22","PT18S","22628","966","77",NA
"vifPhBPIMUo","FEMMINICIDIO ROTARU: IN AULA IL RANCORE DI ERIK ZORZI E IL CALVARIO SUBITO DA NICOLETA | 22/05/2025","TG Padova Sera 22/05/2025 - ABANO TERME - A Padova il processo a Erik Zorzi, accusato dell'omicidio della ex moglie Nicoleta Rotaru, avvenuto il 2 agosto del 2023 ad Abano, di cui avrebbe anche inscenato il finto suicidio. Ripreso questa mattina il dibattimento con l'interrogatorio del 42enne.  ||  ""Come mai ha registrato il momento in cui ha comunicato alle sue figlie la morte della loro madre"" In aula cala il silenzio quando l'avvocata Roberta Cerchiaro, legale della famiglia di Nicoleta Rotaru rivolge questa domanda ad Erik Zorzi sul banco degli impuntati con l'accusa di aver ucciso la 39enne da cui si stava separando. Il camionista che fino a quel momento aveva mantenuto un tono sprezzante farfuglia ""sostiene di aver avuto paura di dirlo con parole sbagliate"" incalzato dalla giudice che lo invita a rispondere attenendosi alla domanda Zorzi cede e si avvale della facoltà di non rispondere. E' il passaggio centrale dell'ultima udienza del processo per il femminicidio di Nicoleta, la seconda in cui Zorzi risponde alle domande delle parti civili. Prima aveva ricostruito le fasi della separazione e del rapporto travagliato con l'ex moglie di cui invidivia titolo di studio e che aveva osteggiato nella carriera politica. Ancora una volta in aula viene fatto sentire l'audio registrato dal telefono della donna la notte in cui è stata uccisa. Nel momento in cui si sente l'urlo finale di Nicoleta e il suo ultimo resiro la mamma esce dall'aula in lacrime. Erik Zorzi ancora una volta spiega che aveva tentato un approccio sessuale, ma alla domanda dell'avvocata Aurora D'agostino che rappresenta il Centro Veneto Progetti Donna ""Allora stava per violentarla?"" Zorzi si rifiuta di rispondere chiedendo un processo a porte chiuse. Per la legale però questa affermazione rappresenta una risposta. L'interrogatorio proseguirà nella prossima udienza. (Servizio di Valentina Visentin)  - Segui Telenordest anche sul digitale terrestre! Visita il sito www.telenordest.tv","ERIKZORZI;FEMMINICIDIO;NEWS;NICOLETAROTARU;PADOVATG;PROCESSO;TELENORDEST;TNE;UDEINZA;VALENTINAVISENTIN","2025-05-22T23:58:33Z","TNE Telenordest","UClXd0Iudk6dt9dwZWHwUppQ","25","PT1M30S","17","1","0","en-US"
"5gMWcM6FZzA","#giuliacecchettin #filippoturetta #femminicidio #scuola","",NA,"2023-12-07T16:03:21Z","efe bal","UC9-a8o0qhd7kR3klvYyJG1A","22","PT16S","42431","1665","175",NA
"ggcHDSBCE8A","Come combattere ilfemminicidio. #vivaledonneS#femminicidio#violenzasulledonne #psicologa#pena","",NA,"2023-10-07T20:21:39Z","UNIFANS","UCJd5Vp6AXaxQPfuAdlvTjIQ","27","PT38S","103","2","0","it"
"9isbFfd950w","#giuliacecchettin #funerali #femminicidio #noallaviolenzasulledonne #donne #stranieri","",NA,"2023-12-05T11:02:39Z","efe bal","UC9-a8o0qhd7kR3klvYyJG1A","22","PT10S","28623","1405","109",NA
"XzwJR060sHE","#giuliacecchettin #femminicidio #filippoturetta #noallaviolenzasulledonne","",NA,"2023-12-01T20:53:47Z","efe bal","UC9-a8o0qhd7kR3klvYyJG1A","22","PT56S","106604","4446","552",NA
"HdVAyvqp9-A","Giulia ennesima vittima di femminicidio","Nelle ore successive al ritrovamento della 29enne al settimo mese di gravidanza circolava sui social l’hashtag #losapevamotutte. L'appello alla politica - Tutte le notizie su Today.it","News;Notizie;Today.it;Giulia Tramontano;Milano;Omicidio;Femminicidio;Alessandro Impagnatiello","2023-06-01T12:27:21Z","Today","UCk5YXxOHXhlbyOdQ4EvLZVg","25","PT40S","4120","82","18","it"
"CIFOwiGjCX0","IL FEMMINICIDIO DI IPAZIA, di Silvia Ronchey","Una vicenda che trapassa il tempo e lo spazio fino ai nostri giorni, dettata dal pregiudizio politico e religioso, al quale tutti noi dovremmo concedere una lunga riflessione, la Prof. Silvia Ronchey ci condurrà in un viaggio culturale, chiarendo molti punti oscuri del fatto.
Un video da vedere o ascoltare.
(Ho deciso di non commentare il video in live data la sua pratica e completa spiegazione, di un tema che a mio avviso ne può parlare solo un Professore del suo livello)
Il video proviene dal canale Palazzo Ducale, il quale vi invito di visitare cosi da poter vedere altre conferenze, il link: https://www.youtube.com/@UCjjPRqVANhsfBhfxrMS0Ejw 
°
°
°
°
°
°
°
°
°
°
°
°
°
°
°
°
#ipazia #storia #silviaronchey #cultura #arte #femminicidio #pensiero #religione","ipazia;storia;silviaronchey;cultura;arte;femminicidio;pensiero;religione;lezione","2024-01-04T17:00:08Z","ScipioneTV","UCSnv1HG5byzdoVWkdRrXSpw","27","PT54M48S","196","11","4","it"
"zN-No1e7AuY","IL FEMMINICIDIO di VANESSA ZAPPALÀ | Notizie di Cronaca Italiana","Un ennesimo triste finale per una vittima di relazione tossica, una vittima che aveva già denunciato per stalking il suo carnefice, aveva paura di uscire, muoversi, fare qualunque cosa.
Antonino Sciuto, il suo ex fidanzato, rendeva la vita impossibile a Vanessa: la spiava intrufolandosi di nascosto in casa sua, le aveva piazzato un gps sotto la macchina per controllare ogni suo spostamento, le faceva continui appostamenti.
Nonostante la denuncia ed il successivo arresto, per Sciuto è stato semplice cavarsela con una semplice quanto inutile ordinanza restrittiva di 200 metri, ovviamente mai rispettata.
Questa storia mi angoscia moltissimo, può capire ad ognuno di noi di essere vittima di uno stalker, e se i mezzi che ci fornisce lo Stato per difenderci non servono a salvarci, come possiamo uscirne?
Ditemi la vostra nei commenti, io sono molto arrabbiata!

Se volete partecipare alle live e discutere dei casi insieme a me, vi aspetto su twitch.tv/bugalalla

----------------------------------------------------------

BUGALALLA SOCIAL NETWORK:
Instagram: https://www.instagram.com/bugalalla
Facebook: https://www.facebook.com/bugalalla 
Twitch: https://www.twitch.tv/bugalalla
Telegram: http://bit.ly/GruppoTelegramBuga

TWITCH NETWORK
Diretta steraming: https://www.twitch.tv/bugalalla
Abbonamento al canale Twitch: http://bit.ly/AbbonarsiBuga
Abbonati a questo canale per accedere ai vantaggi:
https://www.youtube.com/channel/UCPc806nmf91jkptTvXFvpkg/join

TWITCH CRIME PRESS OFFICE
www.twitch-crime.com
www.twitch.tv/bugalalla
www.youtube.com/c/BugaLalla
Contatti: press@twitch-crime.com  

------------------------------------------------------------

Le opinioni espresse nei video sono quelle delle persone riprese al loro interno e non riflettono necessariamente la politica o la posizione ufficiale di questa produzione, di Francesca Bugamelli o dei nostri autori e produttori. Il team Twitch Crime, il team Emme e il gruppo TMS, unitamente a Bugalalla True Crime Video Productions, non hanno lo scopo di calunniare alcuna religione, gruppo etnico, club, organizzazione, azienda o individuo. Questo format è scritto, registrato, prodotto, montato, distribuito e trasmesso dagli Stati Uniti, di proprietà di Francesca Bugamelli / Emme Team tramite il canale YouTube “Bugalalla Crime”. Questo video è un'opera protetta da copyright (in tutte le lingue conosciute), secondo quanto previsto dalla legge in materia, negli Stati Uniti d'America. No ""Fair Use"" concesso senza autorizzazione da parte dei titolari di  ℗ & ©.


Made in U.S.A. ℗ & © Emme Team / Francesca Bugamelli (2023)
#truecrimechannel  #femminicidio  #truecrime

💛 Tanto amore giallo a tutti voi 💛","bugalalla;labuga;true crime;crime italia;cronaca;vanessa zappala;vanessa;zappala;tony sciuto;antonio sciuto;antonino sciuto;giustizia;notizie;novità;carcere;giudice;arresto;femminicidio;vanessa Zappalà;amici;video;Trecastagni;genitori;fanpage;testimonianze;out of the darkness;Island night;buga;true;crime;italiana;cronaca italiana;news","2021-08-26T10:00:20Z","Bugalalla Crime","UCPc806nmf91jkptTvXFvpkg","25","PT1H31M32S","53874","1937","282","it"
"UjyR_rHeiJE","#giuliacecchettin #funerali #mattarella #femminicidio","",NA,"2023-12-04T12:01:05Z","efe bal","UC9-a8o0qhd7kR3klvYyJG1A","22","PT22S","36696","1655","191",NA
"cPJOiVrvfdg","Femminicidio Sara Campanella, folla e commozione ai funerali","Il Comune di Misilmeri (Palermo) rende omaggio a Sara Campanella, la ragazza di 22 anni uccisa a Messina a coltellate dal compagno di università Stefano Argentino.

Iscriviti al canale per rimanere sempre aggiornato con altri video come questo:
🔴 / ‪@Tag24It‬ 

▶️ SEGUICI SUL CANALE INSTAGRAM BASTA UN TAG24
 https://t.ly/Wt2LO

Visita il nostro sito https://www.tag24.it",NA,"2025-04-07T11:54:51Z","Tag24","UCsITVhq9BC1SHdiFQRkSc6A","25","PT13M29S","30132","292","69","en"
"l-QyvjjL6tQ","#giuliacecchettin #funerali #irissetti #noallaviolenzasulledonne #femminicidio #direttatv","",NA,"2023-12-05T16:10:37Z","efe bal","UC9-a8o0qhd7kR3klvYyJG1A","22","PT23S","55618","2523","207",NA
"0HFy4Oa5Q_s","IL FEMMINICIDIO di GIULIA TRAMONTANO e la PSICOLOGIA di IMPAGNATIELLO | Tutta la Storia","Stasera vi racconterò la storia del femminicidio di Giulia Tramontano, strappata alla vita insieme al suo bimbo da colui che diceva di amarla, Alessandro Impagnatiello, un omuncolo che, pur di mantenere le apparenze e non far crollare il suo castello di bugie, ha preferito interrompere due vite. 
Il ritratto del narcisista patologico manipolatore che farebbe di tutto piuttosto che prendersi la responsabilità delle sue azioni e fare i conti con la conseguente vergogna, che, ancora ad oggi, come ha dimostrato in una sua lettera, non è in grado di ammettere.

Se volete partecipare alle live e discutere dei casi insieme a me, vi aspetto su https://www.twitch.tv/bugalalla

Per info e collaborazioni: Press@twitch-crime.com

Abbonati a questo canale per accedere ai vantaggi:
https://www.youtube.com/channel/UCPc806nmf91jkptTvXFvpkg/join

Se non sai come funziona Twitch: http://bit.ly/AbbonarsiBuga

Per indagare sulla mia vita: https://www.instagram.com/bugalalla/

Per il gruppo Telegram: http://bit.ly/GruppoTelegramBuga

#bugalalla #truecrimecommunity #cronaca","bugalalla;labuga;buga;bugalla;bugalalla crime;bugalalla true crime;true crime;crime;tg crime;cronaca italiana;notizie;chi l'ha visto;quarto grado;twitch crime;intervista;documentario;film;Francesca bugamelli;psicologia;twitch;giulia;tramontano;femminicidio;alessandro;impagnatiello;impagnatello;pagnatello;incinta;processo;sentenza;ergastolo;veleno;topi;amante;fidanzata;allegra;cerea;sorella;chiara;lettera;cruciani;zanzara;bruzzone;narcisista;narciso;maligno;manipolatore","2024-12-09T12:00:02Z","Bugalalla Crime","UCPc806nmf91jkptTvXFvpkg","25","PT2H26M34S","76391","2756","501","it"
"8gtt2ktpJeU","#patriarcato #giuliacecchettin #filippoturetta #noallaviolenzasulledonne #femminicidio","",NA,"2023-11-21T20:14:30Z","efe bal","UC9-a8o0qhd7kR3klvYyJG1A","22","PT15S","38202","1861","236",NA
"QxuLHf4G6MQ","#uomini #nogender #giuliacecchettin #femminicidio","",NA,"2023-11-20T14:42:31Z","efe bal","UC9-a8o0qhd7kR3klvYyJG1A","22","PT15S","17538","747","62",NA
"CQPtUhZrNk8","www.siciliatv.org - Favara, femminicidio di Lorena Quaranta: il padre chiede giustizia","https://siciliatv.org/2024/11/04/favara-femminicidio-di-lorena-quaranta-il-padre-chiede-giustizia/","Paroledivita;SICILIA TV;FAVARA;287;Digitale Terrestre;Agrigento;Sicilia;TV;web;giornale;notiziario;Lorena Quaranta;femminicidio;furci siculo;messina","2024-11-04T09:24:42Z","SICILIA TV","UCOjzkss2zV6M_TSYxX2Rudg","25","PT9M14S","1823","20","6","it"
"k2bfjiaDNWU","Il femminicidio di Sara, le dichiarazioni dell’avvocato dopo l’interrogatorio","",NA,"2025-04-02T16:54:22Z","stampalibera","UCC7J2k8zEXXRgLgcfd-rMhw","19","PT2M34S","48","0","0",NA
"7UiXfkGkH04","dott. Bruno Calabrese: Femminicidio a Torino davanti a figli.","Vanessa Seffer intervista lo psicologo forense e criminologo sull'efferato femminicidio di una tunisina Roua Nabi di 34 anni, commesso a Torino dall'ex marito connazionale di 48 anni, che ha agito nell'appartamento alla presenza dei due figli di 12 e 13 anni. Ciò è avvenuto nonostante l'uomo era stato sottoposto ad una misura cautelare di divieto di avvicinamento alla donna, con obbligo di indossare un braccialetto elettronico.","femminicidio;omicidio;criminalcases;torino;braccialettoelettronico;braccialetto;violenzadigenere;brunocalabrese;criminologia;criminologiaforense","2024-09-24T18:30:55Z","dott. Bruno Calabrese","UCXRvHCUxH3W07hlVQhOtA7g","25","PT5M56S","43","3","0","it"
"1NNADhGfb6E","Femminicidio a Prato di Correggio","",NA,"2025-05-16T12:32:51Z","Reggio SERA","UCQ9a9xodPDHZCMlOe9wPnFQ","25","PT3M6S","41","0","0","it"
"NTlfeFYxmCs","Perché Giulia Non è Stata Aiutata? #cronaca #femminicidio #política","",NA,"2023-11-27T18:55:02Z","Leo A. Tridico","UCqxJdDi1BhWIc6732vpOAcQ","22","PT48S","6494","184","14",NA
"Ljhtx3PJgpM","#femminicidio #noallaviolenzasulledonne #natale","",NA,"2023-11-29T17:26:54Z","efe bal","UC9-a8o0qhd7kR3klvYyJG1A","22","PT11S","15215","523","67",NA
"SZNE9HheQAg","Femminicidio di Casoli, Micheal Whitbread capace di intendere e volere","Micheal Whitbread, 75 anni, era capace di intendere e volere al momento dell’omicidio di Michele Faiers, 66, avvenuto a Casoli a fine ottobre 2023. Lo ha stabilito la perizia psichiatrica nel processo in Corte d’Assise. Imputato assente in aula ""per dimenticanza"", del carcere di Pescara o del tribunale di Lanciano: scoppia la polemica. ""Leso un diritto fondamentale del mio assistito"", ha dichiarato il difensore Massimiliano Sichetti.
#Telemax #Lanciano #Casoli","tgmax;telemax;abruzzo;lanciano;notizie;news;Pescara;rete;webtv;televisione;tv","2025-05-16T11:34:46Z","Telemax","UCeB6uzhqbQT3ISZH2hDawZg","25","PT3M14S","147","2","0","it"
"CpjrxiwqJag","Femminicidio Martina Carbonaro, la madre: “Lui le diede uno schiaffo, io le dissi lascialo”","Femminicidio Martina Carbonaro, la madre: “Lui le diede uno schiaffo, io le dissi lascialo”

Martina Carbonaro, femminicidio Afragola, Alessio Tucci, Enza Cossentino, giustizia per Martina, ragazza uccisa ex fidanzato, violenza sulle donne, femminicidio minorenni, Napoli cronaca, avvocato Sergio Pisani, scomparsa Martina, iPhone rintracciamento, prevenzione femminicidi, caso Afragola, cronaca nera Italia

🔔 Iscriviti al canale per rimanere aggiornato e scopri tutte le notizie più importanti.

: https://www.youtube.com/    @thenewstories

👍 Metti Mi Piace se hai trovato il video interessante e utile 💬 Lascia un commento per condividere la tua opinione, la tua crescita personale o porre domande

#cronaca #cronacanera #notizie #news #martinacarbonaro","Femminicidio Martina Carbonaro la madre: “Lui le diede uno schiaffo;Martina Carbonaro;femminicidio Afragola;Alessio Tucci;Enza Cossentino;femminicidio minorenni;Napoli cronaca;avvocato Sergio Pisani;scomparsa Martina;iPhone rintracciamento;prevenzione femminicidi;caso Afragola;cronaca nera Italia;martina carbonaro;afragola;alessio tucci;ragazza scomparsa afragola;femminicidio;omicidio afragola;ragazza 14 anni afragola;alessio tucci afragola","2025-05-28T16:47:34Z","TheNewStories","UCo1H9dAoSFZu_oR9hmIzjxg","25","PT2M29S","586","12","8","it"
"BQSN3bM11NA","DdL ""femminicidio"". E allora arrestateci tutti...","Il governo si inchina alla lobby dell'antiviolenza e alle sue ideologhe femministe: alla vigilia della Festa della Donna propone nuovi inasprimenti del Codice Rosso, ma soprattutto l'introduzione del reato di ""femminicidio"" nel Codice Penale, con la pena dell'ergastolo. La vita di un uomo varrebbe meno di quella di una donna e salterebbe in aria tutto il sistema di giustizia con i suoi pilastri fondamentali. Una roba da regime e un potente nuovo veleno nelle relazioni tra uomini e donne.
----------
Portale ISTAT ""Violenza sulle donne"": http://dati-violenzadonne.istat.it

Report del Dipartimento della Pubblica Sicurezza - Ministero dell'Interno: https://www.interno.gov.it/sites/default/files/2025-02/report_omicidi_mensile_gennaio_2025.pdf

Omicidi in Italia - ISTAT: https://www.lafionda.com/wp-content/uploads/2025/02/Report_ISTAT-omicidi_2023.pdf

Dati sulle false accuse: https://www.lafionda.com/wp-content/uploads/2025/02/Report_LaFionda2024.pdf

Tavola Rotonda della Camera Penale di Tivoli: https://www.youtube.com/watch?v=ZZyvRcv_X3Q
--------------
Sostieni il nostro lavoro: https://donorbox.org/sostieni-la-fionda

Voce: Germano Carella

Musica: ΑΛΓ - ""Back in the South""

REFERENZE:
Sito: https://www.lafionda.com
Telegram: https://t.me/la_fionda
X: @lafionda_com
Facebook: https://www.facebook.com/lafiondacom

#femminicidio #disegnodilegge #governo #discriminazione #costituzione","nuova legge sul femminicidio;codice rosso;festa della donna;roccella;piantedosi;casellati;bernini;nordio;meloni;governo;presidenza del consiglio;servilismo;femminismo;femminista;femministe;industria dell'antiviolenza;interessi;denaro;centri antiviolenza;repressione;inasprimenti;discriminazione antimaschile;colpevolizzazione maschile;legge;diritti;costituzione;processo penale;condanna;avvocati;giudici;presunta vittima;presunto colpevole;presunzione d'innocenza;difesa","2025-03-11T08:38:57Z","La Fionda","UCdFKMcwNd-Ro_MMDOyWUeIg","25","PT11M26S","10716","1062","488","it"
"HWOdvZU9Ykc","#Ultimo saluto Santa Maria Assunta, #femminicidio #Cisterna di Latina R.I.P. #Lutto #Shorts #♥️🕯👼🌿","Ultimo saluto madre e figlia a Cisterna di Latina uccise barbaramente nell'ennesimo femminicidio. R.I.P.🌿👼🕯♥️.  Se Volete iscrivetevi 👉🔔 al mio canale YouTube.  Grazie 😊🙂",NA,"2024-02-22T15:26:54Z","giovanni000014","UCE6MjkzgnCO-wD-JXHoy6vA","2","PT39S","1191","15","0",NA
"kF91had5IfM","FEMMINICIDIO A LONDRA #femminicidio #crime #crimestories #bunnynatasha #giallo","",NA,"2024-03-12T16:16:49Z","BunnyNatasha","UCg9JO59JixP28IclMwL2v6g","24","PT53S","491","20","0",NA
"blUETXhQ2hY","quando finirà tutto questo?","",NA,"2025-05-29T09:24:21Z","efe bal","UC9-a8o0qhd7kR3klvYyJG1A","22","PT11S","13721","556","64",NA
"ZwbUYD8ucxA","L'assassinio di Chiara Poggi è stato un femminicidio?","Il 13 agosto 2007 fu brutalmente uccisa a Garlasco (PV), all'interno della propria abitazione Chiara Poggi. 
Il termine femminicidio non era ancora entrato nel lessico degli organi di informazione ma neanche nella concezione investigativa dell'epoca che trovò notevoli difficoltà nell'individuare il possibile movente. 
L'apertura delle nuove indagini di carattere scientifico offre lo spunto per una rilettura di un crimine di sangue che ai giorni nostri avremmo probabilmente riconosciuto come femminicidio.",NA,"2025-04-16T06:26:56Z","Laboratorio di criminologia di Roberto Colasanti","UCBTCmr-4-XegyNvfJr5SWvg","22","PT13M26S","2976","61",NA,NA
"XjPug8QIV3w","“Stressato dal Covid”: la Cassazione annulla l’ergastolo per il femminicidio di Lorena Quaranta.","“Era stressato dal Covid”: con questa motivazione la Cassazione annulla l’ergastolo per l’assassino di Lorena Quaranta, una studentessa strangolata dal fidanzato . Possibile che la certezza della pena venga annebbiata dal dubbio che chi ha condannato l’assassino non abbia tenuto conto dello stress da covid? E’ un paese strano questa perche si parla tanto di certezza della pena, di condanne rapide e severe. E poi gli anni passano, gli assassini la fanno franca mentre le vittime restano sullo sfondo, dimenticate insieme al dolore dei loro familiari. E questa la giustizia di cui andare orgogliosi? #farwest #femminicidi #giustizia #cassazione #lorenaquaranta",NA,"2024-07-21T18:59:13Z","Salvo Sottile","UCiwZGvv7-TghJ6mJTeNjZKw","22","PT1M1S","446","42","8",NA
"uxv5Z1E8L_o","#noallaviolenzasulledonne #femminicidio #notizie #maschi #uomini #donne #femministe","",NA,"2023-11-23T13:57:39Z","efe bal","UC9-a8o0qhd7kR3klvYyJG1A","22","PT23S","21963","1334","101",NA
"71HiPgkW1ZI","#omicidio fatto passare per #femminicidio","#podcast #notizie #social #estratti #consapevolezza #Arezzo #newsarezzo
una donna di 72 anni è stata uccisa dal marito perché, da anni, gravemente ammalata di Alzheimer. 
omicidio pietatis causa
#omicidiopietatiscausa
#pietas",NA,"2024-07-09T16:46:46Z","carmine palmentieri","UCGIb8I4CZT-wq-jyegm8w-g","25","PT1M","25","3","0",NA
"d_-M_0ZC1jo","NO AL FEMMINICIDIO.","",NA,"2025-04-10T12:58:56Z","Francesco Sarnataro","UCT-RmhjPeJli1PNvTgY0Msg","24","PT49S","568110",NA,"305","it"
"JKaof-mRO_Q","Femminicidio nella storia, Carlo Gesualdo da Venosa","Evento con FIDAPA e Associazione Forense “Roberto Maranta”","Carlo Gesualdo da Venosa;Napoli;Andria;Carafa;principe;femminicidio;venosa","2024-11-13T22:07:25Z","Antonio Conte SmartTV Channel","UC-1MdNV5m9ycIiOCHgWVAQA","27","PT2M27S","11","1","0","it"
"4umyZKMGWQM","Secondo voi è normale la reazione della madre?#podcast #talkwalkers #femminicidio #ilariasula","",NA,"2025-04-22T18:55:00Z","Talk Walkers ","UCn2YNj0yvkTNn9XR55oAIlg","22","PT51S","779","5","0",NA
"7bvBOQX0CM8","""Mi fai andare a casa?"" - L'ultimo audio di Sara Campanella. #cronacanera #femminicidio #messina","-- APRIMI --

Il caso in breve:
Una richiesta semplice, disperata: “Mi fai andare a casa?”
Queste parole, rivolte al suo assassino, sono diventate il simbolo di un femminicidio che poteva – e doveva – essere evitato. 

#cronacanera   #femminicidio #messina 

Per tutte le fonti utilizzate per la realizzazione del video consulta la mia pagina Patreon 👉https://patreon.com/MenteCriminale?utm_medium=unknown&utm_source=join_link&utm_campaign=creatorshare_creator&utm_content=copyLink 
-----------------------------------------------------------------------
Link diretto alla mia pagina Patreon 👉https://patreon.com/MenteCriminale?utm_medium=unknown&utm_source=join_link&utm_campaign=creatorshare_creator&utm_content=copyLink 
Grazie per il tuo supporto 💛

Mente Criminale è anche PODCAST! Cosa aspetti??
Ascoltami ORA!
Amazon Music👉https://music.amazon.com/podcasts/8d7beca7-a4cf-4763-a7cd-2446e765a2a7
Apple Podcasts👉https://podcasts.apple.com/it/podcast/mente-criminale/id1763013489
Spotify👉https://open.spotify.com/show/00s98MeDDeQXG5fdREvk3W
iHeartRadio 👉https://iheart.com/podcast/205848578
-----------------------------------------------------------------------
Consigliami un caso di cronaca compilando il breve modulo linkato QUI: 
https://forms.gle/sHpexqq4A1kcid1e9
-----------------------------------------------------------------------
Se ti è piaciuto il video lascia LIKE e ISCRIVITI al canale di Mente Criminale attivando anche la CAMPANELLINA DELLE NOTIFICHE per rimanere sempre aggiornato con i prossimi video che usciranno!
E' totalmente GRATUITO e per me è molto importante, grazie 💛

DISCLAIMER: Tutte le informazioni contenute nel video sono frutto di ricerche condotte su materiale altrui (che cambia a seconda della disponibilità del materiale inerente al caso), tra cui libri, documentari, articoli di giornale, interviste, sentenze dell'Autorità giudiziaria, fonti giudiziarie, atti d'indagine, inchieste giornalistiche, programmi televisivi. Non sono contenuti frutto di pareri personali, salvo il caso in cui venga specificatamente espresso nel video in questione.

SEGUIMI SUI MIEI SOCIAL📱:
🕵️‍♀️Insta: https://www.instagram.com/_mentecriminale_/
🕵️‍♀️Fb: https://www.facebook.com/profile.php?id=61561875741036
🕵️‍♀️TikTok: https://www.tiktok.com/@mente.criminale?_t=8otEQjWoGZM&_r=1
🕵️‍♀️Blog: https://mentecriminale.altervista.org/casi/

Per contatti e collaborazioni scrivimi a: mentecriminaleyt@gmail.com","true crime;true crime italiano;cronaca nera;femminicidio;violenza sulle donne;omicidio;casi irrisolti;casi reali;storie vere;podcast true crime;documentario true crime;Sara Campanella;femminicidio Sara Campanella;ultimo audio Sara;registrazione Sara Campanella;mi fai andare a casa;audio shock femminicidio;caso Sara Campanella;Sara Campanella storia","2025-04-14T12:34:06Z","Mente Criminale","UChvNomzU6GoB28Cdq7L6tLw","24","PT1M","6616","170","8","it"
"DSWa0NQp-Tc","Arriva il reato di femminicidio?","Arriva il reato di femminicidio? Il governo scrive un disegno di legge per introdurre un nuovo reato... e non solo.",NA,"2025-03-08T15:05:58Z","Andrea Lombardi","UCCtExdgqJq9uke3_bIs7ESQ","27","PT2M8S","22744","3276","224","it"
"S-suGTJNh8E","FEMMINICIDIO #RIPORAPOPS #femminicidio #violenzasulledonne #amorepossessivo #problemasociale","Il femminicidio è un grave problema sociale che colpisce le donne di ogni età, origine e condizione. Si tratta di un atto di violenza di genere che si manifesta con l’uccisione di una donna da parte di un uomo, spesso il suo partner o ex, per motivi legati al possesso, al controllo o al rifiuto.","musica;musica italiana;production","2024-07-17T07:21:38Z","OPS music production","UC5CSszc5YWPmP0IbJP7LeGw","10","PT1M","24","0","0","it"
"RHeOTN7JDy0","Chi è Alessio Tucci l’assassino di Martina Carbonaro 14enne trovata morta ad Afragola","Chi è Alessio Tucci l’assassino di Martina Carbonaro 14enne trovata morta ad Afragola",NA,"2025-05-28T16:31:51Z","Gossip Fabio Pecce","UC58Giarn2jOhKmiREOW8YNQ","25","PT1M51S","1269","11","0","it"
"iWWkwv_iNI0","Femminicidio a Bitonto, ultimo saluto a Lucia Chiapperini: «Momento che segnerà Mariotto per sempre»","Leggi l'articolo su LEdicola.it: https://ledicola.it/?p=432685

Seguici sui nostri canali social

Facebook: https://www.facebook.com/ledicola.it/
Instagram: https://www.instagram.com/ledicola.it/
Whatsapp: https://whatsapp.com/channel/0029Va8oY8e77qVatyThWm2v
Threads: https://www.threads.net/@ledicola.it
Telegram: https://t.me/ledieditori
TikTok: https://www.tiktok.com/@ledicola.it
Newsletter: https://ledicola.it/registrazione/","ledicola;ledicola.it","2025-05-02T16:39:58Z","L'Edicola","UCazAaNQ9rzahvJdhXZ8Njeg","25","PT2M24S","149","0","0","it"
"9kQdyERcmws","La sensibilità e gli affetti contro il femminicidio","La cronaca continua a raccontare di nuove tragedie che coinvolgono le donne. Nella gran parte di questi casi l'omicida è una persona con cui la vittima ha o ha avuto una relazione ed è possibile ricostruire come la vittima si sia accorta che qualcosa non andava prima che la violenza diventasse materiale. In altre parole c'è una sensibilità che può sentire una violenza latente, invisibile nell'altro ma di cui ci si può accorgere, prima che essa venga agita.

Marina Parrulli ne parla a Left Talk con Emanuela Atzori, psicologa e psicoterapeuta e Ludovica Costantino, psichiatra e psicoterapeuta e Simona Maggiorelli, direttrice di Left

Left Talk è il podcast di Left, ogni settimana sul canale Youtube e su quello Spotify di Left.

Una produzione Left in collaborazione con Antiparos Movie & Media  

Per leggere l'ultimo numero di Left 👉  https://left.it/sfogliatore/

Per abbonarti a Left 👉 https://left.it/abbonamenti/

Il nostro sito 👉 https://left.it/

AntiparosMedia 👉 https://www.antiparosmedia.it/","sinistra;cultura;politica;settimanale;informazione;scienza;società","2025-04-05T16:07:12Z","Left","UCwAfUeEl-WuO1S82KTzAtNw","25","PT1H30S","1660","88","10","it"
"RVhiUSGMN88","#femminicidio - De Siervo: ""La #giornata contro la #violenzasulledonne è rafforzata"" #shorts","Le parole dell'amministratore delegato della Lega Serie A ai margini dell'evento Social Football Summit a Roma","De Siervo;femminicidio;violenza;donne","2023-11-21T14:01:50Z","TvPlay","UCGgJRMUGfarncJrGOkRHvfQ","17","PT33S","770","5","0","it"
"ujPTj23I_So","¿Por qué Erika detuvo la transmisión tras asesinato de Valeria Márquez? #nmas #shorts #tiktok","Durante la transmisión en la que se vio la muerte de Valeria Márquez, también se observó al final a una joven llamada Erika. Su representante legal, Jazmín Escamilla, explicó cuál era la relación entre ellas y por qué Erika apagó la transmisión.

Suscríbete aquí: https://www.youtube.com/c/nmas

Síguenos en WhatsApp:
https://whatsapp.com/channel/0029Va3HRKF6mYPDarLE3C1w
https://whatsapp.com/channel/0029Va6iWbA9RZAaopBolH0T

Síguenos también en:
Facebook: https://www.facebook.com/nmas.com.mx/
Twitter: https://twitter.com/nmas
Instagram: https://www.instagram.com/n.mas/
TikTok: https://www.tiktok.com/@n.mas","Erika Detuvo la Transmisión tras el Asesinato de Valeria Márquez;Asesinato de Valeria Márquez;Valeria Márquez;Valeria Márquez TikTok;Qué se sabe de Erika colaboradora de Valeria Márquez;Nmas;Noticieros Televisa;Noticias;Noticias México;FORO;N+ FORO;N+;Nmás","2025-05-23T17:54:34Z","NMás","UCUsm-fannqOY02PNN67C0KA","25","PT45S","57523","699","184","es"
"8S17y0-TB5I","Martina Carbonaro, gesto sconvolgente di Alessio Tucci dopo il delitto [RICOSTRUZIONE]","",NA,"2025-05-30T12:29:25Z","Gossip Fabio Pecce","UC58Giarn2jOhKmiREOW8YNQ","24","PT16S","10785","10","0","it"
"nVq0ot01XRY","Napoli - FEMMINICIDIO. RAIA (CAMPANIA): DA REGIONE GRANDE LAVORO SU PREVENZIONE  (22.05.25)","https://www.pupia.tv - Napoli - FEMMINICIDIO. RAIA (CAMPANIA): DA REGIONE GRANDE LAVORO SU PREVENZIONE
Napoli, 22 mag. - ""In questi 10 anni abbiamo fatto tanto in Regione Campania sui temi della violenza maschile contro le donne, per proteggere le donne da questo fenomeno che è una vera e propria emergenza sociale che riguarda tutte e tutti. Lo abbiamo fatto soprattutto sul segmento della prevenzione. Io per prima ho firmato una legge che riguarda l'incentivazione all'occupazione e all'imprenditoria femminile perché riteniamo importante migliorare le condizioni di libertà e autonomia delle donne attraverso il lavoro, se vogliamo fare veramente un cambio di passo"". Così Loredana Raia, vicepresidente del Consiglio regionale della Campania, a margine della presentazione a palazzo Santa Lucia del disegno di legge per l'istituzione della giornata regionale commemorativa ""Nel nome di Giulia, del piccolo Thiago e di tutte le donne vittime di femminicidio"".  (22.05.25)","pupia;campania;napoli;caserta;avellino;benevento;salerno","2025-05-23T06:38:05Z","Pupia Campania","UCj21S-zObwO7s770K98uU_Q","25","PT40S","18","1","0","it"
"PYz--i7rRwU","#femminicidio #terminologia #estratti #podcast DOC & PROF","O si cambia il termine o lo usiamo nel modo corretto. 
#social #notizie #influencer #giornalismo #consapevolezza",NA,"2024-07-09T05:33:52Z","carmine palmentieri","UCGIb8I4CZT-wq-jyegm8w-g","25","PT56S","26","3","0",NA
"cVVt8WDt4uw","Cos'è il ""femminicidio""?#femminicidio #violenzasuledonne #dirittiumani#avatar #ai #dm","",NA,"2024-12-03T11:40:00Z","Donato Martiello","UCzivxbOK11gizMQz9iRqpgg","22","PT53S","65","1","0",NA
"QkULQQfMOPM","Filippo Turetta potrebbe essere assolto. #giuliacecchettin #femminicidio #turetta #dirittopenale","",NA,"2024-12-09T13:20:02Z","Michele Rendina Penalista","UCl761eWZEPC0eZdGt41nIfg","22","PT1M1S","978","18","0",NA
"OUV-7ga6sCE","LA SEDIA ROSSA monologo teatrale contro il femminicidio","Deborah Riccelli (scrittrice, attrice e formatrice esperta in violenza di genere e crimine familiare) è la voce recitante del monologo teatrale ""L’avrei chiamata Elena"", dedicato alla memoria di Jennifer Zacconi, vittima di femminicidio. Jennifer fu uccisa a ventinove anni, insieme al bimbo che portava in grembo.

Il progetto è a cura di Gabriella de Filippis (Avvocato), Ivano Malcotti (Pedagogista e Presidente di SO.CREM – Società Genovese di Cremazione) e Deborah Riccelli (autrice).","violenza femminile;violenza sulle donne;femminicidio;socrem genova;sedia rossa;la sedia rossa","2023-07-21T13:36:55Z","SOCREM - Società Genovese di Cremazione ETS","UCkJdqoy6YNwzb_pvUoym2hQ","29","PT5M46S","40","0","0","it"
"1otBAdpESdI","Il Salotto di KreaNews | Femminicidio: Approfondimenti e soluzioni legali","Data e ora: Giovedì 27 Giugno, dalle 18:55 alle 19:25
Canale: Telecapri | Canale 15 del digitale terrestre

Ospite: Avvocato Micaela Ottomano
Argomento: Femminicidio: Un'analisi approfondita delle nuove normative e delle possibili soluzioni

Unisciti a noi nella quindicesima puntata di ""Il Salotto di KreaNews"" per una discussione cruciale con l'Avvocato Micaela Ottomano, esperta in diritti civili e impegno sociale. In questa puntata, affronteremo il delicato tema del femminicidio, esplorando le cause radicate di questo fenomeno e le nuove normative introdotte per contrastarlo, inclusa la ""Legge Roccella"". Scopriremo insieme come la legislazione italiana stia evolvendo per offrire maggiore protezione e deterrenza, oltre ad analizzare quali ulteriori passi possono essere compiuti per eradicare questa piaga sociale.

🔸 Punti Salienti:

    Analisi delle Cause: Discussione sulle possibili origini del fenomeno del femminicidio.
    Normative Vigenti: Dettagli sulla ""Legge 69/2019, c.d. Codice Rosso"" e successive modifiche.
    Proposte e Soluzioni: Riflessioni su come potenziare le misure esistenti e nuove strategie per prevenire ulteriori tragedie.

Iscriviti al nostro canale, lascia un like e attiva le notifiche per non perderti i prossimi appuntamenti!",NA,"2024-06-27T16:45:00Z","Kreanews","UCJ59B2g1zTRZq09Mf1eVKJA","25","PT31M20S","32","6","0",NA
"fFbLn9pnr88","Perché il ributtante progetto di legge sul nuovo #reato di #femminicidio è una boiata gigantesca che","Perché il ributtante progetto di legge sul nuovo #reato di #femminicidio è una boiata gigantesca che provocherà solo danni politici e non sarà comunque sicuramente in grado di resistere al vaglio di costituzionalità #epicfail #Meloni",NA,"2025-03-14T08:48:42Z","avvocati dal volto umano","UCB9cV6aMv_HeJGyUtTtd68g","22","PT56S","435","3","0","en"
"cyea7uuJjxE","Altro femminicidio in Italia⚠️ #andria #femminicidio #shorts","",NA,"2023-11-28T20:48:21Z","Mixer TV","UC82hhsbnd48ayrCgrTNknLw","24","PT16S","357",NA,"0",NA
"YSEEW6GTEFU","Femminicidio Ilaria Sula, Roccella: “Esterefatta, avanti con la nuova legge in Parlamento”","La morte di Ilaria Sula, studentessa della Sapienza, sconvolge l’Italia. Un altro femminicidio, un’altra giovane vita spezzata.
La ministra Eugenia Roccella, intervistata durante l’evento Women for Women, commenta con amarezza: “Speravamo che le nuove generazioni fossero più avanti nell’accettare la libertà delle donne”. Nel video, anche un appello all’approvazione della legge sul femminicidio, attualmente in Parlamento.

#IlariaSula #Femminicidio #Roccella #Sapienza #Roma #CronacaNera #ViolenzaSulleDonne #Donne #StopViolenza #LeggeFemminicidio #WomenForWomen",NA,"2025-04-02T17:40:19Z","Lo Speciale Giornale","UCcdGPn5hpl8VvqdBMd7beZg","25","PT1M54S","42","1","0",NA
"Ba4-2UlSb7s","il malato che mi segue #delitti #femminicidio #crime","",NA,"2025-04-02T18:00:25Z","Crimini & Ombre MGRagno","UC4X6jn-moYwcx-LTS1nBk4g","24","PT40S","903","22","2","en-GB"
"4e2UCg6E4jM","FEMMINIIDIO  RIPORAPOPS #femminicidio #musica #musicaitaliana #canzoneitaliana #sound #music","FEMMINICIDIO parola che fa male donne Uccise per odio, gelosia Vite spezzate da un gesto fatale Storie di violenza e di agonia femminicidio parola che fa rabbia     Donne insultate sui social e in rete Vittime di diffamazione e calunnia tra storie di pregiudizio e di disprezzo",NA,"2024-02-14T15:24:00Z","OPS music production","UC5CSszc5YWPmP0IbJP7LeGw","22","PT1M","95","0","0",NA
"wOZ6_y88gek","Ennesimo Femminicidio a Costa Volpino.","Femminicidi in Italia: Un Allarme da Non Ignorare

L’orribile omicidio di una giovane di 19 anni, avvenuto a Costa Volpino, ha scosso nuovamente l’opinione pubblica. 

La vittima, Chiara, è stata trovata in un appartamento, colpita a morte con un’arma da taglio. Le indagini si sono concentrate su un giovane di 20 anni, ex fidanzato della vittima, sospettato di averla uccisa. Gli inquirenti stanno approfondendo il movente, che sembra legato a una relazione complicata. Questo tragico evento solleva interrogativi sulla sicurezza dei giovani e sull’importanza di affrontare le dinamiche relazionali in modo sano. 

In un anno e mezzo, in Italia si sono registrati 145 femminicidi, un numero che mette in luce la gravità del fenomeno della violenza di genere nel paese. 
Questi dati sono stati presentati dal Ministro dell’Interno Matteo Piantedosi. 

La questione della violenza di genere è diventata un argomento di crescente attenzione, con campagne di sensibilizzazione e proposte legislative per proteggere meglio le vittime e prevenire ulteriori atrocità. Se vuoi approfondire questo tema e vedere le statistiche più dettagliate, ti consiglio di dare un’occhiata all’articolo completo su Il Fatto Quotidiano.

Mai più lasciati indietro, voci che si uniscono.

#Femminicidio #ViolenzaDiGenere #StopFemminicidi #Sicurezza #DirittiUmani #MaiPiù #Prevenzione
#maipiùlasciatiindietro",NA,"2024-10-26T11:08:12Z","Dino Tropea","UCO1Kf4klTrOKTrYoi7ivQSw","24","PT16S","43","2","0","en-GB"
"Hl0-QyP8Q94","Femminicidio in Italia: una strage silenziosa","L'Italia piange ancora vittime di femminicidio. Questo video approfondisce i recenti casi di violenza contro le donne, due giovani studentesse tra le ultime vittime.  Un'analisi toccante di un fenomeno che continua a devastare le nostre comunità. #femminicidio #violenzasulledonne #Italia #giustizia #sicurezza #donne #emergenza #violenza #uguaglianza #noifemminista #femminicidio #violenzasulledonne #Italia #giustizia #sicurezza #donne #emergenza #violenza #uguaglianza #noifemminista",NA,"2025-04-12T07:55:36Z","(IN)EDITORIALE PRIMA PAGINA E INTERVISTE","UCBhym9ZOCTMoQ85UxLQRCmQ","25","PT30S","2268","1","0",NA
"SplnAVndVC4","STOP AL FEMMINICIDIO! 💔 #stopalfemminicidio #cityrumors #manuelapetrangeli #femminicidio","",NA,"2024-07-18T20:57:11Z","Cityrumors","UCGmh9zMYZcjE8kII0qtzwDA","22","PT25S","479","10","0",NA
"LtFpmEb_nfg","La misteriosa morte di Alina #truecrime #giallo #instagram #femminicidio #testimonianza","",NA,"2024-01-06T17:10:26Z","Adriana Paratore DJ","UCtlCNrX_FmCvNPBEfGzBy0w","23","PT6S","695","18","0",NA
"dhk6W5v3jbE","Femminicidio a Treviso:27 enne accoltellata e uccisa in casa. Killer in fuga. #femminicidio #cronaca","",NA,"2023-12-19T16:45:53Z","Clicknews2023","UCquU3BiGE37xcYbzqnrAaiw","22","PT7S","6459","46","8",NA
"JCUTrv7hH9w","Femminicidio Ilaria Sula, Filomena Lamberti: “È una mattanza. Serve prevenzione, non solo leggi”","Filomena Lamberti, sfregiata con l’acido e simbolo della lotta contro la violenza sulle donne, si commuove davanti al suo ritratto alla mostra Women for Women.
Nell’intervista, commenta con dolore il femminicidio di Ilaria Sula e riflette sulla necessità di agire prima che sia troppo tardi: “Il codice rosso arriva dopo. Serve prevenzione, educazione, e il coraggio di farsi aiutare”.
Un racconto lucido e potente sulla spirale della violenza, e su come spezzarla davvero.

#FilomenaLamberti #IlariaSula #Femminicidio #ViolenzaSulleDonne #WomenForWomen #StopViolenza #Prevenzione #CodiceRosso #LeggeFemminicidio #CronacaNera #ParitàDiGenere",NA,"2025-04-02T18:09:13Z","Lo Speciale Giornale","UCcdGPn5hpl8VvqdBMd7beZg","25","PT4M35S","25","0","0",NA
"ZD3IJNPAzHU","#giulia #femminicidio #uccisa #😭😭😭 #riposainpace #brunopizzulthevoice","",NA,"2023-11-19T15:04:30Z","brunopizzulthevoice ","UCrV0IUvqC6evwwgre5KhyLw","22","PT59S","24","0","0",NA
"76afCthr4IA","DILIGENCIAS POR EL DELITO DE TENTATIVA DE HOMICIDIO","#Aprehensión| En Chilibre, una persona fue aprehendida hoy por la Sección de Homicidio y Femicidio de la Fiscalía Metropolitana con la #DIJ de la Policía Nacional, por el delito de tentativa de homicidio en perjuicio de un taxista, ocurrido el 2 de abril de 2025, en San Vicente.",NA,"2025-05-29T16:41:36Z","Procuraduría General de la Nación ","UCX8wK1eYcaiGwBLoJMRMdWw","25","PT38S","1545","19","1",NA
"7EF-fZu82O4","@gabrypaMai più Silenzio #femminicidio👩‍❤️‍💋‍👨","@gabrypa Con ""Mai più Silenzio"" affronto il tema del femminicidio con parole forti e sincere. Un brano nato dal bisogno di non restare in silenzio davanti alla violenza sulle donne.
attraverso un testo intenso e deciso, ho voluto raccontare la tragedia del femminicidio dal punto di vista emotivo e umano. La musica accompagna la narrazione con toni cupi ma carichi di speranza, cercando di trasformare il dolore in consapevolezza.","#Femminicidio;#Maipiùsilenzio;#Musica;#Canzone;#Donna;#Violenza;#ContoLaViolenza;#Giustizia;#Vita;#Cuore;#Tristezza;#Coraggio;#Volontà;#Desiderio;#Potere;#Orgoglio;#Spegnersi;#Sorriso;#Starebene;#NonCrederci;#Lividi;#Dolore;#Complici;#Basta;#Paura;#Amare;#FareDelMale;#Male;#Cicatrice;#Rosa;#Buio;#Guerra;#Grido;#Universale;#Fallimento;#Guardare;#Parlare;#Silenzio;#Crudeltà;#Rispetto;#Misura;#GabryPa;#AmoreVero;#Pace","2025-04-29T15:59:27Z","@Gabry$Pa","UCYm0QvJ0ghp21APa2HZa_oQ","22","PT3M38S","56","5","0","it"
"4M25bJNLQVQ","Tenía 12 años. La mataron brutalmente. Su familia nunca se rindió. | #shorts  #noticias #casoreal","Fátima soñaba con ser doctora.
Tenía 12 años.
Fue asesinada brutalmente en 2015.

En 2025, su familia fue reconocida por la Suprema Corte como víctima indirecta de feminicidio.

🕯️ Justicia para Fátima. Justicia para todas.

#JusticiaParaFátima #Feminicidio #NiUnaMenos #FeminismoMéxico #InfanciasOlvidadas #ViolenciaDeGénero  
#FátimaQuintana  
#MéxicoFeminista  
#CrímenesQueNoOlvidamos  
#HistoriasRealesMX  
#FeminicidioInfantil  
#SupremaCorte","feminicidio México;Fátima Quintana;justicia para Fátima;violencia de género;feminicidio infantil;casos reales México;feminicidio Lerma;Suprema Corte México;Ni Una Menos;derechos humanos México;impunidad feminicidios;documental feminicidio;historias reales México;justicia para víctimas;Fátima Varinia;feminismo México;crimen real;México noticias;feminicidio niñas","2025-05-31T00:38:23Z","Historias que arden","UC-A_zYse2_9MvTdKMOUrwbw","24","PT50S","862","18","1","es-MX"
"j50AB5E-hAw","Ennesimo femminicidio #femminicidio #crime #truecrimestories","",NA,"2025-04-02T15:40:50Z","Crimini & Ombre MGRagno","UC4X6jn-moYwcx-LTS1nBk4g","24","PT57S","1109","16","1","en-GB"
"ZtgT-No8R7w","FEMMINICIDIO - Diretta speciale per il femminicidio di MARTINA CARBONARO, aveva solo 14 anni.","",NA,"2025-05-31T02:52:58Z","PIERPAOLO CONTRO TUTTI ","UChghwDppkCyWxFaX_tXHOzA","22","PT1H45M41S","8","0","0",NA
"K-6AMnXApf8","Femminicidio: un impegno di cultura oltre il reato.","Femminicidio: un impegno di cultura oltre il reato. Incontro a Grottaferrata presso il Cinema Teatro Comunale ""Al Fellini""",NA,"2025-05-28T22:00:32Z","Cronaca Nera | Anna Maria Giannini","UC_ct8gA12A2qLwp6WnAkf-A","22","PT36S","0","0","0",NA
"jqOhqhxgeVg","Femminicidio Martina Scialdone, comincia il processo. #femminicidio #cronacanera #cronaca #news","",NA,"2023-12-11T15:10:12Z","Clicknews2023","UCquU3BiGE37xcYbzqnrAaiw","22","PT8S","4393","21","0",NA
"lJQ6PIxCYw4","Cosa sta succedendo? #sara #ilaria #femminicidio","",NA,"2025-04-04T10:11:33Z","Sara Maxi","UCvPkk1D7TQTiFNUOXnlhvqQ","22","PT11S","4491","16","0",NA
"VN6zvI9KSNA","Ergastolo sicuro per #femminicidio! #frasedelgiorno #perte #rete4 #reality #giorgia_meloni #governo","",NA,"2025-03-08T09:25:48Z","MISTER BUNGA E LAURA LOVE - Forever - ","UCbjcUbaQbhOzU6fGLfBmhMw","22","PT16S","5494","398","22",NA
"yG4IJ3NZaLU","Femminicidio: Due studentesse, 22 anni, morte","Uniamoci per dire basta ai femminicidi! Questo video affronta la tragica realtà di due studentesse di 22 anni vittime di violenza.  Insieme, possiamo creare un mondo più sicuro. #femminicidio #violenzasulledonne #giustizia #sicurezza #nonènormale #noallaviolenza #donne #uguaglianza #solidarietà #italia #femminicidio #violenzasulledonne #giustizia #sicurezza #nonènormale #noallaviolenza #donne #uguaglianza #solidarietà #italia",NA,"2025-04-03T11:02:28Z","(IN)EDITORIALE PRIMA PAGINA E INTERVISTE","UCBhym9ZOCTMoQ85UxLQRCmQ","25","PT18S","1671","3","0",NA
"jq50nVccKo4","OFFLINE 👠❤️‍🩹  #femminicidio #song #stopthewar","",NA,"2025-04-11T16:18:33Z","afk_YT","UCxEN1gKbHkCU-zogEFbmXDg","22","PT3M57S","46","6","1",NA
"oYaCtvmEN1I","ZPoint Woman non diventare vittima #protection #difesapersonalefemminile #femminicidio #artimarziali","",NA,"2025-04-11T11:22:22Z","ZPoint System","UC08WEIM9foHJGwD6pn5ohlQ","17","PT16S","1172","3","0",NA
"8CRT6JAPmn4","#femminism #women #femalepower #martinacarbonaro #violenzasulledonne #femminicidio #v_232_t","",NA,"2025-05-29T11:04:49Z","🖤 Ann. 🦇","UCoU-qXBGnNdc2hWuWuvCwKQ","22","PT51S","1799","37","3",NA
"ivsgCldkq8s","Un'altra vittima. #nonunadimeno #stopfemminicidio #femminicidio #neiperte #shorts","Unite contro la violenza sulle donne",NA,"2025-02-06T18:10:22Z","Nova_03","UC0JNCcaLpw9oS9bFm1na0QQ","10","PT39S","64","11","0","it"
"tYVuADg5jNg","Intervento TG1 orfani di femminicidio","#femminicidi #patriarcato #orfani",NA,"2025-04-14T13:38:55Z","Damiano Rizzi","UCTBpCoQZNjK4iEU8PLn_EAg","22","PT8M56S","18","0","0",NA
"OspP9lgyddE","A 10 años del crimen de Chiara Páez: el femicidio que despertó a un país y dio origen a Ni Una Menos","El crimen de Chiara Páez fue el femicidio que despertó hace 10 años a la Argentina y dio origen al movimiento Ni Una Menos.

El asesinato de la adolescente en Rufino conmocionó a la Argentina en mayo de 2015. El homicida fue condenado en primera instancia a 21 años y medio de prisión. Sin embargo, después le redujeron la pena porque él también era menor de edad cuando cometió el cruento crimen.



★ Suscribite a nuestro canal → https://bit.ly/365OTiS

★ Informate sobre las noticias desde nuestra web → https://tn.com.ar/

★ Y no te olvides de seguirnos en las redes!
Facebook → https://www.facebook.com/todonoticias/
Instagram → https://www.instagram.com/todonoticias/
Twitter → https://www.twitter.com/todonoticias

#TN #TodoNoticias #Noticias #argentina #crimen #chiara #niunamenos","noticia ultimo momento;breaking news;TN;todo noticias;ultimo momento;urgente;ultima noticia;noticias;programas de tn;tn en vivo;noticias en vivo;ver tn en vivo;tn noticias;news;breaking;tn en vivo todo noticias;live news;tn noticias en vivo;tn todo noticias;en vivo","2025-05-25T20:27:55Z","Todo Noticias","UCj6PcyLvpnIRT_2W_mwa9Aw","25","PT55S","359019","5769","180","es-419"
"4NLz1Q55LfI","Femminicidio: Radici culturali di una tragedia","Esploriamo le radici culturali del femminicidio in Italia.  Un'analisi profonda di come la società, e in particolare il comportamento maschile, contribuisce a questo tragico fenomeno.  Scopri perché il rifiuto femminile è spesso inaccettabile per alcuni uomini e come questo porta a conseguenze devastanti. #femminicidio #violenzasulledonne #culturaitaliana #uguaglianzadigenere #societàitaliana #maschilismo #violenza #dirittidelle donne #consapevolezza #noallaviolenza #femminicidio #violenzasulledonne #culturaitaliana #uguaglianzadigenere #societàitaliana #maschilismo #violenza #dirittidelle donne #consapevolezza #noallaviolenza",NA,"2025-04-12T16:54:29Z","(IN)EDITORIALE PRIMA PAGINA E INTERVISTE","UCBhym9ZOCTMoQ85UxLQRCmQ","25","PT28S","1430","11","0",NA
"PtbipFmRB-4","Uccisa in un albergo a La Spezia, il marito confessa #cronacanera #femminicidio #cronaca #news","",NA,"2023-12-08T21:56:08Z","Clicknews2023","UCquU3BiGE37xcYbzqnrAaiw","22","PT12S","207","0","1",NA
"aoR5jGpCe9o","Sara Campanella,Stefano Argentino confessa il femminicidio #notizie","",NA,"2025-04-02T16:11:12Z","Leo A. Tridico","UCqxJdDi1BhWIc6732vpOAcQ","22","PT13S","8012","45","7",NA
"lldSRQyZ9wk","La giovane Martina di Afragola è l'ennesimo femminicidio in Italia, basta violenza sulle donne","L'ennesimo caso di cronaca che vede una donna uccisa. Martina Carbonaro è l'ultima vittima di una lunga serie, in questi drammatici giorni sono state uccise anche Vasilica Potincu a Legnano e Fernanda Di Nuzzo a Grugliasco. Una strage silenziosa e quotidiana di donne ammazzate da persone di cui si fidavano. Mettiamo un freno a questa angosciosa serie di efferati femminicidi.

In occasione della Giornata internazionale per l'eliminazione della violenza sulle donne, convegno sugli orfani delle vittime di femminicidio.
Diana De Marchi del Partito Democratico, spesso ospite di Dritto e Rovescio e altri programmi mediaset come Mattino 5 e Tg4 Diario del Giorno affronta un tema importante per la nostra società e le istituzioni locali chiamate ad affrontare i temi di attualità in maniera costruttiva per il benessere di tutti i cittadini.","femminicidio martina carbonaro;alessio tucci assassino martina;referendum 8 9 giugno;referendum sulla cittadinanza;referendum 8/9 giugno;remigration summit a gallarate;stop violenza sulle donne;omicidio Afragola;nuovi sviluppi caso chiara poggi;operaio uccide escort a legnano;femminicidio vasilica potincu;schlein e meloni su femminicidi;giorgia meloni a Samarcanda;giorgia meloni in Uzbekistan","2025-05-30T05:34:53Z","Diana De Marchi","UCCUVRkjf1Vd2SicTN1DN8xQ","25","PT56S","751","2","0","it"
"hxkmWKvpixg","Basta al femminicidio! #Roma #Femminicidio #youtubeshorts #news","",NA,"2025-04-17T20:29:09Z","Posityvità","UCJ5xmwNKTfKczE663lRt0cA","10","PT29S","1566","6","0",NA
"-ei3fp2ry1o","Attentato #ViolenzaRelazionale #Sicurezza #Femminicidio #RelazioniTossiche #Giustizia","",NA,"2024-10-16T18:58:53Z","Dino Tropea","UCO1Kf4klTrOKTrYoi7ivQSw","24","PT28S","417","3","0","en-GB"
"63g2Y6qiDjk","I 3 Luoghi Più Pericolosi per le Donne e Perché #infinicurious #femminicidio #luoghipericolosi","",NA,"2024-09-16T09:00:09Z","InfiniCuriousITA","UCRngO764t19wTw1rWeZnF4Q","27","PT59S","490",NA,"0","it"
"dIgbnm5Usks","TERRIBILE FEMMINICIDIO: SPARA ALLA MOGLIE IN AUTO E POI SI TOGLIE LA VITA","► Unisciti gratis al canale Telegram 👉 https://t.me/flashtvitalia

ISCRIVITI AL NOSTRO CANALE/SUBSCRIBE: https://bit.ly/2ucwAV6

TUTTI GLI ARTICOLI LETTI NEI VIDEO SONO REDATTI DAL TEAM DI FlashTV. 


IL NOSTRO SITO WEB: https://notizieflashtv.com/ 

LA NOSTRA PAGINA FACEBOOK: https://www.facebook.com/FlashTVItalia/?ref=br_tf&epa=SEARCH_BOX

#cronaca #flashtv #notizie #cronacanera #news","notizie;cronaca;flashtv;flashtv notizie;flashtv cronaca;notizie oggi;ultime notizie;incidente;terremoto;morto;morta;cronaca italiana;notizie italia;meteo;news;canale notizie;notizie italiane","2025-05-15T20:39:16Z","FlashTV®","UCFrVZVhU4por60SK6qpvSRg","25","PT1M4S","3557","65","29","it"
"DGleNJvymAA","Incontro sul tema  «Violenza di genere e femminicidio»","Dott.ssa Marisa Scavo

Ex Procuratore Aggiunto della Procura di Catania

Avv. Veronica Sicari

Vicepresidente dell’Associazione

«Antimafia e Legalità»

🎙️ Nuovo allo streaming o vuoi migliorare? Dai un'occhiata a StreamYard e ottieni uno sconto di $10! 😍 https://streamyard.com/pal/d/5958093062275072",NA,"2025-05-09T23:28:51Z","EVENTI CUTELLI","UCHnpsEjKfFWYr7hn4WnYPng","24","PT1H35M27S","82","1","0","en-US"
"QbTdhsspyhM","Tutte le donne vittime di femminicidio nel 2024 | Voci e Storie","In questo canale trovi fatti, reportage, racconti, inchieste e video. Segui e condividi le nostre Storie, ascolta le nostre Voci.  Iscriviti, raccontaci, partecipa, cresciamo insieme.","VOCI;VOCI E STORIE;CRONACA;ATTUALITà;NOTIZIE;INCHIESTE;FEMMINICIDIO;OMICIDIO;DONNE;DONNA;VIOLENZA;MORTE VIOLENTA;1522;DENUNCE;VITTIME;VITTIMA;RAGAZZA;UCCISA;MARITO;FIDANZATO;COMPAGNO;VILOENZA SULLE DONNE","2024-08-18T10:33:59Z","Voci e Storie","UCqli52X5OarXa-Rbe3nPbBQ","22","PT3M49S","203","5","1",NA
"U0WxC-t44nE","Vanessa e i vari stalker! #stalking #femminicidio #vanessa #vanessaballan #shorts #cronaca","",NA,"2023-12-24T08:23:54Z","MISTER BUNGA E LAURA LOVE - Forever - ","UCbjcUbaQbhOzU6fGLfBmhMw","22","PT16S","1658","16","9",NA
"ZiYoRxLO6yg","FEMMINICIDIO : IL SILENZIO CHE UCCIDE","In questo video parliamo di un tema doloroso e purtroppo attuale: il femminicidio. Spesso il silenzio intorno a questa piaga sociale è complice, permettendo che troppe donne soffrano in silenzio. È ora di rompere il muro del silenzio e parlare apertamente di violenza, per informare, sensibilizzare e proteggere.
Se conosci qualcuno che potrebbe avere bisogno di aiuto, condividi questo messaggio. La consapevolezza è il primo passo per cambiare le cose.",NA,"2025-05-30T08:45:06Z","AMORE & PSICHE con La Pink 🌸","UCTS8gTZD-EOjNp6QF3S4IOQ","24","PT25M37S","69","6","2","en-US"
"_A8QvTX1Xaw","Dl Femminicidio, Roccella: “Svolta storica, nessun arretramento sui diritti delle donne”","Il Consiglio dei Ministri ha approvato il Dl Femminicidio, riconoscendo per la prima volta questo crimine come reato autonomo. La Ministra Eugenia Roccella sottolinea l’importanza storica della riforma: “Abbiamo introdotto strumenti concreti per proteggere le donne e garantire giustizia”. La legge prevede l’ergastolo per chi uccide una donna per odio o per annullarne la libertà. Un passo decisivo nella lotta alla violenza di genere. 

 #Femminicidio #ViolenzaDiGenere #Governo #meloni",NA,"2025-03-07T18:15:36Z","Lo Speciale Giornale","UCcdGPn5hpl8VvqdBMd7beZg","1","PT5M37S","37","0","1",NA
"980V_J_dtFc","Il Femminicidio, l'Orso e l'Epidemia di Solitudine Maschile","@breakingitaly @WesaChannel
0:00 Intro
0:53 I Numeri
2:28 La Cultura del Femminicidio 
8:12 La paura degli Uomini 
10:19 Clip di WesaChannel
12:26 L'esperienza di vita di una donna 
18:50 La storia dell'Orso 
21:42 L'epidemia di solitudine maschile",NA,"2025-03-07T16:00:10Z","Luce ","UCcTHxideSQ94zUmd5hJauiw","24","PT24M34S","5476","330","292","it"
"tOF7SQQIpQA","Femminicidio  La vera battaglia per l'uguaglianza #shorts","#femminicidio #violenzadigenere #intelligenzaartificiale #prevenzione #paritàdigenere #dirittiumani #eticadellia #femminismo #cambiamentosociale #giustiziasociale #shorts","femminicidio;violenza di genere;intelligenza artificiale;prevenzione;cambiamento sociale;parità di genere;diritti umani;etica dell'IA;rivoluzione culturale;femminismo;privilegio maschile;emancipazione femminile;cambiamento della società;violenza domestica;tecnologia ed etica;shorts","2024-10-30T12:15:05Z","Tra bit e maschere","UC2mPFOSL9sMUNk-Su7nKQLw","10","PT21S","425","4","0","it"
"Wz22LH_4OHU","Chi ha ucciso Antonella Di Veroli? #femminicidio","Antonella Di Veroli è una donna di 47 anni che vive a Roma. È riservata e gentile, e non ha figli né marito. La sera del 10 aprile 1994, Antonella torna a casa da una cena con un'amica. Fa una telefonata alla madre, poi si mette a letto.

La mattina successiva, la donna non si presenta al lavoro. I suoi familiari e amici si preoccupano e vanno a casa sua. L'appartamento è chiuso a chiave, ma la porta non è stata forzata. All'interno, Antonella non c'è. L'unico indizio è un orologio usato, infilato nella sua confezione originale.

Il giorno successivo, i suoi familiari tornano a casa sua. Controllano l'armadio e trovano il corpo senza vita della donna. Antonella è stata uccisa con due colpi di pistola alla testa, poi il suo assassino le ha messo un sacchetto di plastica sulla testa e l'ha incollata all'interno dell'armadio.

Le indagini non hanno mai portato all'arresto dell'assassino. L'unica persona sospettata è Vittorio Biffani, un fotografo che aveva avuto una relazione con Antonella. Biffani era stato indebitato con Antonella e aveva paura che lei lo denunciasse. Tuttavia, Biffani è stato assolto in tutti i gradi di giudizio.

L'omicidio di Antonella Di Veroli è uno dei cold case più famosi d'Italia. Il caso è ancora aperto...

- Chi ha ucciso Antonella Di Veroli?
- Perché l'assassino ha deciso di ucciderla?
- Cosa è successo nella notte tra il 10 e l'11 aprile 1994?","true crime;serial killer;homicide;omicidi;unsolved crimes;crimini irrisolti;podcasttruecrime;truecrimepodcast","2023-08-16T06:00:20Z","Scary Monster True Crime","UCScVaf3JUkzWJpGgBhnqOlA","25","PT1M","2057","123","4","it"
"YCGBfULbUX8","Femminicidio Matteuzzi:l’ex calciatore Padovani tenta ancora di togliersi la vita in carcere #shorts","#attualità #cronaca #cronacanera #news #noticias #femminicidio #killer 


Femminicidio Matteuzzi:  l’ex calciatore Padovani tenta ancora di togliersi la vita in carcere","Femminicidio;Omicidio Matteuzzi;Femminicidio Matteuzzi;Padovani Matteuzzi","2023-08-23T13:52:43Z","CHARLIE'S PLACE","UCUjcXCya1M_-S75YfdVbU2w","24","PT31S","406","5","0","it"
"C1HwpyLSvTI","Il FEMMINICIDIO di AFRAGOLA e l’educazione sessuale","",NA,"2025-05-29T09:56:11Z","iStorica","UC8lhd5Cni39Z1976nO_CuJg","27","PT2M10S","5730","689","138",NA
"N_0iSFaAbKM","Il padre di Giulia da ammirare! #giuliacecchettin #filippoturetta #femminicidio #shorts","",NA,"2023-12-07T06:34:43Z","MISTER BUNGA E LAURA LOVE - Forever - ","UCbjcUbaQbhOzU6fGLfBmhMw","22","PT16S","2965","47","2",NA
"xthwhec3iBo","Il suicidio della moglie era un femminicidio, lo incastra il disegno del figlio #news #femminicidio","",NA,"2023-12-13T18:29:58Z","Clicknews2023","UCquU3BiGE37xcYbzqnrAaiw","22","PT9S","9485","102","1",NA
"ALEP9iRbsXc","#femminicidio #cronacanera #cronacaitaliana","",NA,"2024-01-20T00:13:56Z","Clicknews2023","UCquU3BiGE37xcYbzqnrAaiw","22","PT9S","7613","39","5",NA
"TbilkZDfQr0","Sara...Messina...Donna, nuova vittima (FEMMINICIDIO) #donna #femminicidio #girl #vittima #news #fyp","Stefano Argentino, 27enne compagno di università di Sara Campanella, è stato fermato per il femminicidio della 22enne. I due non avevano una relazione, ma lui la tormentava da due anni. Indagini su telefonini e computer
link notizia completa:
https://www.google.com/amp/s/www.corriere.it/cronache/25_aprile_01/sara-campanella-messina-assassino-269774b5-ca6d-45eb-be24-5cced8b5exlk_amp.shtml

Il presunto assassino di Sara Campanella, accoltellata lunedì a Messina

Siamo di fronte all'ennesimo femminicidio...

Condividete per fermare tutto questo

#donna #femminicidio #girl #news #corrieredellasera #telegiornale #fyp #video",NA,"2025-04-02T17:38:53Z","Nikle_26","UCsNUGMGJslwjo4JU9NyPhdg","10","PT26S","4139","11","0","it"
"Sxpr-_65C-Q","Femminicidio a Settala: la figlia chiama i soccorsi mentre il padre uccide la madre","Quotidiano - https://www.lidentita.it
Facebook - https://www.facebook.com/LidentitaQuotidiano
Instagram - https://www.instagram.com/lidentita_/
Twitter - https://twitter.com/lidentita","Quotidiano;video;politica;eonomia;esteri;news;notizie;flash;breaking news;l'identità","2025-05-05T14:59:20Z","L'Identità","UCHa5ubTd8xdpuYTciDbazZA","25","PT35S","2358","24","3","it"
"U4ACpRwUo80","Femminicidio  Il fallimento delle istituzioni #shorts","#femminicidio #violenzadigenere #intelligenzaartificiale #prevenzione #paritàdigenere #dirittiumani #eticadellia #femminismo #cambiamentosociale #giustiziasociale #shorts","femminicidio;violenza di genere;intelligenza artificiale;prevenzione;cambiamento sociale;parità di genere;diritti umani;etica dell'IA;rivoluzione culturale;femminismo;privilegio maschile;emancipazione femminile;cambiamento della società;violenza domestica;tecnologia ed etica;shorts","2024-10-30T12:30:33Z","Tra bit e maschere","UC2mPFOSL9sMUNk-Su7nKQLw","10","PT41S","423","2","0","it"
"N9zsaJnzJu8","Il vero significato di FEMMINICIDIO | Riflessione scomoda","“Femminicidio” è un termine importante, ma abusato.
Non tutti gli omicidi di donne sono “femminicidi”.

Se vogliamo davvero combattere la violenza, dobbiamo prima smettere di confondere le parole con le emozioni.

🇪🇺 In Europa, la battaglia per la verità è anche una battaglia per la giustizia.","Bitcoin Report Italia;Bitcoin;Femminismo;Parità di Genere;Gender;Donne;Ragazze;Abusi;Difesa;Violenza;Stalking;Maschilismo;Femministe;Femminista","2025-04-17T16:22:13Z","Bitcoin.Report.Italia","UCUmvcX6uS3-RsAbhRvU_NWQ","25","PT2M3S","1154",NA,"0","it"
"9fiHRBL9qfs","femminicidio #femminicidio #musica #canzoneitaliana #musicaitaliana #music #canzone #blues","femminicidio è un grave problema sociale che colpisce le donne di ogni età, origine e condizione. Si tratta di un atto di violenza di genere che si manifesta con l'uccisione di una donna da parte di un uomo, spesso il suo partner o ex, per motivi legati al possesso, al controllo o al rifiuto",NA,"2024-01-22T06:00:03Z","OPS music production","UC5CSszc5YWPmP0IbJP7LeGw","22","PT43S","29","0","0",NA
"yG1ItLTmybI","Breve riflessione sul reato di femminicidio #studiolegalegentile #avvocato #femminicidio","",NA,"2025-03-31T12:38:20Z","Studio Legale Gentile ","UCVgTi15KgykdB8oS68qKB2g","22","PT59S","323","0","0",NA
"ez3IR3pR7Hs","25 Novembre 2023. #giornatainternazionalecontrolaviolenzasulledonne  #femminicidio","",NA,"2023-11-25T15:01:50Z","Anto_Ottantuno_81","UC4zd7EtsT6TY3jIoIxqVJ_g","22","PT13S","166","5","0",NA
"xr7mltaUgiE","Federica Squarise assassinata: giustizia o beffa? #shorts #crime #femminicidio","Una vacanza, un incontro, un incubo.
Federica Squarise aveva solo 23 anni quando è scomparsa a Lloret de Mar.
Il suo corpo fu ritrovato una settimana dopo. Il colpevole ha confessato…
e oggi è un uomo libero.
Giustizia è stata davvero fatta?

🔎 Seguimi per altre storie vere di misteri e casi irrisolti.

#FedericaSquarise #TrueCrimeItalia #CrimeStory #GiustiziaNegata #MisteriItaliani #ColdCase #StorieVere #BrividiReali",NA,"2025-05-18T15:43:43Z","The Dark Soul Mystery","UCNcTtj9JwiBIkyNf7xYRUuw","22","PT22S","736",NA,"0",NA
"xdMUWLApHcc","FEMMINICIDIO SARA CAMPANELLA: IL DOLORE DELLA MAMMA. ""ERI IL SOLE ORA SIAMO AL BUIO""","► Unisciti gratis al canale Telegram 👉 https://t.me/flashtvitalia

ISCRIVITI AL NOSTRO CANALE/SUBSCRIBE: https://bit.ly/2ucwAV6

TUTTI GLI ARTICOLI LETTI NEI VIDEO SONO REDATTI DAL TEAM DI FlashTV. 


IL NOSTRO SITO WEB: https://notizieflashtv.com/ 

LA NOSTRA PAGINA FACEBOOK: https://www.facebook.com/FlashTVItalia/?ref=br_tf&epa=SEARCH_BOX

#cronaca #flashtv #notizie #cronacanera #news","notizie;cronaca;flashtv;flashtv notizie;flashtv cronaca;notizie oggi;ultime notizie;incidente;terremoto;morto;morta;cronaca italiana;notizie italia;meteo;news;canale notizie;notizie italiane","2025-04-01T20:15:04Z","FlashTV®","UCFrVZVhU4por60SK6qpvSRg","25","PT1M28S","4521","63","52","it"
"5ACpqPKqmXQ","Femminicidio  Un atto estremo di violenza sociale #shorts","#femminicidio #violenzadigenere #intelligenzaartificiale #prevenzione #paritàdigenere #dirittiumani #eticadellia #femminismo #cambiamentosociale #giustiziasociale #shorts","femminicidio;violenza di genere;intelligenza artificiale;prevenzione;cambiamento sociale;parità di genere;diritti umani;etica dell'IA;rivoluzione culturale;femminismo;privilegio maschile;emancipazione femminile;cambiamento della società;violenza domestica;tecnologia ed etica;shorts","2024-10-30T18:30:08Z","Tra bit e maschere","UC2mPFOSL9sMUNk-Su7nKQLw","10","PT33S","429","2","0","it"
"pzoTb2ntE70","Il patriarcato! #femminicidio #scarpedonna #patriarcato #shorts","",NA,"2023-12-04T08:21:43Z","MISTER BUNGA E LAURA LOVE - Forever - ","UCbjcUbaQbhOzU6fGLfBmhMw","22","PT16S","756","21","0",NA
"977Yw_RpC4o","Avv  Antonio La Scala su violenza di genere e femminicidio","#rutiglianoonline 
Intervista all'avv. Antonio La Scala sulla violenza di genere nell'ambito di una iniziativa sul tema organizzata dal Lions Club di Rutigliano. Interessante è la posizione dell'avv. La Scala sul recente disegno di legge approvato dal consiglio dei ministri che istituisce il reato di femminicidio come fattispecie autonoma, inserendo nel Codice penale l'art. 577bis denominato, appunto, ""Femminicidio"".","gianni nicastro;rutiglianoionline;femminicidio;violenza di gerere;antonio la scala;lions club","2025-03-15T09:56:44Z","rutiglianoonline","UC4mJFhh1EJze3d8-kUfKLhA","25","PT10M","163","5","0",NA
"jBDYKNTDaKM","Proseguono le indagini sulla 30enne Dora Lagreca #cronacanera #cronaca #femminicidio","",NA,"2024-01-24T21:14:05Z","Clicknews2023","UCquU3BiGE37xcYbzqnrAaiw","22","PT9S","8605","58","4",NA
"tO_H74hKGtU","#femminicidio","",NA,"2023-06-01T08:18:53Z","presidente Gueltzhy investigativo mondiale  👑 ","UCMVI7jT0qnL-uD2eXDtUIiw","22","PT16S","10","0","12",NA
"TLHalXpt3eM","Il futuro che non c’è più. #Femminicidio#ViolenzaSulleDonne#RicordoDoloroso#IlSaggioDaBar","",NA,"2025-04-08T05:00:21Z","Ilsaggiodabar","UCeGF8-GK-H0fhWpaCcPQujQ","22","PT54S","734","8","0","it"
"s0p4Dv2e_GA","Femminicidio di Sara Campanella: le ultime novità sull'omicidio di Messina","Femminicidio di Sara Campanella: le ultime novità sull'omicidio di Messina
#SaraCampanella #Femminicidio #Messina #StefanoArgentino #Autopsia #Coltellate #OmicidioSaraCampanella #ViolenzaDiGenere #LuttoCittadino #Misilmeri #CronacaItaliana #UltimeNotizieNotizie
Flash è il tuo nuovo punto di riferimento per restare sempre aggiornato sulle ultime notizie, cronaca, attualità, gossip, TV, curiosità dal web e molto altro. Ogni giorno pubblichiamo contenuti rapidi, chiari e sempre aggiornati, pensati per chi vuole sapere tutto, in poco tempo.

Segui il nostro canale per non perderti nemmeno una news del giorno, con video che trattano di eventi in tempo reale, personaggi famosi, scandali, fatti di cronaca e tendenze del momento.

Iscriviti ora e attiva la campanella per ricevere ogni giorno le flash news che contano davvero!

#notizieflash  #UltimeNotizie #NewsDelGiorno #Cronaca #Attualità #Gossip #Televisione #Curiosità #NewsItalia #BreakingNews #FattiDelGiorno #NotizieInTempoReale #Aggiornamenti #ViralNews #NewsFlash #NewsOggi #Tendenze #PersonaggiFamosi #Scandali #TvItaliana #InformazioneOnline #VideoNews #FlashNews #NotizieItaliane #News24 #Notizie #CronacaNera #News #SaraCampanella #Femminicidio #Messina #StefanoArgentino #Autopsia #Coltellate #OmicidioSaraCampanella #ViolenzaDiGenere #LuttoCittadino #Misilmeri #CronacaItaliana #UltimeNotizie","notizie;notizia;cronaca;notizie oggi;ultime notizie;morto;morta;cronaca italiana;notizie italia;news;canale notizie;notizie italiane;Notizie Flash;News Del Giorno;Breaking News;Fatti Del Giorno;Notizie In Tempo Reale;Aggiornamenti;Viral News;News Flash;News Oggi;Personaggi Famosi;Scandali;Tv Italiana;Informazione Online;Video News;Flash News;News24;sara campanella;femminicidio;messina;stefano argentino;autopsia;coltellate;omicidio;violenza di genere","2025-04-05T21:56:58Z","Notizie","UCqwX-SHoo9ZL2EkxlHuoGPA","24","PT1M33S","594","6","0","it"
"EKiV1ThBgUI","Femminicidio  Un problema radicato nel patriarcato #shorts","#femminicidio #violenzadigenere #intelligenzaartificiale #prevenzione #paritàdigenere #dirittiumani #eticadellia #femminismo #cambiamentosociale #giustiziasociale #shorts","femminicidio;violenza di genere;intelligenza artificiale;prevenzione;cambiamento sociale;parità di genere;diritti umani;etica dell'IA;rivoluzione culturale;femminismo;privilegio maschile;emancipazione femminile;cambiamento della società;violenza domestica;tecnologia ed etica;shorts","2024-10-30T19:00:06Z","Tra bit e maschere","UC2mPFOSL9sMUNk-Su7nKQLw","10","PT43S","2","0","0","it"
"8lyZo0gFjbc","Femminicidio Settala, vicina: ""Batteva sulla porta, se avessi aperto non so cosa sarebbe successo""","(LaPresse) ""Alle 23.30 dormivo, mi hanno suonato alla porta, erano i carabinieri. Mi hanno chiesto se avevo un bimba e avessi bisogno di aiuto e gli ho detto che forse era la mia vicina. Nel mentre lui mi ha bussato alla parete gridando. I carabinieri sono scesi e lui ha iniziato a battermi alla porta. Ho richiamato i carabinieri e mi hanno detto si chiuda dentro, stia tranquilla che stiamo lavorando"". Così a LaPresse Emanuela Collini, dirimpettaia della donna uccisa nella notte a Settala, nel milanese, dal marito. A chiamare i soccorsi infatti era stata la bimba di 10 anni della coppia. L'uomo era ubriaco? ""Penso di sì. Lui una volta si è tagliato e mi ha imbrattato tutta la porta e i muri della scala ma in quel periodo non c'erano moglie e figlia. Ho dovuto fargli un esposto in caserma"", aggiunge la donna. ""Fino a stamattina che ho chiamato la mia vicina non sapevo"". ""Se non fossero arrivati i carabinieri prima da me io forse gli avrei aperto, e chissà cosa sarebbe successo"".

https://www.lapresse.it/cronaca/2025/05/04/femminicidio-settala-la-vicina-mi-batteva-sulla-porta-se-avessi-aperto-non-so-cosa-sarebbe-successo/",NA,"2025-05-04T10:44:14Z","LaPresse","UCMwOhuEDeakfH5ZwS_1C87A","25","PT1M57S","123","1","0","it"
"5Qyf3dAGleE","Mostri non si nasce. Mostri si diventa Vi spiego perché.  #femminicidio #prevenzione","",NA,"2025-04-07T17:01:09Z","Isabell Ndjeme","UCs1QB06P7feSxVYrnlFLM9g","10","PT55S","1727","3","0",NA
"6h4OpB01X7M","Femminicidio e morti bianche #femminicidio #emergenza #capitalismo","Il femminicidio uccide più o meno del Lavoro in Italia?
Beh sicuramente se ci occupiamo così tanto del femminicidio e così poco dei morti sul lavoro una ragione ci sarà... o no?",NA,"2024-11-17T11:04:14Z","Progetto Razzia","UCSyblZr5mZV4h3Vha12HROA","25","PT25S","6557","348","57","it"
"-QFUscQwOvU","AI come alleata nella prevenzione del femminicidio #shorts","#femminicidio #violenzadigenere #intelligenzaartificiale #prevenzione #paritàdigenere #dirittiumani #eticadellia #femminismo #cambiamentosociale #giustiziasociale #shorts","femminicidio;violenza di genere;intelligenza artificiale;prevenzione;cambiamento sociale;parità di genere;diritti umani;etica dell'IA;rivoluzione culturale;femminismo;privilegio maschile;emancipazione femminile;cambiamento della società;violenza domestica;tecnologia ed etica;shorts","2024-10-30T17:30:00Z","Tra bit e maschere","UC2mPFOSL9sMUNk-Su7nKQLw","10","PT35S","415","4","0","it"
"sIPIL4E7mU8","Il femminicidio di Dominique Dunne: La verità nascosta#Femminicidio#DominiqueDunne#CriminiReali","",NA,"2024-10-17T09:38:37Z","STORIE DI CRIMINE E MISTERO ","UCKb6STisG0Ny9tNMksaMHMA","24","PT58S","570","10","0",NA
"7Qgg917ihOA","Il femminicidio a Prato di Correggio","Scopri i dettagli scioccanti di un femminicidio a Prato di Correggio, dove Peter Pancaldi ha confessato di aver ucciso Daniela Coman per motivi legati alla manipolazione e alla dipendenza economica.

Se non l'hai ancora fatto, iscriviti al canale e attiva le notifiche cliccando sulla campanella 🔔. Così sarai sempre aggiornato sui nostri nuovi contenuti!","Daniela Coman;Peter Pancaldi;Prato di Correggio;Reggio Emilia;Valentina Salvi;crimine;dipendenza economica;femminicidio;manipolazione;omicidio premeditato;tragedia;violenza di genere","2025-05-16T10:56:38Z","Italia Notizie","UCVKgXKOwznV_NJXzjoak4GQ","25","PT1M33S","29","0","0",NA
"FTxAU7FT2_c","FEMMINICIDIO AFRAGOLA: l’opinione di Anna Maria Giannini","Il terribile femminicidio di Afragola ci pone di fronte a riflessioni molto serie. La mia opinione in questo podcast",NA,"2025-05-29T13:00:45Z","Cronaca Nera | Anna Maria Giannini","UC_ct8gA12A2qLwp6WnAkf-A","22","PT4M46S","5","0","0",NA
"sYU2VjAwvUw","Diana De Marchi #partitodemocratico sul protocollo in prefettura per orfani vittime femminicidio","Diana De Marchi del Partito Democratico interviene in Consiglio Comunale Milano nella giornata mondiale contro la violenza sulle donne.
In Prefettura firmato protocollo per creare rete di sostegno per orfani e orfane delle vittime di femminicidio.

#partitodemocratico #milano #diritticivili #dianademarchipd","ospiti dritto e rovescio;diana de marchi consiglio comunale milano;mozione de marchi parità di genere;regina dei maranza de marchi gasparri;consiglio comunale in diretta;ospiti dritto e rovescio ieri sera;capezzone a dritto e rovescio;confronto sardone de marchi;diritti delle donne consiglio comunale;proposta fibromialgia come livello di Lea;consiglio comunale milano giovanati;silvia sardone in Consiglio comunale;parole ministro valditara su immigrati e femminicidi","2024-11-25T17:40:37Z","Diana De Marchi","UCCUVRkjf1Vd2SicTN1DN8xQ","25","PT1M","444","9","0","it"
"hsEKo4KtLD0","Epis.2 Gabby Petito: i segnali ignorati   #truecrime #mystery #shorts #femminicidio","Dopo  la lite in strada con Brian Laundrie, la polizia ferma la coppia. Gabby è in lacrime, ma viene descritta come “l’aggressore”. 

Vengono separati per una notte… e poi tutto riprende come prima. 

Ma cosa sarebbe successo se quel giorno qualcuno avesse davvero ascoltato Gabby?

Eventuali foto/video inseriti nel video sono presenti a puro scopo informativo/intrattenimento.

#GabbyPetito #TrueCrimeItalia #MisteriReali #ColdCase #CriminiReali #StoriaVera #GabbyEBrian #ShortCrime #BrividiVeri #GialliIrrisolti #shorts
#shortsvideo
#video",NA,"2025-05-12T18:27:12Z","The Dark Soul Mystery","UCNcTtj9JwiBIkyNf7xYRUuw","1","PT24S","309","2",NA,NA
"zkZbpFKYGw4","Sara Campanella: il Femminicidio di Messina + Andrea Sempio e l'Incidente Probatorio | Notizie","Nel TG Crime di oggi parleremo del terribile femminicidio consumatosi a Messina, dove è stata u*cisa una studentessa di 22 anni, Sara Campanella, da un compagno di corso, Stefano Argentino, 27 anni, ossessionato da lei. Sara da due anni rifiutava le sue avances. Era diventato uno stalker, e, all’ennesimo rifiuto di Sara, l’ha uccisa in mezzo alla strada. 
Poi, vi aggiornerò sulle novità sul delitto di Garlasco: via all’incidente probatorio per confrontare il DNA di Andrea Sempio con quello ritrovato sotto/sopra/nelle unghie di Chiara Poggi e a quello che eventualmente si troverà sui reperti “sopravvissuti” dell’epoca.

Se volete partecipare alle live e discutere dei casi insieme a me, vi aspetto su https://www.twitch.tv/bugalalla

Per info e collaborazioni: Press@twitch-crime.com

Abbonati a questo canale per accedere ai vantaggi:
https://www.youtube.com/channel/UCPc806nmf91jkptTvXFvpkg/join

Se non sai come funziona Twitch: http://bit.ly/AbbonarsiBuga

Per indagare sulla mia vita: https://www.instagram.com/bugalalla/

Per il gruppo Telegram: http://bit.ly/GruppoTelegramBuga

#bugalalla #notizie #cronaca","bugalalla;labuga;buga;bugalla;bugalalla crime;bugalalla true crime;true crime;crime;tg crime;cronaca italiana;notizie;chi l'ha visto;quarto grado;twitch crime;intervista;documentario;Francesca bugamelli;psicologia;twitch;sara;campanella;femminicidio;messina;stalker;stefano;argentino;incel;adolescence;crepaldi;università;campanelle;chi era;movente;instagram;fidanzato;andrea;sempio;garlasco;dna;incidente;probatorio;chiara;poggi;pista;esoterica;gemelle;cappa;stefania;bruzzone","2025-04-02T11:01:21Z","Bugalalla Crime","UCPc806nmf91jkptTvXFvpkg","25","PT1H5M43S","57197","2441","475","it"
"Eb1L-vl4Bqg","Morti di serie A e morti di serie B. #femminicidio","",NA,"2023-12-06T11:50:48Z","Morena Vagnoni - Expat Mentor","UCCin5VrBhXOQAqHIP74rHdQ","22","PT44S","523","7","2",NA
"_XcjXirhGis","Non chiamatelo femminicidio - La Zanzara 29.5.2025","Ad Afragola la 14enne Martina Carbonaro è stata massacrata dall'ex fidanzato 18enne Alessio Tucci. 
Cruciani: è un omicidio, nasce dal fatto che lui non voleva perderla e dal fatto che c'è un istinto omicida che può esserci in qualsiasi persona; che c'entra il dare una categoria, chiamarlo femminicidio? 
Il giorno dopo precisa: ""chi dice che ho giustificato qualcosa lo porto in tribunale; io li chiamo omicidi, così li chiamo, perché anche ai genitori della vittima non interessa come etichettare il fatto, interessa solo che il colpevole sia mandato in galera e ci resti per tutto il tempo che la giustizia ha deciso, e sarà comunque troppo poco"".
""Avviso per i naviganti: io non giustifico nulla, non ci sarà mai una parola del sottoscritto a giustificare qualche cosa. Io ho detto che li chiamo omicidi e non per questo sono meno gravi, e respingo il fatto di chiamarli femminicidi"". 

👉 Si veda, dalla puntata del giorno dopo: 
Delitto di Afragola, Cruciani non arretra: si dice omicidio - La Zanzara 30.5.2025 
https://youtu.be/Y8_-EIWRYbg 

00:00 copertina del 28 maggio 
01:14 copertina del 29 maggio 
05:40 da Roma David Parenzo 
07:47 audio di Massimo Cacciari su Trump e femminicidio 
09:14 il governo vuole creare il reato di femminicidio ma dei giuristi si oppongono 
10:22 audio Beppe Severgnini: i papà dei maschi non insegnano rispetto 
13:06 Silvia da Cagliari ha fatto il compito su Cruciani 
14:21 Matteo da Parma, statistiche 
15:28 Giuseppe da Messina: in Italia manca la giustizia 
16:42 le dichiarazioni del padre di Alessio Tucci 
18:080 Francesco dalla provincia di Matera (Geco supporto microfono baracchino) 
19:29 Cruciani è d'accordo con mamma Enza 
21:20 Michele da Foggia, numeri alla mano: Parenzo fatti un giro sul sito dell'Istat 
 
👉 La playlist su femminismo e lotta al patriarcato: 
https://www.youtube.com/watch?v=2jPK_ZKiv2I&list=PL1BvX4ovy-1LKu6WXOR59bLLpLhVHmjeN 

Dalla diretta video de #LaZanzara (Radio 24) del 28 e 29 maggio 2025
#GiuseppeCruciani #DavidParenzo 

✍️ I commenti offensivi o volgari comportano il ban immediato.","la zanzara;giuseppe cruciani;david parenzo;radio 24","2025-05-30T15:10:23Z","I Bellissimi di Zanzara Republic","UCjcLbIrswlBzKIeG3KiEAwg","24","PT25M21S","3801","111","41","it"
"5ONGzsnAuGU","Stalking e Legge: Come Proteggersi dal Femminicidio","Scopri come la nuova legge sul codice rosso aiuta a contrastare il fenomeno dello stalking. Approfondiamo le misure legali per garantire la sicurezza delle vittime e prevenire i casi di femminicidio. La protezione è un diritto! #Stalking #CodiceRosso #Femminicidio #ProtezioneDonne #Sicurezza #LeggiItaliane #Giustizia #VittimeDiStalking #DirittiUmani #AmoreSano",NA,"2024-09-16T15:36:42Z","Superclips","UCVdO1yqfK3j48BY35Vz1Rug","22","PT33S","26","2","2",NA
"0Ik1-abP0vo","Femminicidio Ilaria Sula, marea viola invade La Sapienza: “Ci vogliamo vive” #shorts","",NA,"2025-04-03T17:31:50Z","alanews","UCA97hGD0SHQNIvXK8aEpxrw","25","PT1M13S","2272","16","1","it"
"qjJ-idEUyBs","La historia del caso de VALENTINA TRESPALACIOS llegará a una película","El caso de Valentina Trespalacios, mujer que fue víctima de feminicidio en Bogotá, tendrá una película en 2026. Detalles en este video. semana.com

#Semana #Colombia #RevistaSemana #Noticias #Periodismo #SemanaTV #ÚltimasNoticias #NoticiasInternacionales #Documentales #Entrevistas #Política #Opinion

º Suscríbase a Semana TV en YouTube  https://bit.ly/2Smoy8T  
º Active la campana ""🔔 "" para recibir notificaciones
º Suscríbase a nuestra revista en https://store.semana.com/
º Últimas Noticias: https://www.semana.com
º Facebook: https://www.facebook.com/RevistaSemana 
º Twitter: https://x.com/RevistaSemana","Valentina Trespalacios","2025-05-23T19:37:43Z","RevistaSemana","UC4oQAvXFuNlKivYjUynQKTA","25","PT55S","67382","1677","101","es-419"
"RI0a8iVox7c","Femminicidio Settala, il sindaco: ""Famiglia già seguita dai servizi sociali”","“Era una situazione nota, la famiglia era attenzionata, i nostri servizi sociali erano allertati da tempo, la situazione era sotto controllo”. Così il sindaco di Settala, Massimo Giordano, intervenuto davanti alla casa dove ieri sera si è consumato il femminicidio di una donna di 43 anni, uccisa a coltellate dal marito 50enne davanti alla figlia di 10 anni. “Tutte le procedure di controllo e assistenza erano state attivate, e io nello specifico non posso entrare nei dettagli”, ha dichiarato il primo cittadino, sottolineando che l’attenzione dei servizi era continua. “Quello che preme a me dirvi adesso è che so che c’è un minore che è stato protetto nell’immediato e i nostri servizi sono già attivi per il proseguo delle vicende che riguardano la figlia minorenne, che è quello che in questo momento ci sta più a cuore”. “Questo è il momento del cordoglio. Non ci sono parole per definire questo femminicidio, l’ennesimo”, ha proseguito Giordano che ha difeso l’operato del Comune: “Ritengo che tutto quello che la nostra amministrazione ha fatto fosse perfettamente secondo le procedure e che oltre non si poteva andare”. Secondo quanto riferito, i servizi sociali avevano incontrato la donna recentemente e non risultavano problematiche aperte sui minori: “Mi è parso di capire che la situazione non fosse conflittuale. La bambina non aveva bisogno di aiuto da parte dei servizi, la madre era perfettamente in grado di seguirla”. 

https://www.lapresse.it/cronaca/2025/05/04/femminicidio-settala-il-sindaco-situazione-nota-famiglia-seguita-dai-servizi-sociali/",NA,"2025-05-04T10:48:20Z","LaPresse","UCMwOhuEDeakfH5ZwS_1C87A","25","PT2M33S","39","0","0","it"
"uc_ZNX6mJRs","Sara uccisa in strada a Messina, pedinata e poi accoltellata. Ennesimo femminicidio.","Diana De Marchi, consigliera comunale del Partito Democratico e Presidente della Commissione Pari opportunità e diritti civili ospite di Sabrina Scampini a Rete 4 nel talk show pomeridiano TG4 DIARIO DEL GIORNO. 

Spesso ospite di programmi Mediaset come Dritto e Rovescio e Mattino 5, Diana De Marchi è esponente del PD lombardo e insegnante, ruolo che le permette di parlare con cognizione di causa di tutti quei temi che riguardano scuola, condizione dei giovani e istruzione nel nostro paese.",NA,"2025-04-01T17:23:18Z","Diana De Marchi","UCCUVRkjf1Vd2SicTN1DN8xQ","25","PT1M46S","1444","1","0","it"
"6QEIkXVeycI","#FilippoTuretta #SentenzaTuretta #GiuliaCecchettin #Femminicidio #GiustiziaPerGiulia #notizie","",NA,"2024-12-03T15:21:21Z","Symo_news","UCGUs7jT4bFAFePxpP09F77w","22","PT50S","83","0","0",NA
"7lT-Su5eIhM","Femminicidio #femminicidio#cronaca#cronacaitalia#stopviolenzasulledonne","",NA,"2025-04-04T09:16:12Z","Maurizio Padulano","UCWrsdP5d3X3HJOVLzBcXq-A","19","PT1M","1191","25","1",NA
"yKg0PxJAggg","Femminicidio 2: Consigli per le vittime","Un secondo momento di riflessione sul femminicidio, teso ad evitare per quanto possibile l'irreparabile",NA,"2024-12-14T09:42:26Z","Mauro Idone","UCYpwDREs2TX1crwbZd65ySw","22","PT8M17S","24","6","1",NA
"M9XhxdVh0Hw","Impagnatiello, narcisista smascherato la verità sulla  fine di Giulia Tramontano. #femminicidio","",NA,"2024-10-16T15:08:40Z","occhiosullitalia","UCAYGUSkr3-CKP7mUtvhARMw","22","PT55S","44","2","0",NA
"5aS17QtMXMY","#cronaca #italiaoggi #violenza #sicurezza #femminicidio  #borseggio #polizia #carabinieri #attualità","",NA,"2025-05-23T16:43:45Z","Happytank108","UCsgSlReixAdMDKqKTiFpSLg","1","PT47S","1398","15","0","it"
"NdikYkPwbQ4","Altro #femminicidio fermato un minorenne #news #shorts","",NA,"2024-09-27T11:53:54Z","Live.s.91 Riserva","UCwcJXF9HOVwAE660DU7zRxA","25","PT30S","297","1","0",NA
"NENRGc6zxYI","STOP#femminicidiostop #femminicidio #lasognatriceinconscia #motivazionale #stop","",NA,"2025-04-04T07:36:40Z","Lasognatriceinconscia","UCdWf-T7pXqRxSGsf1UHBdow","22","PT22S","1609","20","1",NA
"k3T2CvcQDgI","#mondo#donna#femminicidio","",NA,"2023-08-14T10:42:52Z","presidente Gueltzhy investigativo mondiale  👑 ","UCMVI7jT0qnL-uD2eXDtUIiw","22","PT16S","42","1","3",NA
"ibnQFNNoc1E","La #gelosia ti uccide - #prevenzione #noallaviolenza #femminicidio","#Prevenire significa anche informare e consapevolizzare chiunque che la gelosia non è amore, ma è il primo segnale di allarme di una disfunzione emotiva e relazionale, in modo tale che certe relazioni non vengano nemmeno intraprese o interrotte appena vi è un primo segnale. Perché esso arriva subito e se si prova disagio o sofferenza, non è un amore sano. 

1. 4 gennaio'23: #GiuliaDonato, 23enne, vittima della #gelosiamorbosa dell'ex
2. 13 gennaio'23: #MartinaScialdone, 34enne, uccisa dall'ex per ""motivi di gelosia""
3. 1 febbraio'23: #YanaMalayko, 23enne, uccisa dall'ex geloso della sua nuova relazione
4. 10 marzo'23: #MariaFebroniaButtò, 61enne, vittima della gelosia del marito
5. 30 marzo'23: #ZenepeUruci, 62enne, vittima della gelosia ossessiva del compagno 
6. 6 maggio'23: #DanjelaNeza, 28enne, uccisa dal fidanzato col movente della gelosia
7. 7 maggio'23: #JessicaMalaj, 16ennie, uccisa dal padre che la molestava, insieme a Massimo De Santis presunto amante della moglie, di cui era morbosamente geloso, anche lei vittima di tentato omicidio, 
8. 1 giugno'23:  #PierpaolaRomano, 58enne, poliziotta uccisa dall'ex possessivo e geloso 
9. 8 giugno'23: #MariaBrigidaPesacane, 24enne, ammazzata dal suocero, ossessionato e geloso di lei 
10. 28 giugno'23: #MariaMichelleCauso, 17 anni, il movente sembrerebbe la gelosia e un “amore non corrisposto”
11. 28 luglio'23: #AngelaGioiello, 38enne, uccisa dalla #gelosiaossessiva del marito
12. 29 luglio'23: #SofiaCastelli, 20enne,  uccisa nel sonno per gelosia, dall'ex  
13. 13 agosto'23: #CelineFreiMatzohl, 21enne , uccisa dalla gelosia ossessiva dell'ex che la pedinava da tempo
14. 17 agosto'23: #Anna Scala, 56enne, uccisa dall'ex compagno geloso
15. 6 settembre '23: #MarisaLeo, 39enne, vittima dell'ex che non accettava la fine della relazione. ""Geloso, egocentrico"" dice la perizia sullo stesso
16. 20 settembre'23: #MariaRosaTroisi, 38enne, uccisa a coltellate dal marito al culmine di un violentissimo litigio per motivi di gelosia
17. 21 settembre'23: #LilianaCojita, 56enne, ossessiva la gelosia del suo compagno assassino
18. 25 settembre'23: #AnnaElisaFontana, 48enne, sembra che alla base della lite che ha scatenato la furia omicida ci siano motivi di gelosia del marito
19. 28 settembre'23: #KlodianaVefa, 35enne, uccisa dall'ex marito con cui aveva continui dissidi per gelosia
20. 28 ottobre'23: #AnnalisaD'Auria, 32enne, gelosia ossessiva  alla base del femminicidio 
21. 29 ottobre'23: #EtlevaKanolja, 32enne, vittima «del marito e dei suoi malati episodi di gelosia»
22. 18 novembre'23: #Giuliacecchettin, 22enne, vittima della gelosia e morbosità dell'ex ragazzo

Approfondimenti:
- PROFILO di chi fa violenza https://problemi-di-coppia.blogspot.com/2023/03/profilo-di-chi-fa-violenza-psicologica.html
- SEGNALI di allarme https://problemi-di-coppia.blogspot.com/2022/12/violenza-segnali-di-allarme.html
- CAUSE reali e progetto di prevenzione https://problemi-di-coppia.blogspot.com/2021/11/prevenire-la-violenza-sulle-donne-con.html


#prevenzione #intelligenzaemotivainazione #stopviolence #prevention #noallaviolenzasulledonne #noallaviolenzasulledonne #angelaflammini #femminicidio #shorts #shortvideo #short","angela flammini;no alla violenza;prevenzione;femminicidio","2023-11-19T13:27:02Z","Dr. Angela Flammini","UC2MRB72L6XJm01To5Cnoguw","28","PT1M","137","6","0","it"
"l2aBPv1rZho","A Radio IN 102 “GLITTER PEOPLE“ si parla del Saggio “Femminicidio e Narcisismo Patologico ...”","A Radio IN 102 “GLITTER PEOPLE“ si parla del Saggio “Femminicidio e Narcisismo Patologico: quale correlazione e come prevenire relazioni pericolose” 

GLITTER PEOPLE | Puntata del 29/11/2023
Venerdì 29 dicembre, ultima puntata del 2023 di #GlitterPeople, il salotto radio visivo che racconta i siciliani che brillano, condotto dalla speaker Sara Priolo e dalla direttrice della rivista Glitter Sicilia, Milvia Averna.
In onda dalle ore 11:00 alle 13:00 in diretta su 102 FM e sulla pagina Facebook di Radio In, dove sarà visibile anche on demand. In regia Marco Perlongo.
LO SPECIALE ULTIMO DELL'ANNO DEDICATO ALLE DONNE E ALL'AMORE CHE FA MALE. GLI OSPITI:
Andrea Giostra (psicologo, criminologo, scrittore) e Rosa Maria Sciortino (avvocato)

LINK DELLA CARTELLA GOOGLE DRIVE “Femminicidio e Narcisismo Patologico”, DALLA QUALE SCARICARE GRATUITAMENTE IL PDF DEL SAGGIO CON CODICE ISBN REGISTRATO:
https://drive.google.com/drive/folders/198XV2HVPsgJjklPANR1TJMQmgn-7FKmk?usp=sharing 

LINK DI GOOGLE BLOGSPOT DAL QUALE LEGGERE GRATUITAMENTE IN DIGITALE IL SAGGIO:
https://andreagiostrafilm.blogspot.com/2023/12/FemminicidioeNarcisismoPatologico.html 

INFO:
GLITTER PEOPLE
redazione@glittersicilia.it
https://www.facebook.com/glittersicilia 
https://www.glittersicilia.it/

Radio in 102:
http://www.radioin102.it/ 
https://www.facebook.com/watch/radioinofficial/ 
+39 091 682 9414
info@radioin102.it 

FONTE: GLITTER PEOPLE – Puntata del 29-12-2023:
https://www.facebook.com/glittersicilia/videos/278558741873346 
Post di lancio:
https://www.facebook.com/watch/live/?extid=NS-UNK-UNK-UNK-IOS_GK0T-GK1C&mibextid=WC7FNe&ref=watch_permalink&v=811119130819451","GLITTER PEOPLE;Femminicidio;Narcisismo Patologico;Sara Priolo;Milvia Averna;Rosa Maria Sciortino;Andrea Giostra;Marco Perlongo;Radio in 102","2023-12-29T22:25:49Z","Andrea Giostra FILM","UCJvCBdZmn_o9bWQA1IuD0Pg","24","PT16M50S","49","5","0","it"
"uNN5tOc2Eo8","R.I.P. Giulia Cecchettin #femminicidio #violenzasulledonne #stopviolence #giuliacecchettin #virale","",NA,"2023-11-19T08:59:01Z","Servizio Ambulanze Croce Amica Gaeta","UC6cJpY_Hh1ns_icfvOU8RSw","22","PT18S","1441","60","4",NA
"ph8-o5QxeH8","#femminicidio","",NA,"2024-05-08T15:33:03Z","Presidente Gueltzhy 👑 investigazione mondiale pag2","UC_TeSoWk9QuUGsb7p2uWEFg","22","PT1M","4","0","3",NA
"wik0hX8SEww","Il femminicidio di Martina Carbonaro è atroce 💔","Femminicidio di Martina Carbonaro ad Afragola. 💔 #femminicidio #stopomofobia #lgbt",NA,"2025-05-29T16:01:23Z","Ludarks","UCEFc4N01ko7blGhpvCAmaZg","22","PT2M59S","965","24","2",NA
"surScbyE4dc","LIVE Femminicidio di Sara Campanella, la camera ardente a Misilmeri (Palermo): diretta video","COPYRIGHT (Contact licensing@localteam.it for usage/license info or visit https://www.localteam.it)

Iscriviti su YouTube: https://bit.ly/2XaDrLZ

Facebook: https://www.facebook.com/localteam.it
Instagram: https://www.instagram.com/localteam.it

X: https://x.com/localteamit
TikTok: https://www.tiktok.com/@local.team

#LocalTeam",NA,"2025-04-06T10:51:45Z","Local Team","UCb06zgE7f5ItdRI5WEXT1AQ","25","PT2H10M35S","28808","254","100","it"
"d6uPClOmWws","#giuliacecchettin #italy #femminicidio #donne #uomini #shorts","",NA,"2023-12-06T16:21:43Z","V for Verity","UCK39jZNno4uqPZsBHcsgHig","22","PT26S","2500","66","2",NA
"qOsECpqqBC8","NUOVA LEGGE Contro il FEMMINICIDIO in BRASILE: Un PASSO STORICO! 🇧🇷 #brasile","Il presidente Lula ha firmato una legge storica che prevede pene fino a 40 anni di carcere per il femminicidio. Questa nuova normativa riconosce il femminicidio come reato specifico e inasprisce le pene per minacce e violenze di genere. Un passo decisivo nella lotta contro la violenza di genere: chi commette tali reati sarà escluso dalle cariche pubbliche. Scopri tutti i dettagli e l'importanza di questa legge nel nostro video.

👍 Se ti è piaciuto il video, ricordati di lasciare un like e condividilo con i tuoi amici.

#Lula #Femminicidio #ViolenzadiGenere #LeggeStorica #Giustizia #Notizie","Nuova Legge Contro il Femminicidio in Brasile: Un Passo Storico;Nuova Legge Contro il Femminicidio in Brasile;Un Passo Storico;Legge Brasile;nuova Legge Brasile;Brasile;Lorenzo Barbantini;Barbantini Lorenzo;Lorenzo;Barbantini","2024-10-31T07:23:38Z","Lorenzo Barbantini","UCiBpJLiRRYhHXE8MkUCmMXw","24","PT1M1S","447","10","0","it"
"J91beA9WyCU","#femminicidio #prefetto #francesco #messina","",NA,"2023-11-27T05:53:12Z","Fifo&Fafi","UCu4VFRjoa0CaqvpJO2OhrAA","25","PT1M","339","12","0","it"
"hbCrKqXkxdM","#giuliacecchettin#stopviolence#femminicidio#parliamone#no#indifference","",NA,"2023-11-20T21:59:30Z","Memento Mori Real","UCcMrAGdN6gponiTqf_W8jkw","22","PT32S","4","2","0",NA
"_lf-6oJyIfE","Femminicidio di Eleonora Guidi”. #crime #crimeaphoto #criminalistica #criminal #criminalminds","",NA,"2025-02-08T20:15:50Z","Misteri mortali","UCORvFGu275LUjqTTkjF1bMw","1","PT1M13S","428","9","0","it"
"Gr6vLcf1JfI","LA NUOVA LEGGE SUL FEMMINICIDIO È INUTILE E IO TI SPIEGO IL PERCHÈ","#donna #donne #8marzo #reaction #perchè #legge #ddl #2025 #reato #creator",NA,"2025-03-14T13:00:31Z","Martina Mencucci","UCipVVLJLnDakAzge-wUAeSw","24","PT38S","1159","68","2","it"
"ztVLUduFgi4","CASO DI FEMMINICIDIO: TAGLIA LA TESTA ALLA FIDANZATA E POI FA A PEZZI IL CORPO","CASO DI FEMMINICIDIO: TAGLIA LA TESTA ALLA FIDANZATA E POI FA A PEZZI IL CORPO

L'11 gennaio 2023, a Magnolia, Texas, Jared James Dicus ha brutalmente ucciso la moglie Anggy Diaz, decapitandola e smembrandone il corpo. La testa è stata ritrovata nella doccia della casa dei genitori di lui. I due si erano sposati solo tre mesi prima. Dicus ha confessato l'omicidio ed è stato condannato a 40 anni di carcere senza possibilità di libertà vigilata fino al 2043. 

In questo video analizziamo i dettagli di questo efferato femminicidio, le dinamiche della relazione e le conseguenze legali.

🔔 Iscriviti al canale per restare aggiornato sulle ultime notizie di cronaca.

#Femminicidio #Texas #CronacaNera #PuntoCronaca

⛔️ Disclaimer:

Non siamo una testata giornalistica. Siamo una voce indipendente che crede nel potere della conoscenza. I contenuti presenti su questo canale hanno finalità divulgative, di commento e di ricostruzione narrativa di fatti di interesse pubblico.
Eventuali immagini di persone o luoghi riconoscibili sono utilizzate nel rispetto dell'Art. 97 della Legge sul Diritto d'Autore, che ne consente l’uso senza consenso in caso di necessità di giustizia, di ordine pubblico, di scopi scientifici, didattici o culturali, e quando l’utilizzo è legato a fatti, avvenimenti o cerimonie di interesse pubblico o svoltisi in pubblico.","cronaca;cronaca nera;notizie vere;attualità;fatti di cronaca;casi di cronaca;storie vere;inchieste;ricostruzioni;casi italiani;eventi reali;analisi dei fatti;cronaca oggi;news italiane;telegiornale;informazioni quotidiane;novità del giorno;cosa è successo oggi;notizie del giorno;giornale online;notizie gossip;oggi gossip;punto cronaca;notizie oggi;tg;tg web;news mondo;la7;notizie di oggi;ultime notizie di oggi;novità oggi;notizie;notizie novità","2025-05-03T16:01:21Z","Punto Cronaca","UCL_MZphJeOXzD6APu6_Yvpg","25","PT1M29S","1","0","0","it"
"l0GfhENRoX4","FEMMINICIDIO. #iscriviti","",NA,"2025-03-08T11:55:07Z","Avvocato Sorrentino PENALISTA ","UCq9zfl-V4SXrzK6a4nMiJzg","22","PT49S","212","3","0",NA
"Ly2QmFgXfMs","🔥CASO LILIANA RESINOVICH È STATO UN FEMMINICIDIO! LA CONFESSIONE SHOCK DI SERGIO CONTRO SEBASTIANO!","If you feel good, please support the author by subscribing to our channel to track the next video.
Thanks for watching the clip! Please subscribe to the channel to support me. Thank you
#gentefamosa #POLITICA #notizia",NA,"2025-05-12T11:30:25Z","사마TV","UC7NBylxBlRxD70AKtWcHwKg","24","PT12M30S","3","0","0",NA
"VoudnJXjt8Y","questo riguarda alla violenza sulle donne #giuliacecchettin #violenzasulledonne #femminicidio","",NA,"2023-11-22T19:05:26Z","IloveR","UCyPc67gwMaBQ-FZWLnwF-Cg","22","PT1M1S","25","4","2",NA
"XqnucUETLfM","MICHELLE HUNZIKER ROMPE IL SILENZIO SU GIULIA TRAMONTANO #giuliatramontano #femminicidio #michelle","",NA,"2023-06-03T12:06:49Z","FlashTV®","UCFrVZVhU4por60SK6qpvSRg","25","PT1M1S","129315","2927","116",NA
"9aFnD0JBED0","Impatto della cultura sul femminicidio,una riflessione necessaria","#shorts #politica #politics #cruciani #opinionesyri #femminicidio","war;ukraine;warinukraine;russia;russianarmy;usa;military;fyp;russianwarinukraine;europe;footage;slavaukraini","2023-12-17T15:01:33Z","PoliticaeInformazioneH24","UCJJibbLP6ez7VqPZIDICzNg","25","PT49S","356","4","3","en-GB"
"zdD61hGE_xA","Femminicidio Elisa Amato, il Tar dà l'ok alla creazione di una fondazione in memoria dell'assassino","Quotidiano - https://www.lidentita.it
Facebook - https://www.facebook.com/LidentitaQuotidiano
Instagram - https://www.instagram.com/lidentita_/
Twitter - https://twitter.com/lidentita","Quotidiano;video;politica;eonomia;esteri;news;notizie;flash;breaking news;l'identità","2025-05-13T15:00:43Z","L'Identità","UCHa5ubTd8xdpuYTciDbazZA","25","PT33S","2351","13","0","it"
"WOMjXI_hCII","#femminicidio #giulia #nondevesuccedere #basta","",NA,"2023-11-19T08:31:49Z","digiorgidenis78","UCpLqs8EpldxwincmQX_fkFA","22","PT29S","8","1","0",NA
"mxaHRrzQQGY","Femminicidio a Samarate nel Varesotto @alessandro.corbelli @Shorts @news","17 aprile 2025
Il fatto è avvenuto intorno alle 18.45 di mercoledì in via San Giovanni Bosco, nel Varesotto. La vittima, Teresa Stabile, è morta poco dopo l'arrivo in ospedale. Arrestato Vincenzo Gerardi. La coppia, in fase di separazione, aveva due figli maggiorenni
@alessandro.corbelli @news @Shorts @ministerodellagiustizia8728 @EuropeanCourt 
#alessandrocorbelli #news #civiltàegiustizia #labambinavenduta #digitalnews24 #femminicidi","ultime notizie;news;femminicidio;Samarate;Alessandro Corbelli;civiltà e giustizia;La bambina venduta;violenza sulle donne;cronaca","2025-04-17T07:51:37Z","Alessandro Corbelli - Digital News 24","UC1mxkFLtwHxT6QIAzJbmmkw","25","PT21S","970","3","0","it"
"0D7vUSDRAOU","#femminicidio #patriarcato #violenzadigenere #podcast","#estratti dla #podcast ""DOC "" & PROF 
argomento il femminicidio e la #disinformazione sulle #notizie",NA,"2024-07-09T12:28:49Z","carmine palmentieri","UCGIb8I4CZT-wq-jyegm8w-g","25","PT38S","18","3","0",NA
"5haIn2JdGlc","NON CHIAMATELA INESPERIENZA. È FEMMINICIDIO. #femminicidio #morte #turetta #viralvideos","",NA,"2025-04-10T19:09:45Z","Pietro Labanca","UC027Ati8wSSaC_pDgzRpIKQ","20","PT56S","1082","25","3",NA
"fIUqF9g1XWM","25 novembre 2022 #violenzasulledonne#femminicidio#violenceagainstwomen#ToGetHerSafe🤍","",NA,"2022-11-26T13:49:41Z","Prjct Musa","UCSlDQM0yGogMgteVplC9rJw","22","PT1M1S","861","53","0",NA
"vh28FbQ5CKU","Omicidio di Giulia Cecchettin, Filippo Turetta #arrestato in #germania #femminicidio #shorts","Con il passare delle ore si fa sempre più chiaro il quadro emerso dopo il ritrovamento del corpo della ragazza in un burrone vicino al lago di Barcis, in provincia di Pordenone.


Iscriviti al CANALE per restare sempre aggiornato:
▸ https://www.youtube.com/channel/UCkYs4uXFlhayMk_y3uTIHsA

Seguici anche sui SOCIAL:
▸ Facebook: https://www.facebook.com/Notiziecom/

▸ Twitter:  @notiziecom1139  

▸ Instagram: https://www.instagram.com/notiziecom/",NA,"2023-11-19T14:29:14Z","NOTIZIE","UCkYs4uXFlhayMk_y3uTIHsA","25","PT53S","3084","71","5",NA
"2h9X4u9-2uU","Strage familiare Nuoro. #strage #omicidio#lasciatoindietro #femminicidio #letture #libri #leggere","",NA,"2024-09-25T13:49:26Z","Dino Tropea","UCO1Kf4klTrOKTrYoi7ivQSw","24","PT27S","153","7","0","en-GB"
"i48dfVGTvGY","#tiktok #tiktokvideo #tiktokviral #femminicidio","",NA,"2023-11-20T11:26:49Z","Sara","UChyHJAooyh1fKdPymYZfdhg","22","PT1M","69","3","0",NA
"QQOiSa6iFmM","True Crime in 50 sec: uccisa a padellate e congelata #femminicidio","Peter Wallner, uno chef disoccupato, è stato condannato all’ergastolo per l’omicidio di...",NA,"2024-02-27T01:04:17Z","Crafted Mind","UCEa5HWNtz5u8-VQWreJOOpg","24","PT53S","429","8","0","it"
"E_BcAP3PA7E","Triplice femminicidio di prati intervengo in tv sulla nuova perizia psichiatrica #perte #neiperte","",NA,"2025-05-22T19:17:01Z","Avvocato Luigi Piersimoni","UCtPNQqm_HnddCOWTWDNK4-A","22","PT1M16S","1304","4","0",NA
"wXqsMqzMPbc","DDL ""FEMMINICIDIO"". IL GOVERNO PIEGA IL DIRITTO ALL'IDEOLOGIA.","Il Governo straccia la Costituzione? Il ministro delle Pari Opportunità vuole che la vita degli uomini valga meno di quella delle donne? La solita pioggia di soldi per le associazioni femministe? Si dibatte ad ogni livello dell'iniziativa repressiva del Governo Meloni e del suo impatto sull'intero sistema sociale e giudiziario italiano. Analizziamo la nuova proposta del governo di istituire il reato di ""femminicidio"" insieme a Fabio Nestola, Direttore del Centro Studi Associati di Roma e autore de ""LaFionda.com"", e l'Avv. Angelo Pisani, creatore del servizio 1523 per l'assistenza agli uomini vittime di violenza.
Conduce Sara Miriam Fantoni.

Sostieni il nostro lavoro: https://donorbox.org/sostieni-la-fionda

REFERENZE:
Sito: https://www.lafionda.com
Telegram: https://t.me/la_fionda
X: @lafionda_com
Facebook: https://www.facebook.com/lafiondacom

#femminicidio #disegnodilegge #governo #discriminazione #costituzione","nuova legge sul femminicidio;codice rosso;festa della donna;roccella;piantedosi;casellati;bernini;nordio;meloni;governo;presidenza del consiglio;servilismo;femminismo;femminista;femministe;industria dell'antiviolenza;interessi;denaro;centri antiviolenza;repressione;inasprimenti;discriminazione antimaschile;colpevolizzazione maschile;legge;diritti;costituzione;processo penale;condanna;avvocati;giudici;presunta vittima;presunto colpevole;presunzione d'innocenza;live;diretta","2025-03-21T08:57:16Z","La Fionda","UCdFKMcwNd-Ro_MMDOyWUeIg","25","PT50M1S","1593","185","31","it"
"8ud18UT-qf4","Cristiano Malgioglio : no al femminicidio / ultimo dell'anno capodanno 2025","Cristiano Malgioglio all'ultimo dell'anno ci dice la sua sulla violenza sulle donne. No al femminicidio. 
#cristianomalgioglio #adoro #malgy #malgioglio #capodanno #2025 #nofemminicidio #noallaviolenzasulledonne #noallaviolenza #ultimodellanno","malgioglio;cristiano Malgioglio;no alla violenza sulle donne;capodanno;2025","2025-02-12T03:57:10Z","Cristiano Malgioglio reels & stories","UCYc9FcHOyU-1G4JXe0O5QKQ","22","PT47S","1776","77","5",NA
"S_fpeo3U_TA","La Spezia, trovata turista morta in albergo: ipotesi femminicidio #cronacanera #femminicidio #news","",NA,"2023-12-08T12:47:55Z","Clicknews2023","UCquU3BiGE37xcYbzqnrAaiw","22","PT12S","15442","110","5",NA
"fX2QibU2imc","Femminicidio  Nuove Leggi Italiane per Proteggere le Donne","🚀 Amici, unitevi a PoliticaVox! 🚀

Se la politica, l’attualità e le analisi profonde sono il tuo pane quotidiano, questo è il posto che fa per te! 🌍✨

👉 Segui le nostre storie e preparati a vivere avventure epiche con PirataRB e i suoi LIVE GAMING, dove ogni ""virata"" è una sorpresa e ogni momento è un’emozione! 🏴‍☠️🎮
Con il suo grido iconico: “BUON VENTO, CIURMA!!!!” ⚓, ti sentirai parte di un equipaggio pronto a navigare verso nuove scoperte!

💬 Lascia un commento, condividi le tue idee e dacci una mano a migliorare! La tua opinione è il vento nelle nostre vele, e insieme possiamo raggiungere traguardi incredibili! 🌟

👉 Non perderti nulla! Segui, interagisci e unisciti alla ciurma di PoliticaVox! 🚀✨

BUON VENTO E CI VEDIAMO A BORDO! ⚓🌊

👉 Non ti dimenticare di seguirmi, lascia un commento e darmi delle dritte! La tua opinione è importante, e insieme possiamo migliorare sempre di più!

E per chi vuole spingersi oltre, salta a bordo nei nostri blog partner:
🌌 
La Distorsione Temporale https://ladistorsionetemporale.altervista.org/
Medium: https://medium.com/@piratarb2000
Blogger: https://specchiodeltempo.blogspot.com/
Dove il tempo si piega e le idee volano!
💬 Ti aspetto nei commenti, ciurma! Pronti a salpare? 🌊

Se ti piace il nostro lavoro e vuoi aiutarci a crescere, puoi sostenerci con una piccola donazione... anche solo il costo di un caffè! ☕   
Paypal:
https://paypal.me/robertopoliticavox?country.x=IT&locale.x=it_IT

🛳️ Amici della ciurma, ho creato una lista speciale su Amazon per tutti gli appassionati di misteri marittimi! 🌊
📚 Libri, decorazioni e modellini ti aspettano per immergerti nel mondo dei relitti.
👉 Dai un’occhiata qui: Dai un'occhiata alla lista Esplorazioni Marittime e Relitti Famosi"" da politicavox https://www.amazon.it/shop/politicavox/list/O22I12VYLF48?ref_=cm_sw_r_apann_aipsflist_C43KSMJ2B1S8YCD1WKR2&language=en_US","#politicavox;#giorgiameloni;#5stelle;#governo;#conte;#crisidigoverno;#governance #diritticittadini #prioritàcittadini;#draghi;#benesserepubblico","2025-05-11T11:45:03Z","Politicavox & Pirata RB","UC_8odreD20q51nfBklSrC3Q","25","PT15S","5992","208","1","it"
"GLGrW_YTdc4","GIULIA ❤ #stopviolence #noviolenzasulledonne #femminicidio #omicidi","",NA,"2023-11-25T21:36:34Z","È STORY CHANNEL (ALE E MAT)","UCVeovOajXV3dd5FP1d1G65w","22","PT1M1S","181","12","0",NA
"LyVlucJR8UA","Emergenza femminicidi?🚨","",NA,"2025-04-04T07:50:26Z","Matteo Gracis","UCBMubZ2Chh6Um07zzsCwzjA","24","PT1M4S","24674","2859","208",NA
"spACJ7AAFFQ","stop al femminicidio 😭😡","",NA,"2023-12-05T19:18:03Z","La_fantasmina","UCWgUoWg-xW7Huk48hJY3PQg","22","PT8S","5470","266","40",NA
"zz15BQYRzmQ","Femminicidio Shock a Via San Giovanni Bosco - La Storia di Teresa","Benvenuti su Flash News Italia! In questo video ti aggiorniamo sulle ultime notizie e i fatti più importanti del giorno. Rimani sempre informato su cronaca, politica, economia, sport, tecnologia e cultura, con approfondimenti e analisi per comprendere al meglio la realtà che ci circonda.

🔔 Non dimenticare di iscriverti al canale e attivare la campanella per ricevere le notifiche dei nuovi video!

👍 Se il video ti è piaciuto, lascia un like e condividilo con chi potrebbe essere interessato.

💬 Commenta qui sotto per farci sapere la tua opinione e partecipa alla conversazione!


Grazie per il tuo supporto e per aver scelto Flash News Italia per rimanere sempre informato!""","notizie italia;notizie oggi;flash news;cronaca italiana;ultime notizie;politica italiana;economia;breaking news;attualità;notizie di oggi;aggiornamenti quotidiani;news italia;approfondimenti;notizie in tempo reale;attualità italiana;giornali italiani;cronaca nera;notizie internazionali;notizie di cronaca;canale news;informazione;news 24;tg online;fatti del giorno;flash news italia;femminicidio;coltello;omicidio","2025-04-16T20:50:59Z","flash news italia","UCtUW44lrI3ONX9lVJrHuGzw","25","PT1M46S","12","0","0","it"
"T5sPSgNXSr4","Perché esiste il femminicidio? La riflessione di Raffaele Morelli","",NA,"2025-03-17T20:47:22Z","Rinascita Interiore","UCYfi3wveqgWgrwelOjLQDNA","22","PT47S","1879",NA,"3",NA
"-eg_f9qR-4U","Ho scritto un articolo su Mark Samson e il FEMMINICIDIO di Ilaria Sula","Mark Samson, all'apparenza ragazzo gentile e sorridente, ha ucciso la sua ex fidanzata, Ilaria Sula, con una violenza davvero orribile, aiutato dalla madre Nors Manlapaz. In questo video leggo un testo scritto per cercare di esplorare il grande mistero del male che questa vicenda, ancora una volta, ci sbatte in faccia ...

ps La confessione della madre è arrivata a video già realizzato.

00:00 intro
01:25 lettura dell'articolo","mark samson;ilaria sula;Nors Manlapaz;femminicidio;scrittore;scrittura;attualità;cronaca;cronaca nera;la sapienza;scrittura creativa;omicidio;violenza di genere;ultime notizie;cronaca italiana;notizie italia;consigli di scrittura;non una di meno;notizie di cronaca","2025-04-07T18:30:06Z","Giacomo Meingati ","UCAgetEHruuAlu_5D4Icdigw","22","PT17M19S","757","29","9",NA
"xtQLNS3HZJU","🎙️ Raffaele Morelli ci offre una riflessione importante sul femminicidio","🎙️ Raffaele Morelli ci offre una riflessione importante sul femminicidio, un termine che si riferisce all'uccisione di una donna a causa del suo genere. Secondo Morelli, il femminicidio è il frutto di una distorsione profonda nelle relazioni tra uomo e donna, dove l'ossessione del controllo e del possesso si trasforma in violenza. È una tragedia che nasce da una fragilità emotiva maschile, che si manifesta quando l'uomo non riesce a gestire il proprio senso di fallimento o di impotenza nelle relazioni. Morelli sottolinea l'importanza di educare a una cultura del rispetto, dell'ascolto e dell'equilibrio emotivo per prevenire questa forma estrema di violenza.

#RaffaeleMorelli #Femminicidio #ViolenzaDiGenere #Rispetto #CulturaDelRispetto #RelazioniSane #EducazioneEmotiva #Consapevolezza #Prevenzione #CrescitaPersonale #Focus30","FOCUS 3.0 IL MISTERO DELLA VITA","2024-09-25T11:45:16Z","Focus 3.0 il Mistero della Vita","UCc8DWOGKJ0pb3EPYOfqLbQg","24","PT39S","6048","332","15","it"
"3VykLjOxjnw","#femminicidio","",NA,"2025-04-23T17:54:27Z","presidente Gueltzhy investigativo mondiale  👑 ","UCMVI7jT0qnL-uD2eXDtUIiw","22","PT1M","6","0","5",NA
"XJs0Pz3W2H4","Il femminicidio diventa reato: la nuova legge","Contatti: katiaboni.com",NA,"2025-03-09T18:59:26Z","Katia Boni","UC4rmCWANxtVRYgZAgwH_aeA","22","PT3M46S","204","11","9","it"
"qSZ5VjFOYks","Il Sindaco Colangelo: ""Una #fiaccolata per #Celeste a #SanSevero "" #StopFemminicidi  #Femminicidio 💔","La Sindaca di San Severo dopo la tragedia di Celeste:
""Stop femminicidi, ci stringiamo attorno alle famiglie colpite, cordoglio e solidarietà ai cinque figli.""
Martedì 22 ottobre 2024 fiaccolata in ricordo della vittima.
(Comune di San Severo, Dr. Princigallo)

#StopFemminicidi #SanSevero #Giustizia #ViciniAlleFamiglie 💔🙏",NA,"2024-10-18T19:31:34Z","InsideCapitanataTV","UCxPoNycyVyHCIdL9PyxLX6A","22","PT59S","406","0","2",NA
"jZBfQbsX4uw","Donna trovata morta a Spoleto: sospetto femminicidio. #notizia #news #viral557 ¿","",NA,"2025-03-26T13:07:09Z","Viral557","UCWmpYf7zGrTpz8ooFCJ10tA","22","PT47S","433","4","0","ar"
"okGl6vydLwk","#patriarcato #islam #donne #noallaviolenzasulledonne #femminicidio #sinistra","",NA,"2023-12-05T13:44:57Z","efe bal","UC9-a8o0qhd7kR3klvYyJG1A","22","PT13S","17933","1096","49",NA
"pVcX2AO84O8","femminicidio #femminicidio  #musica #canzoneitaliana #musicaitaliana #music #canzone #blues #canzoni","femminicidio è un grave problema sociale che colpisce le donne di ogni età, origine e condizione. Si tratta di un atto di violenza di genere che si manifesta con l'uccisione di una donna da parte di un uomo, spesso il suo partner o ex, per motivi legati al possesso, al controllo o al rifiuto",NA,"2024-01-21T20:28:17Z","OPS music production","UC5CSszc5YWPmP0IbJP7LeGw","22","PT39S","725","14","0",NA
"kx0IAyyuoW0","💔 FEMMINICIDIO A SAMARATE: MARITO ATTENDE LA MOGLIE E LA UCCIDE DAVANTI AI SUOCERI","💔 FEMMINICIDIO A SAMARATE: MARITO ATTENDE LA MOGLIE E LA UCCIDE DAVANTI AI SUOCERI

🔥 BIG GOSSIP – Il tuo punto di riferimento per le notizie più scottanti del momento! 🔥

Se ami il gossip, le curiosità sulle celebrità e le ultime news dal mondo dello spettacolo, sei nel posto giusto! Ogni giorno ti portiamo aggiornamenti esclusivi, scandali, storie incredibili e approfondimenti sui VIP nazionali e internazionali.

Non perderti i nostri video ricchi di dettagli e colpi di scena! Iscriviti al canale e attiva la campanella 🔔 per rimanere sempre aggiornato!

📌 Seguici per scoprire:
✅ Pettegolezzi e rumors sulle star
✅ Notizie fresche dal mondo dello spettacolo
✅ Retroscena inediti e curiosità sulle celebrità
✅ Aggiornamenti su scandali, eventi e relazioni VIP

🔗 Seguici sui social per ancora più gossip!

📢 Lascia un like 👍, commenta e condividi i nostri video per supportare il canale!

#Gossip #Notizie #Celebrità #Vip #Scandali #BigGossip #Showbiz #UltimeNews #Hollywood #Famosi","News;Trending;Viral;Scandali;UltimeNotizie;Scoop;SerieTV;TalkShow;Dramma;ScoopEsclusivi;GossipItalia;TVNews;Intrattenimento;HotNews;StarGossip;femminicidio;femminicidio a samarate;violenza contro le donne;violenza;davanti ai suoceri;big gossip;accoltellata;omicidio;shock;ultim'ora;sucidio;carcere","2025-04-17T18:57:01Z","BIG GOSSIP","UCJj1Ddreu20FXCOo5tYpIzw","24","PT2M1S","10","2","1","it"
"nsj-K9zZGTc","#femminicidio","",NA,"2024-01-26T19:09:48Z","presidente Gueltzhy investigativo mondiale  👑 ","UCMVI7jT0qnL-uD2eXDtUIiw","22","PT1M1S","2","0","20",NA
"LD7zQGKGvKA","Prima uccide, poi si getta dal Duomo #psichiatria #femminicidio #giustizia #carcere","Emanuele De Maria uccide una prostituta, ma la condanna è mite: 14 anni, poi ridotti a 12 per ""buona condotta"". Poi, ""misteriosamente"", uccide la collega compagna e ferisce gravemente un altro collega, e infine si lancia giù dal Duomo di Milano, cadendo a pochissima distanza da un ragazzino.
Quando si porrà termine a questa ideologia che protegge i carnefici e disprezza le vittime (e i loro parenti)? Quando finirà il buonismo-omicida che, a partire dai lontani anni '70, fornisce anche ai più pericolosi psicopatici una concreta ""licenza di uccidere""? E quando la psichiatria riuscirà ad emanciparsi dalla deleteria corrente ideologica che crea sfilze infinite di omicidi (e femminicidi) annunciati?

Seguimi sul canale YouTube INTELLIGENZA NATURALE:
https://www.youtube.com/channel/UC3gFBuRXZW9N4bcnBd0FHHQ?sub_confirmation=1",NA,"2025-05-12T16:15:10Z","Un filosofo senza padroni (Intelligenza Naturale)","UC3gFBuRXZW9N4bcnBd0FHHQ","24","PT1M","1564",NA,"7","it"
"bwmWJhI71Gs","Femminicidio a Venaria Reale Il Tragico Destino di Cinzia Daries e il Suicidio di Pietro Quartuccio","Femminicidio a Venaria Reale, alle porte di Torino: Cinzia Daries, 51 anni, è stata uccisa dal marito Pietro Quartuccio, 56 anni, che ha tentato di suicidarsi assumendo una dose elevata di psicofarmaci. Le indagini sono iniziate dopo che la sorella di Quartuccio ha contattato i servizi d’emergenza non riuscendo a mettersi in contatto con lui.",NA,"2025-02-10T14:00:49Z","TV Española LAD 24 horas","UCW0StNSHWBE1_0Hlsao04iQ","25","PT1M45S","5","0",NA,"it"
"dkkTWMkVaLY","Giustizia per Ilaria e per tutte le vittime di femminicidio! 🕊️❤️‍🩹","",NA,"2025-04-02T12:09:44Z","Marco Ballarini","UCapw4Ht0sCdVSlG_ZFzLz0g","17","PT40S","1776","23","5",NA
"duJXegO1R9U","🔍 Femminicidio e educazione sentimentale: l'opinione di Umberto Galimberti. lascia un commento.","🔍 Femminicidio e educazione sentimentale: l'opinione di Umberto Galimberti.

Secondo Umberto Galimberti, il femminicidio non è solo un crimine di violenza fisica, ma anche il risultato di un'educazione sentimentale distorta, che non insegna la parità, il rispetto e la comprensione reciproca tra i sessi. 💔

Galimberti sottolinea come la cultura patriarcale, ancora radicata nella nostra società, alimenti atteggiamenti possessivi e la convinzione che l'altro, in particolare la donna, debba essere posseduto, controllato e soggiogato. L'educazione sentimentale, secondo lui, dovrebbe insegnare la bellezza dell'incontro tra esseri umani come un atto di rispetto, amore e libertà, non di dominio.

👉 L'importanza di un'educazione emotiva e relazionale che rompa questi schemi, promuovendo il rispetto e l’uguaglianza, è fondamentale per prevenire tragedie come il femminicidio.

Cosa ne pensate? È davvero l'educazione sentimentale a fare la differenza?

#Femminicidio #UmbertoGalimberti #EducazioneSentimentale #Rispetto #Libertà #ViolenzaSulleDonne #CulturaDelRispetto #Prevenzione #CrescitaEmotiva #RispettoReciproco #CulturaEgualitaria #Consapevolezza","FOCUS 3.0 IL MISTERO DELLA VITA","2024-12-26T12:22:06Z","Focus 3.0 il Mistero della Vita","UCc8DWOGKJ0pb3EPYOfqLbQg","24","PT1M18S","11372","571","12","it"
"xSFUutVFZEk","Uccisa dal marito, Tatiane Spitzner! #crime #femminicidio #criminal #viral #foryou #fyp #shorts #fyp","Uccisa dal marito, Tatiane Spitzner! #crime #femminicidio #criminal #viral #foryou #fyp #shorts #fyp",NA,"2024-01-01T21:41:30Z","Nel Crimine con me. “Into the crime”","UCCW8LTgSkXVwgI6EBOxd0Sw","24","PT1M1S","2543","15","0","it"
"WSCxiPGUPEQ","Femminicidio a Venaria Reale donna di 51 anni uccisa dal marito in un drammatico episodio di violen","Femminicidio a Venaria Reale: una donna di 51 anni uccisa dal marito, che ha tentato il suicidio. Le indagini sono in corso per chiarire le cause di questa tragica violenza domestica.",NA,"2025-02-10T10:15:05Z","TV Española LAD 24 horas","UCW0StNSHWBE1_0Hlsao04iQ","25","PT3M14S","8","0","0","it"
"vi1VIMhdC_s","Battipaglia Femminicidio a Battipaglia  uccise  la  moglie  e  ora  denuncia 16 05 2025","Battipaglia Femminicidio a Battipaglia  uccise  la  moglie  e  ora  denuncia",NA,"2025-05-16T13:19:46Z","Telenuova Plus","UC-jGalRMkr1SVLQ1YGETRsA","24","PT2M14S","55","0","0","it"
"cYB_Z1XqOzk","Uomini fragili, donne spezzate. • #Femminicidio • #StopViolenza • #NonUnaDiMeno • #VoceAlSilenzio","",NA,"2025-04-07T07:14:14Z","Ilsaggiodabar","UCeGF8-GK-H0fhWpaCcPQujQ","22","PT51S","1535","35","2","it"
"xINAuGP9FyM","Femminicidio, a Radio Capri la sorella di Ornella Pinto","L’ennesimo caso di femminicidio, a perdere la vita una ragazza di soli 14 anni. Ne abbiamo parlato con Stefania Pinto, sorella di Ornella vittima di femminicidio, intervenuta durante la trasmissione ‘Point Break’, ideata e condotta da Taisia Raio, e in onda su Radio Capri dal lunedì al venerdì, dalle 14.00 alle 15.00",NA,"2025-05-29T13:16:46Z","RADIOCAPRI","UC1XREv_ssrWB32WZD4GVa-A","22","PT8M50S","25","1","0",NA
"mSI_KEIKOUo","#femminicidio sembrerebbe una minaccia mhm ...mi hanno bloccato i commenti  hanno paura che parlo","",NA,"2023-05-08T08:57:33Z","presidente Gueltzhy investigativo mondiale  👑 ","UCMVI7jT0qnL-uD2eXDtUIiw","22","PT16S","9","0","5",NA
"j8t-Ff_c5CQ","GIULIA CECCHETTIN - il caso di femminicidio che ha sconvolto l’Italia","",NA,"2024-02-28T20:42:15Z","Non spegnere la Luce","UCR0YXBo6BMJsTFu1LMVj6dg","22","PT59S","348","12","1",NA
"o1NntFPgSRI","Il nuovo reato di femminicidio? Un delitto contro la logica","E' pronto per l'iter di approvazione parlamentare il disegno di legge sul femminicidio, per il quale sarà punito con l'ergastolo chi uccide una donna ""in quanto odia la donna"", e analogamente saranno aggravati molti reati contro la persona e la libertà, oltre che riviste varie norme processuali.
Sarà una legge utile?
Qual è l'impostazione ideologica di chi l'ha voluta?
La rivoluzione può tentare sotto apparenza di bene?
Chi sono i veri protettori delle donne?
Quali invece i nemici mascherati?

Ne parliamo con Monica Gibertoni (Monnicraft, https://www.monnicraft.com ) e Ilaria Pisa.

Seguite Radio Spada su:

La nostra libreria: www.edizioniradiospada.com;
Telegram: https://t.me/Radiospada; 
Gloria.tv: https://gloria.tv/Radio%20Spada;
Instagram: https://instagram.com/radiospada; 
Twitter: https://twitter.com/RadioSpada; 
YouTube: https://youtube.com/user/radiospada; 
Facebook: https://facebook.com/radiospadasocial",NA,"2025-03-13T06:19:21Z","Radio Spada","UCq8nX_VOgjqQ2raRdwxLW_w","25","PT1H10M48S","1124","84","22","en-US"
"RTSqIaMHTM8","Giulia, scusami davvero tanto. ❤️‍🔥 #giuliacecchettin #femminicidio #femminicidiostop","",NA,"2023-11-20T12:06:53Z","Simone De Ruggiero","UCqE2DpEIDoE50CI9DYRW98w","24","PT53S","3265","99","1","it"
"DbKOq8evfwk","Melania Rea. Storia di un femminicidio","Incontro nella mostra Criminis di Casale Moferrato del 21 dicembre 2024 tra Armando Palmegiani, autore del libro Melania, e Laura Marinaro giornalista ed autrice del libro Narcisismo Mortale.

🔎@Murdersbynerocrime  è il canale YouTube di neroCrime, il punto di riferimento per la Criminologia, la Cronaca nera e la Psicologia.
✅Tutti i martedì e venerdì un nuovo video.
Rubriche del canale:
➡️La nera Repubblica, un approfondimento sulla storia nera italiana ed il terrorismo condotto da Imma Giuliani
➡️I venerdì neri, un approfondimento sulla cronaca nera a cura di Armando Palmegiani e Valentina Marsella
✅Visita il nostro sito web: https://www.nerocrime.com/
✅Seguici su https://www.facebook.com/neroCrime
✅Seguici su https://www.instagram.com/nerocrime","serial killer;criminologia;criminalistica;investigatori;psicologia;scena del crimine;true crime;murder;terrorismo","2024-12-27T06:30:04Z","Murders by neroCrime","UCpgPT9JsB_NqebV8hSeINbQ","22","PT1H10M26S","568","19","0",NA
"tP2KnGhlXDI","LOCRI - La LOCRIDE Aderisce alla Rete Nazionale contro il Femminicidio (by EL)","LOCRI - La LOCRIDE Aderisce alla Rete Nazionale contro il Femminicidio.
REPORTAGE di Enzo Lacopo © 2026","LOCRIDE aderisce Rete Nazionale Contro Femminicidio;www.lentelocale.it;Enzo Lacopo;www.promovideotv.com;Locri Calling","2025-04-05T20:06:50Z","Enzo Lacopo","UCAB75IRaUYxzt6HeZfki8eg","25","PT27M","127","3","1","it"
"3naa7RGRy-8","Femminicidio a Ciudad Juárez  Un'epidemia  #curiosità #curiosità #bandiera #crime","Femminicidio a Ciudad Juárez  Un'epidemia  #curiosità #curiosità #bandiera #crime",NA,"2025-04-23T16:30:04Z","PRATICO    curiosità & mestieri artigiani","UCT2xTo_gITM5iNQBiO4V9iw","10","PT1M24S","334","1","0","it"
"bQ3Tq40qmqI","Impagnatiello parla ancora! #giuliatramontano #femminicidio #ergastolo #impagnatiello #perte #frasi","",NA,"2024-12-07T16:05:43Z","MISTER BUNGA E LAURA LOVE - Forever - ","UCbjcUbaQbhOzU6fGLfBmhMw","22","PT43S","481","29","5",NA
"bazRiVwDcPs","""SHOCKING: GIOVANE TIKTOKER UCCISA IN DIRETTA! #VALERIATIKTOKER #FEMMINICIDIO""","✅ ISCRIVITI AL CANALE ➡️ @newsflashitalia
💪 SUPPORTA NEWS FLASH ITALIA! ➡️ https://www.buymeacoffee.com/NewsFlashItalia
🔔 ATTIVA LA CAMPANELLA per non perderti nessun video!

✍️ Tutti gli articoli e i contenuti creati nei video sono redatti dal team di News Flash Italia

❗COLLABORAZIONI PUBBLICITARIE❗
Per richieste di collaborazioni pubblicitarie, invia una mail e verrai contattato il prima possibile: motivationalquotesdaybyday@gmail.com

❗IMPORTANTE❗
Se vuoi che il contenuto di questo video venga rimosso, invia una mail con la motivazione a: motivationalquotesdaybyday@gmail.com

🔴 Non perderti gli aggiornamenti più freschi! Segui News Flash Italia per essere sempre informato!

 #cronaca #gossip #notizie #cronacanera #newsflashitalia #cronacaitaliana #politica #economia #gossip #news #youtube #video #vlog #live #life #youtubechannel #memes #viral #lol #trending #newvideo #youtubeislife #subscriber #youtubeguru #youtubecontent #newvideo #subscribers #youtubevideo #youtub #youtuber #youtubevideos #follow #like #news #newvideo #shorts #subscribe #subscriber #tbt #trending #video #viral #youtube #youtubechannel #youtubecommunity #youtubecontent #youtubeguru #yout","Tiktoker;uccisa;pistola;diretta;social;influencer;violenza;Messico;indagini;tragedia;Valeria Tiktoker;Valeria Márquez;modella;arma da fuoco;TikTok;aggressore;motivazioni;femminicidio;autorità;Zapopan;Guadalajara;Jalisco;salone di bellezza;video;indignazione;utenti;film cruento;commozione;sicurezza","2025-05-16T19:48:56Z","News Flash Italia","UCp_Xjj_BQRFTzRAtWFBRWtw","22","PT51S","2560","21","2","it"
"Dfjs4ZH1oFM","Orfani si femminicidio. Giovanna ha visto morire a Pasqua la nonna e la mamma","Ho cominciato ad accogliere le testimonianze degli orfani di femminicidio. È un viaggio che fa male e bene insieme. La prima storia che ho ascoltato è quella di Giovanna.

Pasqua 1985.

Giovanna ha cinque anni e mezzo. Davanti ai suoi occhi, in un attimo, la nonna e la mamma Rosalba vengono uccise.
Lampeggianti ogni sera. Una casa sotto assedio per colpa di un uomo incapace di amare.

Poi, l'adozione. Due genitori che le hanno salvato la vita e insegnato a non odiare. Sentirle dire che la vita è bella, che si può rinascere, che si possono prendere cinque lauree e diventare psicologhe mi ha fatto pensare che sì, Pasqua è proprio questo: morte e resurrezione.

Si muore però a causa della mano di uomini che non distinguono una donna da una preda. E si rinasce grazie a uomini e donne che sanno amare.
Gli uomini violenti non sono ""mostri"": sono persone malate del potere vuoto del patriarcato oltre che di una psicopatologia. E ""devono essere curate, non ignorate"".

Perché la violenza contro le donne è una guerra che si combatte in casa, ogni giorno.

Il governo deve fare un passo in avanti sui femminicidi.
Partendo dalla creazione di un tavolo interministeriale permanente al lavoro 24 ore su 7 giorni. Fino a che non si smette di ammazzare le donne ""come fosse niente"". Serve un albo per gli orfani di femminicidio, un registro nazionale per sapere chi sono, di cosa hanno bisogno. 

Oggi questo registro non c'è. Giovanna sta contattando sindaci e politici per crearlo questo albo. Lei dice che ha avuto tutto, dopo avere perso tutto Perché i suoi genitori ""potevano permetterselo"", mi dice. Aggiunge ""e se non fosse stato così?
Rischiavo di essere separata da mio fratello e di finire un una comunità"".

Accogliere queste storie è straziante. Non solo per me che sono padre di un orfano di femminicidio. Sono tante, sono troppe. E al lavoro per fare ""le cose che servono"" ci sono spesso solo le vittime. Aiuterò Giovanna ma abbiamo bisogno del vostro aiuto. 

Perché è dalle verità delle vittime che si parte. Per fare nascere una rivoluzione.

#patriarcato #femminicidio #orfanidifemminicidio
#violenzadigenere #violenzacontroledonne #uominiviolenti
#psicologia #psicologo",NA,"2025-04-20T22:29:36Z","Damiano Rizzi","UCTBpCoQZNjK4iEU8PLn_EAg","22","PT57S","508","3","0",NA
"YwikO1HMh9E","Femminicidio  La lotta delle donne per la libertà #shorts","#femminicidio #violenzadigenere #intelligenzaartificiale #prevenzione #paritàdigenere #dirittiumani #eticadellia #femminismo #cambiamentosociale #giustiziasociale #shorts","femminicidio;violenza di genere;intelligenza artificiale;prevenzione;cambiamento sociale;parità di genere;diritti umani;etica dell'IA;rivoluzione culturale;femminismo;privilegio maschile;emancipazione femminile;cambiamento della società;violenza domestica;tecnologia ed etica;shorts","2024-10-30T18:00:31Z","Tra bit e maschere","UC2mPFOSL9sMUNk-Su7nKQLw","10","PT48S","178","1","0","it"
"KpQR8jdWMzY","#GiustiziaPerGiulia #FilippoTuretta #Sentenza #Femminicidio #Violenza #Cronaca #italia","",NA,"2024-12-03T15:00:12Z","Symo_news","UCGUs7jT4bFAFePxpP09F77w","22","PT1M1S","631","9","1",NA
"TILQGYAJ24I","Femminicidio Ilaria Sula, «Mark le ha mentito, all'università solo un esame».","Femminicidio Ilaria Sula, «Mark le ha mentito, all'università solo un esame». Dopo il delitto ha dormito spesso da un amico
#femminicidio #ilariasula #delitto #cronacanera","Ilaria Sula;femminicidio;le bugie del fidanzato;menzogne","2025-04-11T12:47:43Z","Maria Cristina Torrisi con Interviste e Reportage ","UCcjODA-7Rft7z751BJV2wkw","22","PT11S","1089","2","0",NA
"rO2Ss6g4WCE","Femminicidio: Il senso della vita perduto?","Unisciti a noi per una discussione toccante su femminicidio e riflessioni sulla società.  Graziella, Sara e Ilaria, insieme a Stefano, condividono le loro riflessioni su casi recenti e il loro impatto, sollevando interrogativi cruciali sui valori della nostra società.  Un appello alla riflessione collettiva. #femminicidio #violenzasulledonne #uguaglianzagender #riflessionesociale #valori #italia #dibattito #consapevolezza #giustizia #donne",NA,"2025-04-03T13:55:30Z","(IN)EDITORIALE PRIMA PAGINA E INTERVISTE","UCBhym9ZOCTMoQ85UxLQRCmQ","25","PT23S","870","0","0",NA
"tT-VbCe4oIk","FEMMINICIDIO: la banalità del Male.","",NA,"2024-04-03T13:37:36Z","Non spegnere la Luce","UCR0YXBo6BMJsTFu1LMVj6dg","22","PT53S","134","7","0",NA
"cfjpX_Dfwtg","Strage di Cisterna di Latina: ieri 22 febbraio i funerali #cronacanera #femminicidio #cronacanews","",NA,"2024-02-23T14:17:53Z","Clicknews2023","UCquU3BiGE37xcYbzqnrAaiw","22","PT9S","8478","72","6",NA
"qcQXbSqx4eY","Femminicidio di Iris Setti, condannato all’ergastolo Nweke Chukwuka: la lettura della sentenza","Isolamento diurno e massimo della pena",NA,"2025-03-06T10:20:37Z","IlT Quotidiano","UC_ECQ7g8SDINbJDXg72HaGw","25","PT4M11S","69","1","0",NA
"MTYExHvDYDc","L'assassinio di Nadia Roccia: un femminicidio commesso da due ragazze","Ospite alla trasmissione ""Trovati morti"" condotta da Fabio Camillacci su Cusano Media Play e Canale 122 DTT

Il 14 marzo 1998, a Castelluccio dei Sauri (provincia di Foggia), Nadia Roccia, una ragazza di 19 anni, fu uccisa brutalmente dalle sue due migliori amiche, Anna Maria Botticelli e Maria Filomena Sica. Le due ragazze la strangolarono con una corda e tentarono di simulare un suicidio scrivendo una lettera falsa. L’omicidio emerse grazie alle contraddizioni nelle loro versioni e, poco dopo, le due assassine confessarono. Il movente fu un misto di gelosia, rancore e tensioni accumulate nel tempo.",NA,"2025-04-25T06:28:20Z","Barbara Fabbroni","UCyr70EpZvQb6BIMBYxOHt9A","22","PT47M58S","9910","4","0",NA
"fpE2F0baBiA","FEMMINICIDIO: Una TRADIZIONE ITALIANA.","Femminicidio: il termine stesso dovrebbe farci riflettere profondamente sulla disuguaglianza e sull’odio che alimentano questo crimine. In questo video, esploriamo le radici culturali e sociali del femminicidio e discutiamo le azioni concrete che possiamo intraprendere per fermarlo. Ogni voce conta nella lotta contro la violenza di genere.","femminicidio;giulia cecchetin;giulia;cecchetin;femminicidio italia;femminicidio 2025;satira;femminicidio ilaria sula;ilaria;sula;fanpage;femminicidio una tradizione italiana;una;tradizione;italiana;Death","2025-04-14T13:32:41Z","D4kot4","UCRcJKMbkAB4hPT3g5MtTGnA","20","PT16M48S","675","98","27","it"
"oj1NUGMYg5Y","☠️ FEMMINICIDIO : FERMARLO É IMPERATIVO. NON BASTERANNO LE LEGGI- OCCORRE EDUCAZIONE☠️ #femminicidio","",NA,"2024-01-23T14:34:20Z","EccitaMente","UC45SfbyoPmbPmUzUonQxw-g","27","PT57S","151","11","4",NA
"HxpBajY50rs","Femminicidio a Rufina: una tragedia che scuote la comunità","Questa mattina, la cittadina di Rufina, in provincia di Firenze, è stata scossa da una tragedia che ha avuto al centro una giovane famiglia. Eleonora Guidi, una donna di 34 anni, è stata uccisa presumibilmente  dal suo compagno, Lorenzo Innocenti, di 37 anni che poi ha tentato di togliersi la vita gettandosi dalla finestra ,adesso ricoverato in gravissime condizioni all' ospedale di Careggi trasportato con l'elicottero Pegaso 118 della Regione Toscana. Un dramma che ha colpito la comunità, ma che porta con sé anche una lunga scia di dolore e domande senza risposta.
La vicenda è avvenuta in via Cesare Pavese, in un momento che nessuno avrebbe mai immaginato. Eleonora, madre di un bambino di soli due anni, ha perso la vita in quella che appare come l'ennesima tragedia legata alla violenza di genere, che purtroppo non è un fenomeno isolato.
Sul posto sono intervenuti i Carabinieri del SIS, che stanno ora conducendo le indagini per ricostruire con precisione la dinamica di quanto accaduto. La notizia ha sconvolto anche il sindaco di Rufina, Daniele Venturi, che ha raggiunto il luogo del dramma per portare solidarietà alla comunità.
Questo femminicidio non è solo una notizia che sconvolge una famiglia, ma è un ennesimo, tragico, episodio di violenza che ci interroga sul nostro rapporto con la cultura del rispetto e della convivenza. È fondamentale continuare a sensibilizzare l’opinione pubblica sulla necessità di contrastare la violenza di genere, promuovendo un cambiamento profondo nella nostra società.
Le storie come quella di Eleonora non devono essere dimenticate. La sua morte deve essere un campanello d'allarme per tutti noi: ogni vita spezzata in questo modo è una ferita che colpisce tutti noi , e solo insieme possiamo lottare per un futuro dove simili tragedie non abbiano più spazio.","rufina;italia;toscana;femminicidio;carabinieri","2025-02-08T15:40:12Z","Riccardo Germogli  Il  Fotogiornalista ","UCK8MC_8ysfvtvJh4gZWS6wQ","24","PT2M54S","572","4","0","it"
"AllMtibzIOM","Cosa fare quando nostro figlio si chiude #genitoriefigli #femminicidio #ansia","",NA,"2025-04-15T17:51:43Z","Isabell Ndjeme","UCs1QB06P7feSxVYrnlFLM9g","10","PT1M1S","1443","3","0",NA
"UoTpXPh8RWE","La Tragedia di Apronia: Violenza di Genere nell'Antica Roma #Femminicidio #Giustizia #AnticaRoma","La tragedia di Apronia, giovane romana, illumina l'antica violenza di genere. Sposata a Lucio Giulio, trovò la morte in circostanze oscure, gettando sospetti sul marito. Quest'ultimo, sottoposto a processo, evidenziò le crepe della giustizia romana, incapace di proteggere le donne o punire adeguatamente i colpevoli. La sorte di Lucio Giulio, sfuggito a severe conseguenze per mancanza di prove concrete, sottolinea l'impunità spesso associata al femminicidio. La vicenda di Apronia, oltre a essere una nota dolorosa nella storia, diventa un richiamo alla lotta per la giustizia e l'uguaglianza, ricordandoci le battaglie ancora aperte contro la violenza sulle donne.","shorts;youtubeshorts;youtubeshort;viral;youtubeshortsvideo;youtubeshortvideo;youtubeshortsviral;silvarbrain;top 5;impero romano;antica roma;storia di roma;pax romana;impero romano riassunto;romolo e remo;augusto;imperatore;roma;traiano;marco aurelio;imperatori adottivi;imperatori buoni;adriano;nerva;tito;vespasiano;colosseo;tiberio;caligola;commodo;pantheon;cleopatra;giulio cesare;cartoni morti","2024-02-10T08:19:23Z","Ancient Rome","UCTxLwx-jaTfzZjqgdPsV6Hw","24","PT37S","1497","52","1","it"
"NovvHhyg3pk","Femminicidio a Settala (MI) @news @Shorts @alessandro.corbelli @RaiNews #news","Femminicidio a Settala (MI) ‎⁨@news⁩   ‎⁨@Shorts⁩   ‎⁨@alessandro.corbelli⁩   ‎⁨@RaiNews⁩  @EuropeanCourt @ministerodellagiustizia8728 @amazon @unibo @GovernoItaliano @universitalasapienza7079 @palazzochigi #alessandrocorbelli #news #civiltàegiustizia #digitalnews24 #labambinavenduta #books #veritàegiustiziaperirenepalacino #mattarella #docufilm #femminicidi #settala #milano  #ultimenotizie #primopiano",NA,"2025-05-04T14:35:10Z","Alessandro Corbelli - Digital News 24","UC1mxkFLtwHxT6QIAzJbmmkw","25","PT1M2S","845","3","1","it"
"la_-UbTpPdA","Immagini shock dall’Università la #Sapienza di #Roma #Manifestazione #Femminicidio #Violenza #Ilaria","","sapienza;università;sapienza roma;imbrattato;violenza;deturpare;ilaria sula;femminicidio;manifestazione;manifestazione roma oggi;manifestazione sapienza","2025-04-04T19:33:06Z","peppemanzo","UCaFws_pcla08BubOVoN8FcQ","24","PT49S","1982","51","5",NA
"CuSOhyJf2UA","La misteriosa scomparsa di Cecilia Haddad Cos’è successo davvero? #truecrime #mystery #shorts","Cecília viveva in Australia. 

Una carriera brillante, un futuro davanti. 

Ma un giorno scompare…il suo corpo verra’ ritrovato qualche giorno dopo.

Chi le ha fatto del male? 


#CeciliaHaddad #TrueCrimeItalia #MisteriReali #ColdCase #Femminicidio #CriminiReali #StorieVere #TheDarkSoul #Omicidio #TrueCrimeShorts","#TrueCrimeShorts;#BambiniScomparsi;#ColdCase;#MisteriReali;#TheDarkSoul;#CrimeIrrisolti;#StorieVere;#SparizioniInspiegabili;#CriminiMisteriosi;#ceciliahaddad;#femminicidio","2025-05-22T18:23:27Z","The Dark Soul Mystery","UCNcTtj9JwiBIkyNf7xYRUuw","22","PT23S","830","6","0",NA
"bPUmtCuqzFc","TERESANNA PUGLIESE dice la sua sull'ennesimo caso di femminicidio....","",NA,"2025-04-04T08:06:18Z","Gossip Girls","UCwGM_iZHlsVWUKOMhtbBEOA","22","PT1M","2251","11","0","it"
"kO_KWV0zNfM","#femminicidio","",NA,"2023-07-31T08:13:37Z","presidente Gueltzhy investigativo mondiale  👑 ","UCMVI7jT0qnL-uD2eXDtUIiw","22","PT11S","7","0","2",NA
"FtwrJJ3FICQ","FEMMINICIDIO: 14 anni dopo. Lo sfogo del padre di Melania Rea","FEMMINICIDIO: 14 anni dopo. Lo sfogo del padre di Melania Rea: Parolisi “uccise mia figlia, presto sarà libero”.
#violenzadigenere #violenzasulledonne","Melania rea;Parisi;femminicidio;14 anni dopo;libertà;lo sfogo di un padre","2025-04-20T20:27:11Z","Maria Cristina Torrisi con Interviste e Reportage ","UCcjODA-7Rft7z751BJV2wkw","22","PT10S","3132","13","1",NA
"ErGyqfttvy4","👠👠‼️NO è NO‼️👠👠#violenzasulledonne #femminicidio #condividete #condividi #donne","",NA,"2025-04-04T08:53:18Z","SUNFLOWER","UCx_y9y4A6KgcJTGeXpu8i-A","23","PT41S","532","42","5",NA
"k5IpWIqy3j0","Dos influencers, un Mismo final Trágico #CrimenesEnRedes #feminicidio #valeriamárquez #dramareal","",NA,"2025-05-26T14:32:02Z","PauloHell","UCr-0kfgVsFnPbNU7XhXKgVA","24","PT15S","26986","186","1","zxx"
"tXUlyhOmWxs","#femminicidio #violenzasulledonne #violenzadigenere #bracialettoelettronico","",NA,"2025-05-20T08:06:44Z","Veronica Melara","UCU2pG9-RlBqAZpT3rIEq1HQ","22","PT16S","158","0","0",NA
"2UktAy3RaQo","no violenza sulle donne no femminicidio basta stop 🥹🙏🏻🚫","",NA,"2025-04-05T19:22:04Z","Stefania Marengo","UCqM6lxOIILnCLNAtzP79S6Q","22","PT16S","1503",NA,NA,NA
"c6_daZeIw3Q","Modica: “Non un minuto di silenzio” per le vittime di femminicidio","⏰ISCRIVITI per le rimanere sempre aggiornato sulle Notizie de Il Domani Ibleo
http://www.youtube.com/@ildomaniibleo1649?sub_confirmation=1","modica;ricordo vittime di femminicidio","2025-05-01T08:06:15Z","Il Domani Ibleo","UCQ9xEbQYwqZrUSGh9IysjNg","25","PT9M20S","187","5","0","it"
"EcxW-XxesuE","Garlasco Femminicidio di Chiara Poggi   Caso infinito","Laboratorio di criminologia affronta con l'ausilio dell'avv. Gabriele Colasanti, penalista del foro di Roma, del dott. Enrico Di Palma, esperto di investigazioni criminali e del dott. Fabio Fedeli, psicologo forense e criminologo il caso dell'uccisione di Chiara Poggi a seguito delle nuove indagini avviate dalla procura della Repubblica di Pavia. Conduce il dibattito il dott. Roberto Colasanti, criminologo investigativo e criminalista, creatore del canale a tema criminologico. In questa seconda puntata dedicata al delitto di Garlasco - registrata il 24 aprile 2025 - vengono presi in esame alcuni aspetti legali, investigativi, psicologici e criminologici della vicenda che nonostante la condanna irrevocabile nei confronti di Alberto Stasi, appare lungi dal dirsi definitivamente chiusa.",NA,"2025-04-26T15:54:32Z","Laboratorio di criminologia di Roberto Colasanti","UCBTCmr-4-XegyNvfJr5SWvg","22","PT42M2S","3987","77",NA,NA
"cBh9xlmauhQ","Roma -  Femminicidio e contrasto alla violenza sulle donne (27.05.25)","https://www.pupia.tv - Roma -  Femminicidio e contrasto alla violenza sulle donne
Giustizia - Ufficio di Presidenza
Audizioni sul disegno di legge n. 1433 (Femminicidio e contrasto alla violenza sulle donne)   (27.05.25)","pupia;news;politica;notizie;deputati;camera;senato;governo;Italy;Italia;cronaca","2025-05-27T15:21:16Z","Pupia News","UCQtb4jBS4_HDAZ9tAUuFc6A","25","PT55M14S","130","1","1","it"
"lmVqHdT9c_w","FILIPPO TURETTA INTERROGATO #femminicidio #filippoturetta","",NA,"2023-12-04T08:47:07Z","TIKTOKTRENDING","UCtKruc0_fDCkmhHOGwqNwkQ","22","PT1M1S","11228","259","19",NA
"hk_QKNLy9XY","Diretta con Diego Fusaro. Riparte la narrativa del femminicidio. Trump e i dazi. Burioni premiato","⭐ Liberi di sapere e di far sapere. L'indipendenza è la nostra forza.

❤️ Sostenete qui il nostro gruppo di lavoro:  http://www.filosofico.net/sosteneteci

✅ Abbonatevi al nostro canale youtube: http://www.filosofico.net/youtube

Grazie da tutto il nostro pugnace gruppo di lavoro! Diego Fusaro 

PS. Qui trovate i social su cui sono presente e potete seguirmi: http://www.filosofico.net/social

Qui il nostro negozio: http://www.filosofico.net/negozio",NA,"2025-04-08T13:36:57Z","Diego Fusaro","UCLfQVw8Opp0ZcOHbcbY_4CQ","24","PT14M5S","392","31","14",NA
"TCve6fg-wQE","¡VALERIA MÁRQUEZ Y SU TRÁGICA HISTORIA! #valeriamárquez","Valeria Márquez, influencer de 23 años en Zapopan, Jalisco, fue hallada acribillada en su estética, esto fue presenciado por sus espectadores en TikTok. Su caso sacudió las redes: preguntas sin respuesta, contradicciones y una investigación que muchos consideran lenta. ¿Qué pasó realmente con Valeria?
#justiciaparavaleria #justicia 
#justiciaparavaleria #valeriamarquez #zapopan 
#MéxicoFeminicidios#NiUnaMás#NosFaltaValeria #ValeriaPresente #ExigimosJusticia #InfluencerMexicana","valeriamarquez;caso valeriamarquez;valeriemarquez;#valeriamárquez;valeria marquez;valeria marques;valeria marquez hoy;valeria marquez viva;caso valeria marquez;valeria márquez;amiga valeria marquez;valeria marquez lives;video valeria marquez;valeria marquez video;muere valeria marquez;valeria marquez muere;valeria marquez en vivo;valeria marquez fingio;valeria marquez tiktok;quie es valeria marquez;valeria marquez mexico;lives de valeria marquez;luisr;fyp","2025-05-28T19:30:06Z","JDeJason","UCzd4Azizdbsy9Kh0TkQF-Gg","22","PT19S","14502","102","1","es"
"i6P_gPz4-KQ","BASTA VIOLENZA #viralvideo #violenzasulledonne #amore #amoretossico #femminicidio","",NA,"2025-04-07T07:23:50Z","DynamoOfficial","UC_JtEHoqDTX-WOA-T_61cYA","22","PT42S","1938","16","1",NA
"stu4dvq8IbM","L'UE congela i conti a giornalisti - Il ""femminicidio"" di Afragola e la solfa sul patriarcato","In diretta alle ore 10 una nuova puntata di Caleido con il professor Guido Cappelli.

✅ Sostieni il nostro lavoro con una libera donazione, è indispensabile per aiutarci nella nostra missione:
➡️tramite IBAN: IT95J3608105138275442275456
Causale: Donazione
Intestato a: Francesco Capo
Codice BIC/SWIFT: PPAYITR1XXX
➡️tramite PAYPAL: francescocapo@yahoo.it

🎙️ Nuovo allo streaming o vuoi migliorare? Dai un'occhiata a StreamYard e ottieni uno sconto di $10! 😍 https://streamyard.com/pal/d/5688351131828224",NA,"2025-05-30T21:15:11Z","Francesco Capo","UCz3F1sruOq6LIMEbH_e4n-A","24","PT52M1S","672","117","14","en-US"
"lDkAVMwNq_w","""I figli si partoriscono ogni giorno "" #Cecchettin #femminicidio #violenzasulledonne #valditara","",NA,"2023-11-21T09:09:40Z","Immaginazione_Inchiostrata","UCtzbQzzs_8PCLTcvqRPdj1Q","22","PT57S","189","8","0",NA
"9KJKA17sKro","𝐋𝐮𝐭𝐭𝐨 𝐂𝐢𝐭𝐭𝐚𝐝𝐢𝐧𝐨 𝐚 𝐒𝐚𝐧 𝐒𝐞𝐯𝐞𝐫𝐨 𝐩𝐞𝐫 𝐢𝐥 𝐅𝐞𝐦𝐦𝐢𝐧𝐢𝐜𝐢𝐝𝐢𝐨 𝐝𝐢 𝐂𝐞𝐥𝐞𝐬𝐭𝐞 𝐑𝐢𝐭𝐚 𝐏𝐚𝐥𝐦𝐢𝐞𝐫𝐢","Lutto Cittadino a San Severo per Celeste Rita Palmieri

Oggi, la Città di San Severo ha vissuto un momento di profondo dolore per la tragica scomparsa di Celeste Rita Palmieri, vittima di un femminicidio che ha scosso la comunità. I funerali della signora Palmieri si sono svolti oggi, lunedì 21 ottobre 2024, presso la Chiesa dell’Immacolata, e hanno visto la partecipazione di numerosi concittadini. 🕊️

Celeste, madre di cinque figli, di cui alcuni minorenni, è stata colpita a morte da colpi di arma da fuoco, un gesto che ha lasciato un segno indelebile nella nostra comunità. L'intera Città si è unita nel lutto, esprimendo solidarietà alla famiglia Palmieri in questo momento così difficile. 💔

In segno di rispetto, il Sindaco prof.ssa Lidya Colangelo ha proclamato il lutto cittadino e ordinato l'esposizione della bandiera a mezz'asta a Palazzo Celestini. È stato un momento di riflessione e di forte condanna verso ogni forma di violenza. 🙏

La comunità di San Severo continua a ribadire il suo impegno per la giustizia e la sicurezza, ricordando Celeste con affetto e rispetto. 🕯️

Non dimentichiamo che la violenza contro le donne è inaccettabile. Uniamoci per dire basta!

(Fonte: Comune di San Severo, Dr. Princigallo)

#LuttoCittadino #GiustiziaPerCeleste #Femminicidio #Solidarietà #SanSevero #CelesteRitaPalmieri",NA,"2024-10-21T16:09:57Z","InsideCapitanataTV","UCxPoNycyVyHCIdL9PyxLX6A","22","PT5M15S","110","2","5",NA
"dfD1_fZbWC4","Roma - Femminicidio e contrasto alla violenza sulle donne (29.05.25)","https://www.pupia.tv - Roma - Femminicidio e contrasto alla violenza sulle donne
Giustizia - Ufficio di Presidenza
Audizioni sul disegno di legge n. 1433 (Femminicidio e contrasto alla violenza sulle donne) (29.05.25)","pupia;news;politica;notizie;deputati;camera;senato;governo;Italy;Italia;cronaca","2025-05-29T08:44:41Z","Pupia News","UCQtb4jBS4_HDAZ9tAUuFc6A","25","PT25M28S","19","0","0","it"
"gHPjNXxitBk","Linchan a presunto 4gr3s0r en CDMX | SSC bajo fuego | Macron defiende a Brigitte","📍 En Álvaro Obregón, un presunto feminicida es linchado por vecinos tras ser acusado de asesinato.
🚔 Remueven a altos mandos de la SSC-CDMX por irregularidades en la investigación de un homicidio.
🌏 Emmanuel Macron rompe el silencio tras la viralización de un video de Brigitte Macron en Vietnam.

📺 Mira todos los detalles en nuestro canal 👉 https://www.youtube.com/@digitalnewsqr8334
#Feminicidio #SSC #CDMX #Macron #BrigitteMacron #NoticiasHoy #DigitalNewsQR",NA,"2025-05-27T22:30:08Z","Digital News QR","UCDi8BwUyLYTMuJ0h5d_tRJw","25","PT59S","19","2","3","es-MX"
"8iADs-sXRbw","🔥 Il padre di Alessio Tucci parla dopo il femminicidio di Martina! Confessione choc 😢 #shock","Il papà di Alessio Tucci rompe il silenzio dopo il terribile femminicidio di Martina Carbonaro. Tra dolore e responsabilità, promette giustizia ma assicura: ""Non lo abbandonerò mai"" 💔

Scopri tutta la drammatica confessione in questo video esclusivo!

👉 Rimanete aggiornati su Gossip Flash, tutte le news che contano!

#AlessioTucci #MartinaCarbonaro #Femminicidio #CronacaItaliana #GossipFlash #NotizieShock #Giustizia #Verità #Fanpage #Ultimora","AlessioTucci;MartinaCarbonaro;Femminicidio;CronacaItaliana;GossipFlash;NotizieShock;Giustizia;Verità;Fanpage;Ultimora","2025-05-30T13:26:05Z","GossipFlash","UCRWk51jmxFsG79UtmxLMC1w","25","PT45S","822","4","0",NA
"iulfQzHn-Ow","Femminicidio ad Afragola, la vittima è la 14enne Martina Carbonaro","servizio a cura di Pina Stendardo e Arturo Favella",NA,"2025-05-28T10:29:21Z","GRUPPO EDITORIALE MA.DEF.AR.ES.","UCUW0oMBhsQoIE73NYHvLqGA","22","PT1M2S","35","1","0","it"
"HzInM-CCT8o","Omicidio Afragola,il Padre dell 'assassino 🤦 #omicidioafragola #afragola #martina #femminicidio","",NA,"2025-05-30T09:10:20Z","Gigi Liquori","UCEK8Zm8ZIl0NIf43CtUXLuQ","22","PT37S","2057","71","5",NA
"fSXQuuBlDjc","Femminicidio di Martina Carbonaro il duro commento di Crepet","Riguardo alle future manifestazioni contro la violenza di genere, Crepet ha espresso scetticismo, osservando che le fiaccolate solitamente non portano a cambiamenti sostanziali. Secondo lui, è fondamentale recuperare valori come ascolto e attenzione, piuttosto che accettare passivamente comportamenti violenti come normali. La morte di Martina ha scosso l’opinione pubblica, ma Crepet avverte che senza un cambiamento reale nelle regole e nella cultura sociale, eventi simili continueranno a verificarsi.",NA,"2025-05-29T18:00:42Z","Spettacoli Televisivi","UCEzV4J_PgneS_nfpd8nkDTg","24","PT1M41S","82","0","0","it"
"YUi5f9TB45U","Femminicidio di Martina.","In questo video vi mostro l’intervista ai genitori di Martina, la giovane vittima di femminicidio. Le loro parole sono un toccante racconto di dolore, amore e speranza affinché tragedie come questa non accadano mai più.

🎙️ Un documento importante per comprendere da vicino le conseguenze devastanti della violenza di genere.

👂 Ascoltiamo con rispetto.
📢 Condividi per sensibilizzare.
📞 Numero antiviolenza e stalking 1522 – gratuito, attivo 24 ore su 24

#femminicidio #martina #violenzadigenere #intervista #cronaca #1522",NA,"2025-05-30T14:13:49Z","Peppe Channel","UChsBxgMJDEyFZY4E-o2-t_g","23","PT2M14S","8","1","0","it"
"-_7PTiMby2g","#martinacarbonaro #femminicidio #giustizia #truecrimecommunity #cosaèsuccesso #crime","",NA,"2025-05-28T11:37:52Z","crime with us","UCcdc-rVZCmhG22jtX6TkUFw","27","PT16S","776","13","0","it"
"GqluQ-66jv8","Femminicidio di Martina Carbonaro, 14 anni. #noallaviolenzasulledonne #cronacanera","",NA,"2025-05-29T15:12:42Z","Il.teatrista","UCQypb3QJ73btUfo9m-SdqgA","22","PT1M32S","939","13","0",NA
"sNaWoBQa9Vs","I minuti prima del femminicidio di MartinaCarbonaro. Video TG1 #AlessioTucci #femminicidio #parlami","",NA,"2025-05-29T11:55:08Z","Parlami","UCtGylE8tfgfpiHyf4hLva5A","22","PT34S","0","0","0",NA
"yCFc561aiNQ","#femminicidio #fai rumore con noi #nessun appuntamento","",NA,"2025-05-28T08:32:44Z","presidente Gueltzhy investigativo mondiale  👑 ","UCMVI7jT0qnL-uD2eXDtUIiw","22","PT1M1S","676","5","4",NA
"25_ExFKgsmU","Femminicidio...","",NA,"2025-05-30T19:20:13Z","Il mondo di Cri","UCPXTYdgJuBFTy0vW-iEF1CQ","22","PT43S","956","5","0",NA
"k7DevqU9ZeM","#femminicidio","",NA,"2025-05-29T07:39:02Z","Veronica Melara","UCU2pG9-RlBqAZpT3rIEq1HQ","22","PT16S","411","6","1",NA
"muM0gM8YwBA","""Basta femminicidi"" , Femminicidio Martina Carbonaro , uccisa dall' ex' a14","",NA,"2025-05-28T14:00:55Z","Tara Stella Vlogs","UCDw8Wuz6YcoseTNLTMzupGA","22","PT1M46S","786","8","0",NA
"DUEMHz-Sajw","DE LUCA SCATENA LA BUFERA: Le sue parole sul Femminicidio dividono l'Italia!","DE LUCA SCATENA LA BUFERA: Le sue parole sul Femminicidio dividono l'Italia!",NA,"2025-05-30T09:55:03Z","Le Ultime News","UCUMwAzP9VtJE_uChANxZWEg","25","PT2M2S","35","1","1","it"
"QOQB28ps5-I","Afragola, genitori di Martina Carbonaro ricevuti dl Presidente Commissione Parlamentare Femminicidio","Afragola, il genitori di Martina Carbonaro in Municipio ricevuti dal Presidente della Commissione Parlamentare di inchiesta sul femminicidio, il Prefetto di Napoli e il Sindaco","Afragola;Genitori Martina Carbonaro;Martina Carbonaro;Femminicidio;Mamma Martina Carbonaro;Padre Martina Carbonaro;Cronaca","2025-05-30T15:12:57Z","La Bussola TV","UCHyCygWIY-KYSGyCLiQn8WQ","25","PT7M20S","6","0","0",NA
